id,category,group,title,priority,roles,environment,preconditions,steps,expected,invariants,variants,sources,test_refs,oracle_status,status,blocked_reason,owner,actual,evidence_level,evidence,issue,run_at,candidate
SG-AUTH-001,independent,AUTH,Google đã xác thực,P0,"guest, customer A/B, staff",BROWSER_LOCAL,Google test identities A/B; clock cố định; MFA fixture riêng; không dùng production account.,"Mở One Tap
đăng nhập identity Google email_verified=true
mở account","Phiên đúng UID, dữ liệu của UID hiện hành; không tạo quyền staff từ email.","Dùng invariant của nhóm và I1–I10 trong README; đối chiếu trước/sau, không chỉ response.","Độc lập: chạy với namespace sạch; biên/multiple variants trong steps phải có result con riêng, mọi variant pass mới PASS case.","src/features/auth/OneTap.tsx
src/features/auth/one-tap-controller.ts
src/features/auth/Security.tsx
src/features/auth/mfa.ts
functions/src/auth/guards.ts","tests/browser/release-studio-complete027.spec.ts
tests/unit/auth-guards.test.ts
tests/unit/bootstrap-owner075.test.mjs
tests/unit/domain.test.ts
tests/unit/one-tap-controller.test.ts
tests/unit/shipping.test.ts
tests/unit/verified-google.test.ts",PROPOSED_TEST_ORACLE_SOURCE_REFERENCED_NOT_EXECUTED,NOT_RUN,,,,NONE,,,,
SG-AUTH-002,independent,AUTH,Sai provider hoặc email chưa xác thực,P0,"guest, customer A/B, staff",EMULATOR,Google test identities A/B; clock cố định; MFA fixture riêng; không dùng production account.,"Gọi requireVerifiedGoogle với missing auth, email_verified=false, provider password
lặp với linked Google nhưng phiên password",Từ chối từng biến thể; liên kết Google không thay thế provider của phiên.,"Dùng invariant của nhóm và I1–I10 trong README; đối chiếu trước/sau, không chỉ response.","Độc lập: chạy với namespace sạch; biên/multiple variants trong steps phải có result con riêng, mọi variant pass mới PASS case.","src/features/auth/OneTap.tsx
src/features/auth/one-tap-controller.ts
src/features/auth/Security.tsx
src/features/auth/mfa.ts
functions/src/auth/guards.ts","tests/browser/release-studio-complete027.spec.ts
tests/unit/auth-guards.test.ts
tests/unit/bootstrap-owner075.test.mjs
tests/unit/domain.test.ts
tests/unit/one-tap-controller.test.ts
tests/unit/shipping.test.ts
tests/unit/verified-google.test.ts",PROPOSED_TEST_ORACLE_SOURCE_REFERENCED_NOT_EXECUTED,NOT_RUN,,,,NONE,,,,
SG-AUTH-003,independent,AUTH,Hủy và lỗi One Tap,P0,"guest, customer A/B, staff",BROWSER_LOCAL,Google test identities A/B; clock cố định; MFA fixture riêng; không dùng production account.,"Mở đăng nhập
hủy popup
giả lập script/network failure
thử lại",Không kẹt busy; thông báo có hành động phục hồi; không giả trạng thái đã đăng nhập.,"Dùng invariant của nhóm và I1–I10 trong README; đối chiếu trước/sau, không chỉ response.","Độc lập: chạy với namespace sạch; biên/multiple variants trong steps phải có result con riêng, mọi variant pass mới PASS case.","src/features/auth/OneTap.tsx
src/features/auth/one-tap-controller.ts
src/features/auth/Security.tsx
src/features/auth/mfa.ts
functions/src/auth/guards.ts","tests/browser/release-studio-complete027.spec.ts
tests/unit/auth-guards.test.ts
tests/unit/bootstrap-owner075.test.mjs
tests/unit/domain.test.ts
tests/unit/one-tap-controller.test.ts
tests/unit/shipping.test.ts
tests/unit/verified-google.test.ts",PROPOSED_TEST_ORACLE_SOURCE_REFERENCED_NOT_EXECUTED,NOT_RUN,,,,NONE,,,,
SG-AUTH-004,independent,AUTH,Đổi account khi request đang chạy,P0,"guest, customer A/B, staff",EMULATOR,Google test identities A/B; clock cố định; MFA fixture riêng; không dùng production account.,"Đăng nhập A
trì hoãn tải orders
đổi sang B
cho response A hoàn tất",Không hiển thị orders/profile/chat A cho B; listener A được hủy.,"Dùng invariant của nhóm và I1–I10 trong README; đối chiếu trước/sau, không chỉ response.","Độc lập: chạy với namespace sạch; biên/multiple variants trong steps phải có result con riêng, mọi variant pass mới PASS case.","src/features/auth/OneTap.tsx
src/features/auth/one-tap-controller.ts
src/features/auth/Security.tsx
src/features/auth/mfa.ts
functions/src/auth/guards.ts","tests/browser/release-studio-complete027.spec.ts
tests/unit/auth-guards.test.ts
tests/unit/bootstrap-owner075.test.mjs
tests/unit/domain.test.ts
tests/unit/one-tap-controller.test.ts
tests/unit/shipping.test.ts
tests/unit/verified-google.test.ts",PROPOSED_TEST_ORACLE_SOURCE_REFERENCED_NOT_EXECUTED,NOT_RUN,,,,NONE,,,,
SG-AUTH-005,independent,AUTH,Biên recentMfa,P0,"guest, customer A/B, staff",EMULATOR,Google test identities A/B; clock cố định; MFA fixture riêng; không dùng production account.,"Kiểm tra auth_time now−299999ms, now−300000ms, now+30000ms, now+30001ms
thử thiếu factor và thời gian không nguyên","Guard chấp nhận đúng biên source; quá 5 phút, quá tolerance tương lai hoặc thiếu factor bị từ chối.","Dùng invariant của nhóm và I1–I10 trong README; đối chiếu trước/sau, không chỉ response.","Độc lập: chạy với namespace sạch; biên/multiple variants trong steps phải có result con riêng, mọi variant pass mới PASS case.","src/features/auth/OneTap.tsx
src/features/auth/one-tap-controller.ts
src/features/auth/Security.tsx
src/features/auth/mfa.ts
functions/src/auth/guards.ts","tests/browser/release-studio-complete027.spec.ts
tests/unit/auth-guards.test.ts
tests/unit/bootstrap-owner075.test.mjs
tests/unit/domain.test.ts
tests/unit/one-tap-controller.test.ts
tests/unit/shipping.test.ts
tests/unit/verified-google.test.ts",PROPOSED_TEST_ORACLE_SOURCE_REFERENCED_NOT_EXECUTED,NOT_RUN,,,,NONE,,,,
SG-AUTH-006,independent,AUTH,Enrollment và hủy MFA,P0,"guest, customer A/B, staff",BROWSER_LOCAL,Google test identities A/B; clock cố định; MFA fixture riêng; không dùng production account.,"Mở Security
bắt đầu TOTP
thử code sai, code đúng và hủy giữa chừng",Chỉ hoàn tất sau verifier xác nhận; không lộ secret trong log/evidence; hủy không báo enabled giả.,"Dùng invariant của nhóm và I1–I10 trong README; đối chiếu trước/sau, không chỉ response.","Độc lập: chạy với namespace sạch; biên/multiple variants trong steps phải có result con riêng, mọi variant pass mới PASS case.","src/features/auth/OneTap.tsx
src/features/auth/one-tap-controller.ts
src/features/auth/Security.tsx
src/features/auth/mfa.ts
functions/src/auth/guards.ts","tests/browser/release-studio-complete027.spec.ts
tests/unit/auth-guards.test.ts
tests/unit/bootstrap-owner075.test.mjs
tests/unit/domain.test.ts
tests/unit/one-tap-controller.test.ts
tests/unit/shipping.test.ts
tests/unit/verified-google.test.ts",PROPOSED_TEST_ORACLE_SOURCE_REFERENCED_NOT_EXECUTED,NOT_RUN,,,,NONE,,,,
SG-AUTH-007,independent,AUTH,Đăng xuất trong tác vụ,P0,"guest, customer A/B, staff",EMULATOR,Google test identities A/B; clock cố định; MFA fixture riêng; không dùng production account.,"Mở modal và private listener
sign out trong lúc save chờ
hoàn tất request cũ",UI riêng tư được xóa; phản hồi cũ không tái dựng private state.,"Dùng invariant của nhóm và I1–I10 trong README; đối chiếu trước/sau, không chỉ response.","Độc lập: chạy với namespace sạch; biên/multiple variants trong steps phải có result con riêng, mọi variant pass mới PASS case.","src/features/auth/OneTap.tsx
src/features/auth/one-tap-controller.ts
src/features/auth/Security.tsx
src/features/auth/mfa.ts
functions/src/auth/guards.ts","tests/browser/release-studio-complete027.spec.ts
tests/unit/auth-guards.test.ts
tests/unit/bootstrap-owner075.test.mjs
tests/unit/domain.test.ts
tests/unit/one-tap-controller.test.ts
tests/unit/shipping.test.ts
tests/unit/verified-google.test.ts",PROPOSED_TEST_ORACLE_SOURCE_REFERENCED_NOT_EXECUTED,NOT_RUN,,,,NONE,,,,
SG-AUTH-008,independent,AUTH,Phiên hết hạn,P0,"guest, customer A/B, staff",BROWSER_LOCAL,Google test identities A/B; clock cố định; MFA fixture riêng; không dùng production account.,"Hết hạn token khi submit
thực hiện lại sau reauth",Yêu cầu đăng nhập lại an toàn; giữ draft phù hợp; không nhân đôi thao tác đã commit.,"Dùng invariant của nhóm và I1–I10 trong README; đối chiếu trước/sau, không chỉ response.","Độc lập: chạy với namespace sạch; biên/multiple variants trong steps phải có result con riêng, mọi variant pass mới PASS case.","src/features/auth/OneTap.tsx
src/features/auth/one-tap-controller.ts
src/features/auth/Security.tsx
src/features/auth/mfa.ts
functions/src/auth/guards.ts","tests/browser/release-studio-complete027.spec.ts
tests/unit/auth-guards.test.ts
tests/unit/bootstrap-owner075.test.mjs
tests/unit/domain.test.ts
tests/unit/one-tap-controller.test.ts
tests/unit/shipping.test.ts
tests/unit/verified-google.test.ts",PROPOSED_TEST_ORACLE_SOURCE_REFERENCED_NOT_EXECUTED,NOT_RUN,,,,NONE,,,,
SG-PUBLIC-001,independent,PUBLIC,Điều hướng public,P1,guest,EMULATOR,"Published/draft/archived products/posts/pages; slug hợp lệ, không tồn tại; 3 trang dữ liệu.","Mở home, products, posts và trang public
mở trực tiếp URL
reload",Route đúng nội dung và canonical; không cần private session để đọc published content.,"Dùng invariant của nhóm và I1–I10 trong README; đối chiếu trước/sau, không chỉ response.","Độc lập: chạy với namespace sạch; biên/multiple variants trong steps phải có result con riêng, mọi variant pass mới PASS case.","src/features/content/Content.tsx
src/app/App.tsx
functions/src/public.ts
src/shared/public-content.ts","tests/browser/release-api.spec.ts
tests/browser/release-ask-timeline063.spec.ts
tests/browser/release-crm-presentation026.spec.ts
tests/rules/catalog-checkout.test.ts
tests/rules/public-products.test.ts
tests/rules/server.test.ts
tests/rules/workspace-version026.test.ts
tests/unit/ask-business-contract026.test.ts",PROPOSED_TEST_ORACLE_SOURCE_REFERENCED_NOT_EXECUTED,NOT_RUN,,,,NONE,,,,
SG-PUBLIC-002,independent,PUBLIC,Không tồn tại và chưa publish,P1,guest,EMULATOR,"Published/draft/archived products/posts/pages; slug hợp lệ, không tồn tại; 3 trang dữ liệu.","Mở slug thiếu, draft và archived
thử public HTTP renderer",Không lộ bản nháp; trạng thái không tìm thấy phù hợp; không trả nội dung của slug khác.,"Dùng invariant của nhóm và I1–I10 trong README; đối chiếu trước/sau, không chỉ response.","Độc lập: chạy với namespace sạch; biên/multiple variants trong steps phải có result con riêng, mọi variant pass mới PASS case.","src/features/content/Content.tsx
src/app/App.tsx
functions/src/public.ts
src/shared/public-content.ts","tests/browser/release-api.spec.ts
tests/browser/release-ask-timeline063.spec.ts
tests/browser/release-crm-presentation026.spec.ts
tests/rules/catalog-checkout.test.ts
tests/rules/public-products.test.ts
tests/rules/server.test.ts
tests/rules/workspace-version026.test.ts
tests/unit/ask-business-contract026.test.ts",PROPOSED_TEST_ORACLE_SOURCE_REFERENCED_NOT_EXECUTED,NOT_RUN,,,,NONE,,,,
SG-PUBLIC-003,independent,PUBLIC,Phân trang danh sách,P1,guest,EMULATOR,"Published/draft/archived products/posts/pages; slug hợp lệ, không tồn tại; 3 trang dữ liệu.","Seed hơn 2 page
next/back
thay filter
xóa item cuối trang",Không trùng/thiếu do cursor; filter mới reset cursor; empty khác error.,"Dùng invariant của nhóm và I1–I10 trong README; đối chiếu trước/sau, không chỉ response.","Độc lập: chạy với namespace sạch; biên/multiple variants trong steps phải có result con riêng, mọi variant pass mới PASS case.","src/features/content/Content.tsx
src/app/App.tsx
functions/src/public.ts
src/shared/public-content.ts","tests/browser/release-api.spec.ts
tests/browser/release-ask-timeline063.spec.ts
tests/browser/release-crm-presentation026.spec.ts
tests/rules/catalog-checkout.test.ts
tests/rules/public-products.test.ts
tests/rules/server.test.ts
tests/rules/workspace-version026.test.ts
tests/unit/ask-business-contract026.test.ts",PROPOSED_TEST_ORACLE_SOURCE_REFERENCED_NOT_EXECUTED,NOT_RUN,,,,NONE,,,,
SG-PUBLIC-004,independent,PUBLIC,Ảnh bị thu hồi,P1,guest,EMULATOR,"Published/draft/archived products/posts/pages; slug hợp lệ, không tồn tại; 3 trang dữ liệu.","Mở published parent/image
unpublish parent
tải lại public image","Recheck publication, không tiếp tục phục vụ media private do URL cũ.","Dùng invariant của nhóm và I1–I10 trong README; đối chiếu trước/sau, không chỉ response.","Độc lập: chạy với namespace sạch; biên/multiple variants trong steps phải có result con riêng, mọi variant pass mới PASS case.","src/features/content/Content.tsx
src/app/App.tsx
functions/src/public.ts
src/shared/public-content.ts","tests/browser/release-api.spec.ts
tests/browser/release-ask-timeline063.spec.ts
tests/browser/release-crm-presentation026.spec.ts
tests/rules/catalog-checkout.test.ts
tests/rules/public-products.test.ts
tests/rules/server.test.ts
tests/rules/workspace-version026.test.ts
tests/unit/ask-business-contract026.test.ts",PROPOSED_TEST_ORACLE_SOURCE_REFERENCED_NOT_EXECUTED,NOT_RUN,,,,NONE,,,,
SG-PUBLIC-005,independent,PUBLIC,HTML và metadata,P1,guest,EMULATOR,"Published/draft/archived products/posts/pages; slug hợp lệ, không tồn tại; 3 trang dữ liệu.","Seed tiêu đề có dấu, quotes và ký tự HTML
đọc server response và hydrated page",Escaping đúng; title/description/link phù hợp entity; không thi hành HTML độc hại.,"Dùng invariant của nhóm và I1–I10 trong README; đối chiếu trước/sau, không chỉ response.","Độc lập: chạy với namespace sạch; biên/multiple variants trong steps phải có result con riêng, mọi variant pass mới PASS case.","src/features/content/Content.tsx
src/app/App.tsx
functions/src/public.ts
src/shared/public-content.ts","tests/browser/release-api.spec.ts
tests/browser/release-ask-timeline063.spec.ts
tests/browser/release-crm-presentation026.spec.ts
tests/rules/catalog-checkout.test.ts
tests/rules/public-products.test.ts
tests/rules/server.test.ts
tests/rules/workspace-version026.test.ts
tests/unit/ask-business-contract026.test.ts",PROPOSED_TEST_ORACLE_SOURCE_REFERENCED_NOT_EXECUTED,NOT_RUN,,,,NONE,,,,
SG-PUBLIC-006,independent,PUBLIC,Sitemap và robots,P1,guest,EMULATOR,"Published/draft/archived products/posts/pages; slug hợp lệ, không tồn tại; 3 trang dữ liệu.","Gọi publicDiscovery cho từng loại được source hỗ trợ
kiểm tra published URLs","Chỉ URL được phép, canonical nhất quán; XML hợp lệ; không suy ra Google đã index.","Dùng invariant của nhóm và I1–I10 trong README; đối chiếu trước/sau, không chỉ response.","Độc lập: chạy với namespace sạch; biên/multiple variants trong steps phải có result con riêng, mọi variant pass mới PASS case.","src/features/content/Content.tsx
src/app/App.tsx
functions/src/public.ts
src/shared/public-content.ts","tests/browser/release-api.spec.ts
tests/browser/release-ask-timeline063.spec.ts
tests/browser/release-crm-presentation026.spec.ts
tests/rules/catalog-checkout.test.ts
tests/rules/public-products.test.ts
tests/rules/server.test.ts
tests/rules/workspace-version026.test.ts
tests/unit/ask-business-contract026.test.ts",PROPOSED_TEST_ORACLE_SOURCE_REFERENCED_NOT_EXECUTED,NOT_RUN,,,,NONE,,,,
SG-PUBLIC-007,independent,PUBLIC,Lỗi public fetch,P1,guest,EMULATOR,"Published/draft/archived products/posts/pages; slug hợp lệ, không tồn tại; 3 trang dữ liệu.","Fail một request danh sách
retry
mở route khác trong lúc chờ",Phân biệt loading/empty/error; response route cũ không thay nội dung route mới.,"Dùng invariant của nhóm và I1–I10 trong README; đối chiếu trước/sau, không chỉ response.","Độc lập: chạy với namespace sạch; biên/multiple variants trong steps phải có result con riêng, mọi variant pass mới PASS case.","src/features/content/Content.tsx
src/app/App.tsx
functions/src/public.ts
src/shared/public-content.ts","tests/browser/release-api.spec.ts
tests/browser/release-ask-timeline063.spec.ts
tests/browser/release-crm-presentation026.spec.ts
tests/rules/catalog-checkout.test.ts
tests/rules/public-products.test.ts
tests/rules/server.test.ts
tests/rules/workspace-version026.test.ts
tests/unit/ask-business-contract026.test.ts",PROPOSED_TEST_ORACLE_SOURCE_REFERENCED_NOT_EXECUTED,NOT_RUN,,,,NONE,,,,
SG-PUBLIC-008,independent,PUBLIC,Fallback app và route lồng,P1,guest,EMULATOR,"Published/draft/archived products/posts/pages; slug hợp lệ, không tồn tại; 3 trang dữ liệu.","Mở deep link account, crm, product checkout và URL lạ qua hosting fixture",App shell/404 đúng cấu hình; không lộ private payload trong public HTML.,"Dùng invariant của nhóm và I1–I10 trong README; đối chiếu trước/sau, không chỉ response.","Độc lập: chạy với namespace sạch; biên/multiple variants trong steps phải có result con riêng, mọi variant pass mới PASS case.","src/features/content/Content.tsx
src/app/App.tsx
functions/src/public.ts
src/shared/public-content.ts","tests/browser/release-api.spec.ts
tests/browser/release-ask-timeline063.spec.ts
tests/browser/release-crm-presentation026.spec.ts
tests/rules/catalog-checkout.test.ts
tests/rules/public-products.test.ts
tests/rules/server.test.ts
tests/rules/workspace-version026.test.ts
tests/unit/ask-business-contract026.test.ts",PROPOSED_TEST_ORACLE_SOURCE_REFERENCED_NOT_EXECUTED,NOT_RUN,,,,NONE,,,,
SG-CAT-001,independent,CAT,Checkout hợp lệ,P0,"customer, CONTENT_EDITOR",EMULATOR,"P1 published/orderable version=1 price=100001 VND options=[S,M]; P2 draft; A/B.","Chọn P1 size M quantity=2
xác nhận catalogCheckout
đọc orders",Snapshot product/version/terms/variant được cố định; finalTotal=200002; purchaseKind=catalog; không cần báo giá custom.,"Dùng invariant của nhóm và I1–I10 trong README; đối chiếu trước/sau, không chỉ response.","Độc lập: chạy với namespace sạch; biên/multiple variants trong steps phải có result con riêng, mọi variant pass mới PASS case.","packages/domain/catalog-checkout.ts
packages/domain/catalog-search.ts
src/features/content/ProductsCatalog.tsx
src/features/ask/CatalogPurchase.tsx
functions/src/catalog-checkout.ts","tests/browser/ask-integration-owned049.ts
tests/browser/fixtures.ts
tests/browser/owned-commerce058.ts
tests/browser/release-catalog-search027.spec.ts
tests/browser/release-crm-keyboard-zoom031.spec.ts
tests/browser/release-crm-ux028.spec.ts
tests/browser/release-package-batch-positive028.spec.ts
tests/rules/biz-hardening.test.ts
tests/rules/catalog-checkout.test.ts
tests/rules/catalog-payments.test.ts
tests/rules/invoices.test.ts
tests/unit/ask-english-tracking061.test.ts
tests/unit/ask-task-frame.test.ts
tests/unit/catalog-checkout.test.ts
tests/unit/catalog-search-cache027.test.ts
tests/unit/catalog-search027.test.ts
tests/unit/invoices.test.ts",PROPOSED_TEST_ORACLE_SOURCE_REFERENCED_NOT_EXECUTED,NOT_RUN,,,,NONE,,,,
SG-CAT-002,independent,CAT,Biên số lượng,P0,"customer, CONTENT_EDITOR",EMULATOR,"P1 published/orderable version=1 price=100001 VND options=[S,M]; P2 draft; A/B.","Checkout quantity=1,100,0,101,1.5
thử null/string",1 và 100 hợp lệ; các giá trị ngoài schema bị từ chối; không tạo order rác.,"Dùng invariant của nhóm và I1–I10 trong README; đối chiếu trước/sau, không chỉ response.","Độc lập: chạy với namespace sạch; biên/multiple variants trong steps phải có result con riêng, mọi variant pass mới PASS case.","packages/domain/catalog-checkout.ts
packages/domain/catalog-search.ts
src/features/content/ProductsCatalog.tsx
src/features/ask/CatalogPurchase.tsx
functions/src/catalog-checkout.ts","tests/browser/ask-integration-owned049.ts
tests/browser/fixtures.ts
tests/browser/owned-commerce058.ts
tests/browser/release-catalog-search027.spec.ts
tests/browser/release-crm-keyboard-zoom031.spec.ts
tests/browser/release-crm-ux028.spec.ts
tests/browser/release-package-batch-positive028.spec.ts
tests/rules/biz-hardening.test.ts
tests/rules/catalog-checkout.test.ts
tests/rules/catalog-payments.test.ts
tests/rules/invoices.test.ts
tests/unit/ask-english-tracking061.test.ts
tests/unit/ask-task-frame.test.ts
tests/unit/catalog-checkout.test.ts
tests/unit/catalog-search-cache027.test.ts
tests/unit/catalog-search027.test.ts
tests/unit/invoices.test.ts",PROPOSED_TEST_ORACLE_SOURCE_REFERENCED_NOT_EXECUTED,NOT_RUN,,,,NONE,,,,
SG-CAT-003,independent,CAT,Variant hợp lệ và giả mạo,P0,"customer, CONTENT_EDITOR",EMULATOR,"P1 published/orderable version=1 price=100001 VND options=[S,M]; P2 draft; A/B.","Gửi S,M,L
dùng product không options rồi gửi variant khác rỗng",Chỉ option công bố hợp lệ; không chấp nhận variant tự do hoặc options thiếu.,"Dùng invariant của nhóm và I1–I10 trong README; đối chiếu trước/sau, không chỉ response.","Độc lập: chạy với namespace sạch; biên/multiple variants trong steps phải có result con riêng, mọi variant pass mới PASS case.","packages/domain/catalog-checkout.ts
packages/domain/catalog-search.ts
src/features/content/ProductsCatalog.tsx
src/features/ask/CatalogPurchase.tsx
functions/src/catalog-checkout.ts","tests/browser/ask-integration-owned049.ts
tests/browser/fixtures.ts
tests/browser/owned-commerce058.ts
tests/browser/release-catalog-search027.spec.ts
tests/browser/release-crm-keyboard-zoom031.spec.ts
tests/browser/release-crm-ux028.spec.ts
tests/browser/release-package-batch-positive028.spec.ts
tests/rules/biz-hardening.test.ts
tests/rules/catalog-checkout.test.ts
tests/rules/catalog-payments.test.ts
tests/rules/invoices.test.ts
tests/unit/ask-english-tracking061.test.ts
tests/unit/ask-task-frame.test.ts
tests/unit/catalog-checkout.test.ts
tests/unit/catalog-search-cache027.test.ts
tests/unit/catalog-search027.test.ts
tests/unit/invoices.test.ts",PROPOSED_TEST_ORACLE_SOURCE_REFERENCED_NOT_EXECUTED,NOT_RUN,,,,NONE,,,,
SG-CAT-004,independent,CAT,Giá và version cũ,P0,"customer, CONTENT_EDITOR",EMULATOR,"P1 published/orderable version=1 price=100001 VND options=[S,M]; P2 draft; A/B.","Giữ checkout v1
editor đổi giá/v2
submit v1
thử sửa listedPrice trong payload",Giá server quyết định; version cũ báo cập nhật; không bán theo giá client tự đặt.,"Dùng invariant của nhóm và I1–I10 trong README; đối chiếu trước/sau, không chỉ response.","Độc lập: chạy với namespace sạch; biên/multiple variants trong steps phải có result con riêng, mọi variant pass mới PASS case.","packages/domain/catalog-checkout.ts
packages/domain/catalog-search.ts
src/features/content/ProductsCatalog.tsx
src/features/ask/CatalogPurchase.tsx
functions/src/catalog-checkout.ts","tests/browser/ask-integration-owned049.ts
tests/browser/fixtures.ts
tests/browser/owned-commerce058.ts
tests/browser/release-catalog-search027.spec.ts
tests/browser/release-crm-keyboard-zoom031.spec.ts
tests/browser/release-crm-ux028.spec.ts
tests/browser/release-package-batch-positive028.spec.ts
tests/rules/biz-hardening.test.ts
tests/rules/catalog-checkout.test.ts
tests/rules/catalog-payments.test.ts
tests/rules/invoices.test.ts
tests/unit/ask-english-tracking061.test.ts
tests/unit/ask-task-frame.test.ts
tests/unit/catalog-checkout.test.ts
tests/unit/catalog-search-cache027.test.ts
tests/unit/catalog-search027.test.ts
tests/unit/invoices.test.ts",PROPOSED_TEST_ORACLE_SOURCE_REFERENCED_NOT_EXECUTED,NOT_RUN,,,,NONE,,,,
SG-CAT-005,independent,CAT,Product không bán được,P0,"customer, CONTENT_EDITOR",EMULATOR,"P1 published/orderable version=1 price=100001 VND options=[S,M]; P2 draft; A/B.","Checkout draft, archived, orderable=false và product thiếu termsVersion","Không tạo catalog order; UI giải thích trạng thái, có đường gửi yêu cầu custom.","Dùng invariant của nhóm và I1–I10 trong README; đối chiếu trước/sau, không chỉ response.","Độc lập: chạy với namespace sạch; biên/multiple variants trong steps phải có result con riêng, mọi variant pass mới PASS case.","packages/domain/catalog-checkout.ts
packages/domain/catalog-search.ts
src/features/content/ProductsCatalog.tsx
src/features/ask/CatalogPurchase.tsx
functions/src/catalog-checkout.ts","tests/browser/ask-integration-owned049.ts
tests/browser/fixtures.ts
tests/browser/owned-commerce058.ts
tests/browser/release-catalog-search027.spec.ts
tests/browser/release-crm-keyboard-zoom031.spec.ts
tests/browser/release-crm-ux028.spec.ts
tests/browser/release-package-batch-positive028.spec.ts
tests/rules/biz-hardening.test.ts
tests/rules/catalog-checkout.test.ts
tests/rules/catalog-payments.test.ts
tests/rules/invoices.test.ts
tests/unit/ask-english-tracking061.test.ts
tests/unit/ask-task-frame.test.ts
tests/unit/catalog-checkout.test.ts
tests/unit/catalog-search-cache027.test.ts
tests/unit/catalog-search027.test.ts
tests/unit/invoices.test.ts",PROPOSED_TEST_ORACLE_SOURCE_REFERENCED_NOT_EXECUTED,NOT_RUN,,,,NONE,,,,
SG-CAT-006,independent,CAT,Retry checkout,P0,"customer, CONTENT_EDITOR",EMULATOR,"P1 published/orderable version=1 price=100001 VND options=[S,M]; P2 draft; A/B.","Gửi cùng operationId và payload 2 lần đồng thời
gửi ID đó với quantity khác",Một order/result; reuse với payload khác bị từ chối; current identity được recheck.,"Dùng invariant của nhóm và I1–I10 trong README; đối chiếu trước/sau, không chỉ response.","Độc lập: chạy với namespace sạch; biên/multiple variants trong steps phải có result con riêng, mọi variant pass mới PASS case.","packages/domain/catalog-checkout.ts
packages/domain/catalog-search.ts
src/features/content/ProductsCatalog.tsx
src/features/ask/CatalogPurchase.tsx
functions/src/catalog-checkout.ts","tests/browser/ask-integration-owned049.ts
tests/browser/fixtures.ts
tests/browser/owned-commerce058.ts
tests/browser/release-catalog-search027.spec.ts
tests/browser/release-crm-keyboard-zoom031.spec.ts
tests/browser/release-crm-ux028.spec.ts
tests/browser/release-package-batch-positive028.spec.ts
tests/rules/biz-hardening.test.ts
tests/rules/catalog-checkout.test.ts
tests/rules/catalog-payments.test.ts
tests/rules/invoices.test.ts
tests/unit/ask-english-tracking061.test.ts
tests/unit/ask-task-frame.test.ts
tests/unit/catalog-checkout.test.ts
tests/unit/catalog-search-cache027.test.ts
tests/unit/catalog-search027.test.ts
tests/unit/invoices.test.ts",PROPOSED_TEST_ORACLE_SOURCE_REFERENCED_NOT_EXECUTED,NOT_RUN,,,,NONE,,,,
SG-CAT-007,independent,CAT,Tìm kiếm và cache,P0,"customer, CONTENT_EDITOR",EMULATOR,"P1 published/orderable version=1 price=100001 VND options=[S,M]; P2 draft; A/B.","Tìm theo tên có dấu/không dấu
đổi market và query nhanh
delay response cũ",Kết quả khớp filter hiện hành; cache có scope; response cũ không ghi đè.,"Dùng invariant của nhóm và I1–I10 trong README; đối chiếu trước/sau, không chỉ response.","Độc lập: chạy với namespace sạch; biên/multiple variants trong steps phải có result con riêng, mọi variant pass mới PASS case.","packages/domain/catalog-checkout.ts
packages/domain/catalog-search.ts
src/features/content/ProductsCatalog.tsx
src/features/ask/CatalogPurchase.tsx
functions/src/catalog-checkout.ts","tests/browser/ask-integration-owned049.ts
tests/browser/fixtures.ts
tests/browser/owned-commerce058.ts
tests/browser/release-catalog-search027.spec.ts
tests/browser/release-crm-keyboard-zoom031.spec.ts
tests/browser/release-crm-ux028.spec.ts
tests/browser/release-package-batch-positive028.spec.ts
tests/rules/biz-hardening.test.ts
tests/rules/catalog-checkout.test.ts
tests/rules/catalog-payments.test.ts
tests/rules/invoices.test.ts
tests/unit/ask-english-tracking061.test.ts
tests/unit/ask-task-frame.test.ts
tests/unit/catalog-checkout.test.ts
tests/unit/catalog-search-cache027.test.ts
tests/unit/catalog-search027.test.ts
tests/unit/invoices.test.ts",PROPOSED_TEST_ORACLE_SOURCE_REFERENCED_NOT_EXECUTED,NOT_RUN,,,,NONE,,,,
SG-CAT-008,independent,CAT,Giới hạn tiền,P0,"customer, CONTENT_EDITOR",EMULATOR,"P1 published/orderable version=1 price=100001 VND options=[S,M]; P2 draft; A/B.","Tính unitPrice×quantity ở sát money max và vượt max
thử số lẻ/âm","Tổng nguyên VND chính xác, không overflow hoặc âm; invalid input không commit.","Dùng invariant của nhóm và I1–I10 trong README; đối chiếu trước/sau, không chỉ response.","Độc lập: chạy với namespace sạch; biên/multiple variants trong steps phải có result con riêng, mọi variant pass mới PASS case.","packages/domain/catalog-checkout.ts
packages/domain/catalog-search.ts
src/features/content/ProductsCatalog.tsx
src/features/ask/CatalogPurchase.tsx
functions/src/catalog-checkout.ts","tests/browser/ask-integration-owned049.ts
tests/browser/fixtures.ts
tests/browser/owned-commerce058.ts
tests/browser/release-catalog-search027.spec.ts
tests/browser/release-crm-keyboard-zoom031.spec.ts
tests/browser/release-crm-ux028.spec.ts
tests/browser/release-package-batch-positive028.spec.ts
tests/rules/biz-hardening.test.ts
tests/rules/catalog-checkout.test.ts
tests/rules/catalog-payments.test.ts
tests/rules/invoices.test.ts
tests/unit/ask-english-tracking061.test.ts
tests/unit/ask-task-frame.test.ts
tests/unit/catalog-checkout.test.ts
tests/unit/catalog-search-cache027.test.ts
tests/unit/catalog-search027.test.ts
tests/unit/invoices.test.ts",PROPOSED_TEST_ORACLE_SOURCE_REFERENCED_NOT_EXECUTED,NOT_RUN,,,,NONE,,,,
SG-CAT-009,independent,CAT,Snapshot sau edit,P0,"customer, CONTENT_EDITOR",EMULATOR,"P1 published/orderable version=1 price=100001 VND options=[S,M]; P2 draft; A/B.","Checkout P1
editor đổi title/terms/price
đọc order và invoice",Order đã tạo giữ snapshot; nội dung public mới không đổi nghĩa vụ khách.,"Dùng invariant của nhóm và I1–I10 trong README; đối chiếu trước/sau, không chỉ response.","Độc lập: chạy với namespace sạch; biên/multiple variants trong steps phải có result con riêng, mọi variant pass mới PASS case.","packages/domain/catalog-checkout.ts
packages/domain/catalog-search.ts
src/features/content/ProductsCatalog.tsx
src/features/ask/CatalogPurchase.tsx
functions/src/catalog-checkout.ts","tests/browser/ask-integration-owned049.ts
tests/browser/fixtures.ts
tests/browser/owned-commerce058.ts
tests/browser/release-catalog-search027.spec.ts
tests/browser/release-crm-keyboard-zoom031.spec.ts
tests/browser/release-crm-ux028.spec.ts
tests/browser/release-package-batch-positive028.spec.ts
tests/rules/biz-hardening.test.ts
tests/rules/catalog-checkout.test.ts
tests/rules/catalog-payments.test.ts
tests/rules/invoices.test.ts
tests/unit/ask-english-tracking061.test.ts
tests/unit/ask-task-frame.test.ts
tests/unit/catalog-checkout.test.ts
tests/unit/catalog-search-cache027.test.ts
tests/unit/catalog-search027.test.ts
tests/unit/invoices.test.ts",PROPOSED_TEST_ORACLE_SOURCE_REFERENCED_NOT_EXECUTED,NOT_RUN,,,,NONE,,,,
SG-REQ-001,independent,REQ,Gửi custom request,P0,customer,EMULATOR,"Custom request A, markets US/JP/KR; items 1–30; hai dòng quantity=[2,3].","Nhập market, item, variant, condition, notes và URL HTTP(S)
submitRequest",Một order REQUESTED purchaseKind=custom ownerId từ auth; quantities được giữ.,"Dùng invariant của nhóm và I1–I10 trong README; đối chiếu trước/sau, không chỉ response.","Độc lập: chạy với namespace sạch; biên/multiple variants trong steps phải có result con riêng, mọi variant pass mới PASS case.","packages/domain/request-input.ts
packages/domain/index.ts
src/features/requests/RequestForm.tsx
functions/src/index.ts
src/features/requests/ProductComposer.tsx
src/features/requests/request-form.css","tests/browser/request083.spec.ts
tests/unit/request-input.test.ts",PROPOSED_TEST_ORACLE_SOURCE_REFERENCED_NOT_EXECUTED,NOT_RUN,,,,NONE,,,,
SG-REQ-002,independent,REQ,Biên items,P0,customer,EMULATOR,"Custom request A, markets US/JP/KR; items 1–30; hai dòng quantity=[2,3].","Gửi 0,1,30,31 items
mỗi item quantity=0,1,100,101",Schema nhận đúng 1–30 dòng và 1–100 quantity; lỗi trỏ đúng input.,"Dùng invariant của nhóm và I1–I10 trong README; đối chiếu trước/sau, không chỉ response.","Độc lập: chạy với namespace sạch; biên/multiple variants trong steps phải có result con riêng, mọi variant pass mới PASS case.","packages/domain/request-input.ts
packages/domain/index.ts
src/features/requests/RequestForm.tsx
functions/src/index.ts
src/features/requests/ProductComposer.tsx
src/features/requests/request-form.css","tests/browser/request083.spec.ts
tests/unit/request-input.test.ts",PROPOSED_TEST_ORACLE_SOURCE_REFERENCED_NOT_EXECUTED,NOT_RUN,,,,NONE,,,,
SG-REQ-003,independent,REQ,Biên chuỗi,P0,customer,EMULATOR,"Custom request A, markets US/JP/KR; items 1–30; hai dòng quantity=[2,3].","Gửi name dài 1/2/200/201 ký tự
notes 2000/2001
whitespace",Trim/name boundaries đúng schema; không silent truncate thay đổi hàng mua.,"Dùng invariant của nhóm và I1–I10 trong README; đối chiếu trước/sau, không chỉ response.","Độc lập: chạy với namespace sạch; biên/multiple variants trong steps phải có result con riêng, mọi variant pass mới PASS case.","packages/domain/request-input.ts
packages/domain/index.ts
src/features/requests/RequestForm.tsx
functions/src/index.ts
src/features/requests/ProductComposer.tsx
src/features/requests/request-form.css","tests/browser/request083.spec.ts
tests/unit/request-input.test.ts",PROPOSED_TEST_ORACLE_SOURCE_REFERENCED_NOT_EXECUTED,NOT_RUN,,,,NONE,,,,
SG-REQ-004,independent,REQ,URL không an toàn,P0,customer,EMULATOR,"Custom request A, markets US/JP/KR; items 1–30; hai dòng quantity=[2,3].","Gửi javascript:, data:, file:, URL sai và HTTP(S) hợp lệ",Chỉ HTTP(S) hợp lệ; không thực thi hoặc fetch URL nguy hiểm.,"Dùng invariant của nhóm và I1–I10 trong README; đối chiếu trước/sau, không chỉ response.","Độc lập: chạy với namespace sạch; biên/multiple variants trong steps phải có result con riêng, mọi variant pass mới PASS case.","packages/domain/request-input.ts
packages/domain/index.ts
src/features/requests/RequestForm.tsx
functions/src/index.ts
src/features/requests/ProductComposer.tsx
src/features/requests/request-form.css","tests/browser/request083.spec.ts
tests/unit/request-input.test.ts",PROPOSED_TEST_ORACLE_SOURCE_REFERENCED_NOT_EXECUTED,NOT_RUN,,,,NONE,,,,
SG-REQ-005,independent,REQ,Giả owner và trường dư,P0,customer,EMULATOR,"Custom request A, markets US/JP/KR; items 1–30; hai dòng quantity=[2,3].","Gửi ownerId=B, stage=COMPLETED hoặc collected trong payload",Strict schema từ chối trường dư; identity/stage/financial fields do server đặt.,"Dùng invariant của nhóm và I1–I10 trong README; đối chiếu trước/sau, không chỉ response.","Độc lập: chạy với namespace sạch; biên/multiple variants trong steps phải có result con riêng, mọi variant pass mới PASS case.","packages/domain/request-input.ts
packages/domain/index.ts
src/features/requests/RequestForm.tsx
functions/src/index.ts
src/features/requests/ProductComposer.tsx
src/features/requests/request-form.css","tests/browser/request083.spec.ts
tests/unit/request-input.test.ts",PROPOSED_TEST_ORACLE_SOURCE_REFERENCED_NOT_EXECUTED,NOT_RUN,,,,NONE,,,,
SG-REQ-006,independent,REQ,Draft và lỗi mạng,P0,customer,EMULATOR,"Custom request A, markets US/JP/KR; items 1–30; hai dòng quantity=[2,3].","Điền nhiều dòng
fail submit trước response
retry bằng operationId cũ",Input không bị xóa do lỗi; không tạo request thứ hai khi response bị mất.,"Dùng invariant của nhóm và I1–I10 trong README; đối chiếu trước/sau, không chỉ response.","Độc lập: chạy với namespace sạch; biên/multiple variants trong steps phải có result con riêng, mọi variant pass mới PASS case.","packages/domain/request-input.ts
packages/domain/index.ts
src/features/requests/RequestForm.tsx
functions/src/index.ts
src/features/requests/ProductComposer.tsx
src/features/requests/request-form.css","tests/browser/request083.spec.ts
tests/unit/request-input.test.ts",PROPOSED_TEST_ORACLE_SOURCE_REFERENCED_NOT_EXECUTED,NOT_RUN,,,,NONE,,,,
SG-REQ-007,independent,REQ,Budget và ngày mong muốn,P0,customer,EMULATOR,"Custom request A, markets US/JP/KR; items 1–30; hai dòng quantity=[2,3].","Thử budget âm/lẻ/vượt money max
desiredAt sai kiểu hoặc không dương",Phù hợp schema; ngày mong muốn không được trình bày như cam kết giao.,"Dùng invariant của nhóm và I1–I10 trong README; đối chiếu trước/sau, không chỉ response.","Độc lập: chạy với namespace sạch; biên/multiple variants trong steps phải có result con riêng, mọi variant pass mới PASS case.","packages/domain/request-input.ts
packages/domain/index.ts
src/features/requests/RequestForm.tsx
functions/src/index.ts
src/features/requests/ProductComposer.tsx
src/features/requests/request-form.css","tests/browser/request083.spec.ts
tests/unit/request-input.test.ts",PROPOSED_TEST_ORACLE_SOURCE_REFERENCED_NOT_EXECUTED,NOT_RUN,,,,NONE,,,,
SG-REQ-008,independent,REQ,Request cùng ID order,P0,customer,EMULATOR,"Custom request A, markets US/JP/KR; items 1–30; hai dòng quantity=[2,3].",Gửi submitRequest vào orderId đã tồn tại với operationId mới,"Không ghi đè request cũ; trả lỗi, giữ nguyên lịch sử và owner.","Dùng invariant của nhóm và I1–I10 trong README; đối chiếu trước/sau, không chỉ response.","Độc lập: chạy với namespace sạch; biên/multiple variants trong steps phải có result con riêng, mọi variant pass mới PASS case.","packages/domain/request-input.ts
packages/domain/index.ts
src/features/requests/RequestForm.tsx
functions/src/index.ts
src/features/requests/ProductComposer.tsx
src/features/requests/request-form.css","tests/browser/request083.spec.ts
tests/unit/request-input.test.ts",PROPOSED_TEST_ORACLE_SOURCE_REFERENCED_NOT_EXECUTED,NOT_RUN,,,,NONE,,,,
SG-REQ-009,independent,REQ,Đặt lại từ đơn cũ,P0,customer,BROWSER_LOCAL,"Fixture request own/B, draft/session storage synthetic, upload fake adapter và network fault; cùng isolation README.","Mở /request?reorder=ownOrder
 thử ID B,ID invalid và đọc bị fail","Chỉ copy own valid items thành draft mới; không rewrite order cũ; failure có đường tạo mới, không lộ B.","Dùng invariant của nhóm và I1–I10 trong README; đối chiếu trước/sau, không chỉ response.","Độc lập: chạy với namespace sạch; biên/multiple variants trong steps phải có result con riêng, mọi variant pass mới PASS case.","packages/domain/request-input.ts
packages/domain/index.ts
src/features/requests/RequestForm.tsx
functions/src/index.ts
src/features/requests/ProductComposer.tsx
src/features/requests/request-form.css","tests/browser/request083.spec.ts
tests/unit/request-input.test.ts",PROPOSED_TEST_ORACLE_SOURCE_REFERENCED_NOT_EXECUTED,NOT_RUN,,,,NONE,,,,
SG-REQ-010,independent,REQ,Prefill cần agency,P0,customer,BROWSER_LOCAL,"Fixture request own/B, draft/session storage synthetic, upload fake adapter và network fault; cùng isolation README.","Đã có draft
 mở /request với name/url/market prefill
 chọn hoặc bỏ Replace draft",Không thay draft đang có trước explicit action; input source được giới hạn; không coi prefill là purchase consent.,"Dùng invariant của nhóm và I1–I10 trong README; đối chiếu trước/sau, không chỉ response.","Độc lập: chạy với namespace sạch; biên/multiple variants trong steps phải có result con riêng, mọi variant pass mới PASS case.","packages/domain/request-input.ts
packages/domain/index.ts
src/features/requests/RequestForm.tsx
functions/src/index.ts
src/features/requests/ProductComposer.tsx
src/features/requests/request-form.css","tests/browser/request083.spec.ts
tests/unit/request-input.test.ts",PROPOSED_TEST_ORACLE_SOURCE_REFERENCED_NOT_EXECUTED,NOT_RUN,,,,NONE,,,,
SG-REQ-011,independent,REQ,CSV import request,P0,customer,BROWSER_LOCAL,"Fixture request own/B, draft/session storage synthetic, upload fake adapter và network fault; cùng isolation README.","Import header name,url,quantity,variant đúng
 thử quote/newline,31 lines,bad header và >50000 chars",Parser nhận tối đa30 items theo schema; lỗi không mất draft; không nhập quantity/URL sai.,"Dùng invariant của nhóm và I1–I10 trong README; đối chiếu trước/sau, không chỉ response.","Độc lập: chạy với namespace sạch; biên/multiple variants trong steps phải có result con riêng, mọi variant pass mới PASS case.","packages/domain/request-input.ts
packages/domain/index.ts
src/features/requests/RequestForm.tsx
functions/src/index.ts
src/features/requests/ProductComposer.tsx
src/features/requests/request-form.css","tests/browser/request083.spec.ts
tests/unit/request-input.test.ts",PROPOSED_TEST_ORACLE_SOURCE_REFERENCED_NOT_EXECUTED,NOT_RUN,,,,NONE,,,,
SG-REQ-012,independent,REQ,Ảnh anonymous qua đăng nhập,P0,customer,BROWSER_LOCAL,"Fixture request own/B, draft/session storage synthetic, upload fake adapter và network fault; cùng isolation README.","Guest thêm synthetic images
 sign in
 submit
 đổi account trước upload chờ hoàn tất",Handoff chỉ trong scope đúng phiên/request; ảnh không leak sang B; upload cần own authoritative order.,"Dùng invariant của nhóm và I1–I10 trong README; đối chiếu trước/sau, không chỉ response.","Độc lập: chạy với namespace sạch; biên/multiple variants trong steps phải có result con riêng, mọi variant pass mới PASS case.","packages/domain/request-input.ts
packages/domain/index.ts
src/features/requests/RequestForm.tsx
functions/src/index.ts
src/features/requests/ProductComposer.tsx
src/features/requests/request-form.css","tests/browser/request083.spec.ts
tests/unit/request-input.test.ts",PROPOSED_TEST_ORACLE_SOURCE_REFERENCED_NOT_EXECUTED,NOT_RUN,,,,NONE,,,,
SG-REQ-013,independent,REQ,Order saved nhưng ảnh lỗi,P0,customer,BROWSER_LOCAL,"Fixture request own/B, draft/session storage synthetic, upload fake adapter và network fault; cùng isolation README.","Submit order thành công
 fail ảnh thứ2/3
 reload
 Continue upload
 mở account order","Một order, chỉ retry ảnh chưa uploaded theo hash/operationId; UI count đúng, không nói toàn bộ ảnh đã tải.","Dùng invariant của nhóm và I1–I10 trong README; đối chiếu trước/sau, không chỉ response.","Độc lập: chạy với namespace sạch; biên/multiple variants trong steps phải có result con riêng, mọi variant pass mới PASS case.","packages/domain/request-input.ts
packages/domain/index.ts
src/features/requests/RequestForm.tsx
functions/src/index.ts
src/features/requests/ProductComposer.tsx
src/features/requests/request-form.css","tests/browser/request083.spec.ts
tests/unit/request-input.test.ts",PROPOSED_TEST_ORACLE_SOURCE_REFERENCED_NOT_EXECUTED,NOT_RUN,,,,NONE,,,,
SG-REQ-014,independent,REQ,Pending session bị corrupt,P0,customer,BROWSER_LOCAL,"Fixture request own/B, draft/session storage synthetic, upload fake adapter và network fault; cùng isolation README.","Set request-pending UID fixture JSON invalid hoặc missing operationId
 reload
 thử submit",PendingUnreadable chặn gửi mới mù; user kiểm tra account trước; không duplicate order.,"Dùng invariant của nhóm và I1–I10 trong README; đối chiếu trước/sau, không chỉ response.","Độc lập: chạy với namespace sạch; biên/multiple variants trong steps phải có result con riêng, mọi variant pass mới PASS case.","packages/domain/request-input.ts
packages/domain/index.ts
src/features/requests/RequestForm.tsx
functions/src/index.ts
src/features/requests/ProductComposer.tsx
src/features/requests/request-form.css","tests/browser/request083.spec.ts
tests/unit/request-input.test.ts",PROPOSED_TEST_ORACLE_SOURCE_REFERENCED_NOT_EXECUTED,NOT_RUN,,,,NONE,,,,
SG-REQ-015,independent,REQ,Draft UID và storage failure,P0,customer,BROWSER_LOCAL,"Fixture request own/B, draft/session storage synthetic, upload fake adapter và network fault; cùng isolation README.","A lưu draft
 B login
 lỗi sessionStorage quota/security
 guest chuyển from=ask","Không lộ draft/private order A; lỗi lưu draft rõ; fallback anonymous cần scope hợp lệ, không overwrite data ngầm.","Dùng invariant của nhóm và I1–I10 trong README; đối chiếu trước/sau, không chỉ response.","Độc lập: chạy với namespace sạch; biên/multiple variants trong steps phải có result con riêng, mọi variant pass mới PASS case.","packages/domain/request-input.ts
packages/domain/index.ts
src/features/requests/RequestForm.tsx
functions/src/index.ts
src/features/requests/ProductComposer.tsx
src/features/requests/request-form.css","tests/browser/request083.spec.ts
tests/unit/request-input.test.ts",PROPOSED_TEST_ORACLE_SOURCE_REFERENCED_NOT_EXECUTED,NOT_RUN,,,,NONE,,,,
SG-REQ-016,independent,REQ,Market và payload frozen,P0,customer,BROWSER_LOCAL,"Fixture request own/B, draft/session storage synthetic, upload fake adapter và network fault; cùng isolation README.","Bắt đầu submit lost-ack hoặc order đã saved
 thử đổi market,items và thêm images",Market/payload đã bound không đổi khi chưa resolve operation; upload recovery không tạo order với market khác.,"Dùng invariant của nhóm và I1–I10 trong README; đối chiếu trước/sau, không chỉ response.","Độc lập: chạy với namespace sạch; biên/multiple variants trong steps phải có result con riêng, mọi variant pass mới PASS case.","packages/domain/request-input.ts
packages/domain/index.ts
src/features/requests/RequestForm.tsx
functions/src/index.ts
src/features/requests/ProductComposer.tsx
src/features/requests/request-form.css","tests/browser/request083.spec.ts
tests/unit/request-input.test.ts",PROPOSED_TEST_ORACLE_SOURCE_REFERENCED_NOT_EXECUTED,NOT_RUN,,,,NONE,,,,
SG-QUOTE-001,independent,QUOTE,Phát hành và nhận báo giá,P0,"OWNER, OPERATIONS_MANAGER, BUYER assigned, customer",EMULATOR,"Custom order REQUESTED, quote total=100001; thời gian cố định; versions 1/2.","issueQuote hợp lệ
customer mở breakdown
acceptQuote current version",Tổng thành phần đúng; quoteVersion/terms/accepted snapshot khớp; deposit=50001.,"Dùng invariant của nhóm và I1–I10 trong README; đối chiếu trước/sau, không chỉ response.","Độc lập: chạy với namespace sạch; biên/multiple variants trong steps phải có result con riêng, mọi variant pass mới PASS case.","packages/domain/index.ts
functions/src/index.ts",,PROPOSED_TEST_ORACLE_SOURCE_REFERENCED_NOT_EXECUTED,NOT_RUN,,,,NONE,,,,
SG-QUOTE-002,independent,QUOTE,FX làm tròn,P0,"OWNER, OPERATIONS_MANAGER, BUYER assigned, customer",EMULATOR,"Custom order REQUESTED, quote total=100001; thời gian cố định; versions 1/2.","convertFx sourceMinor=1 numerator=3 denominator=2
thử denominator=0 và overflow",Kết quả ceil=2; zero/invalid/overflow bị từ chối; không dùng floating drift.,"Dùng invariant của nhóm và I1–I10 trong README; đối chiếu trước/sau, không chỉ response.","Độc lập: chạy với namespace sạch; biên/multiple variants trong steps phải có result con riêng, mọi variant pass mới PASS case.","packages/domain/index.ts
functions/src/index.ts",,PROPOSED_TEST_ORACLE_SOURCE_REFERENCED_NOT_EXECUTED,NOT_RUN,,,,NONE,,,,
SG-QUOTE-003,independent,QUOTE,Discount vượt phạm vi,P0,"OWNER, OPERATIONS_MANAGER, BUYER assigned, customer",EMULATOR,"Custom order REQUESTED, quote total=100001; thời gian cố định; versions 1/2.",Đặt discount bằng và lớn hơn service+internationalShipping,Biên cho phép nhận; vượt phạm vi bị từ chối; goods không bị giảm tùy ý.,"Dùng invariant của nhóm và I1–I10 trong README; đối chiếu trước/sau, không chỉ response.","Độc lập: chạy với namespace sạch; biên/multiple variants trong steps phải có result con riêng, mọi variant pass mới PASS case.","packages/domain/index.ts
functions/src/index.ts",,PROPOSED_TEST_ORACLE_SOURCE_REFERENCED_NOT_EXECUTED,NOT_RUN,,,,NONE,,,,
SG-QUOTE-004,independent,QUOTE,Báo giá hết hạn,P0,"OWNER, OPERATIONS_MANAGER, BUYER assigned, customer",EMULATOR,"Custom order REQUESTED, quote total=100001; thời gian cố định; versions 1/2.","Accept tại expiresAt−1, expiresAt và expiresAt+1 theo evolve source",Chấp thuận chỉ trong hạn source cho phép; không mutate khi đã hết hạn.,"Dùng invariant của nhóm và I1–I10 trong README; đối chiếu trước/sau, không chỉ response.","Độc lập: chạy với namespace sạch; biên/multiple variants trong steps phải có result con riêng, mọi variant pass mới PASS case.","packages/domain/index.ts
functions/src/index.ts",,PROPOSED_TEST_ORACLE_SOURCE_REFERENCED_NOT_EXECUTED,NOT_RUN,,,,NONE,,,,
SG-QUOTE-005,independent,QUOTE,Khách accept bản cũ,P0,"OWNER, OPERATIONS_MANAGER, BUYER assigned, customer",EMULATOR,"Custom order REQUESTED, quote total=100001; thời gian cố định; versions 1/2.","Issue quote v2 trong lúc A đang đọc v1
accept v1",Conflict/version failure; yêu cầu đọc lại; không dùng terms cũ.,"Dùng invariant của nhóm và I1–I10 trong README; đối chiếu trước/sau, không chỉ response.","Độc lập: chạy với namespace sạch; biên/multiple variants trong steps phải có result con riêng, mọi variant pass mới PASS case.","packages/domain/index.ts
functions/src/index.ts",,PROPOSED_TEST_ORACLE_SOURCE_REFERENCED_NOT_EXECUTED,NOT_RUN,,,,NONE,,,,
SG-QUOTE-006,independent,QUOTE,Thay quote sau accept,P0,"OWNER, OPERATIONS_MANAGER, BUYER assigned, customer",EMULATOR,"Custom order REQUESTED, quote total=100001; thời gian cố định; versions 1/2.","Accept v1
staff thử issueQuote khác trên order đó",Không âm thầm thay báo giá đã chấp thuận; giữ acceptance/history.,"Dùng invariant của nhóm và I1–I10 trong README; đối chiếu trước/sau, không chỉ response.","Độc lập: chạy với namespace sạch; biên/multiple variants trong steps phải có result con riêng, mọi variant pass mới PASS case.","packages/domain/index.ts
functions/src/index.ts",,PROPOSED_TEST_ORACLE_SOURCE_REFERENCED_NOT_EXECUTED,NOT_RUN,,,,NONE,,,,
SG-QUOTE-007,independent,QUOTE,Buyer chưa được phân công,P0,"OWNER, OPERATIONS_MANAGER, BUYER assigned, customer",EMULATOR,"Custom order REQUESTED, quote total=100001; thời gian cố định; versions 1/2.","BUYER issueQuote/claimPurchase vào order ngoài orderIds
lặp khi assigned",Ngoài phạm vi bị deny; assignment đúng mới được phép theo grants.,"Dùng invariant của nhóm và I1–I10 trong README; đối chiếu trước/sau, không chỉ response.","Độc lập: chạy với namespace sạch; biên/multiple variants trong steps phải có result con riêng, mọi variant pass mới PASS case.","packages/domain/index.ts
functions/src/index.ts",,PROPOSED_TEST_ORACLE_SOURCE_REFERENCED_NOT_EXECUTED,NOT_RUN,,,,NONE,,,,
SG-QUOTE-008,independent,QUOTE,Catalog bị ép luồng quote,P0,"OWNER, OPERATIONS_MANAGER, BUYER assigned, customer",EMULATOR,"Custom order REQUESTED, quote total=100001; thời gian cố định; versions 1/2.","Tạo catalog
gọi issueQuote/acceptQuote như custom",Không thêm lần báo giá/deposit mới cho catalog; snapshot giá vẫn nhất quán.,"Dùng invariant của nhóm và I1–I10 trong README; đối chiếu trước/sau, không chỉ response.","Độc lập: chạy với namespace sạch; biên/multiple variants trong steps phải có result con riêng, mọi variant pass mới PASS case.","packages/domain/index.ts
functions/src/index.ts",,PROPOSED_TEST_ORACLE_SOURCE_REFERENCED_NOT_EXECUTED,NOT_RUN,,,,NONE,,,,
SG-LIFE-001,independent,LIFE,Thiếu tiền mua,P0,"BUYER assigned, WAREHOUSE, OWNER, customer",EMULATOR,"Custom accepted total=100001 deposit=50001; lines=[2,3]; available funds khác nhau.","claimPurchase với collected=50000 rồi 50001
thử catalog còn thiếu 1 VND",Chặn thiếu tiền; nhận đủ verified funds mới mua; catalog cần đủ payable.,"Dùng invariant của nhóm và I1–I10 trong README; đối chiếu trước/sau, không chỉ response.","Độc lập: chạy với namespace sạch; biên/multiple variants trong steps phải có result con riêng, mọi variant pass mới PASS case.","packages/domain/index.ts
functions/src/index.ts
src/features/operations/Workbench.tsx","tests/unit/crm-ux028-eligibility.test.ts
tests/unit/workbench-ui.test.ts",PROPOSED_TEST_ORACLE_SOURCE_REFERENCED_NOT_EXECUTED,NOT_RUN,,,,NONE,,,,
SG-LIFE-002,independent,LIFE,Mua từng phần,P0,"BUYER assigned, WAREHOUSE, OWNER, customer",EMULATOR,"Custom accepted total=100001 deposit=50001; lines=[2,3]; available funds khác nhau.","recordPurchase line0=1
line0=1
line1=3
đọc purchasedLines",Cộng đúng số lượng; chỉ hoàn tất mua khi đủ các dòng.,"Dùng invariant của nhóm và I1–I10 trong README; đối chiếu trước/sau, không chỉ response.","Độc lập: chạy với namespace sạch; biên/multiple variants trong steps phải có result con riêng, mọi variant pass mới PASS case.","packages/domain/index.ts
functions/src/index.ts
src/features/operations/Workbench.tsx","tests/unit/crm-ux028-eligibility.test.ts
tests/unit/workbench-ui.test.ts",PROPOSED_TEST_ORACLE_SOURCE_REFERENCED_NOT_EXECUTED,NOT_RUN,,,,NONE,,,,
SG-LIFE-003,independent,LIFE,Mua vượt hoặc trùng dòng,P0,"BUYER assigned, WAREHOUSE, OWNER, customer",EMULATOR,"Custom accepted total=100001 deposit=50001; lines=[2,3]; available funds khác nhau.","recordPurchase vượt ceiling, duplicate line indexes, line không tồn tại",Reject atomic; không tăng tổng hay thêm evidence/audit thành công.,"Dùng invariant của nhóm và I1–I10 trong README; đối chiếu trước/sau, không chỉ response.","Độc lập: chạy với namespace sạch; biên/multiple variants trong steps phải có result con riêng, mọi variant pass mới PASS case.","packages/domain/index.ts
functions/src/index.ts
src/features/operations/Workbench.tsx","tests/unit/crm-ux028-eligibility.test.ts
tests/unit/workbench-ui.test.ts",PROPOSED_TEST_ORACLE_SOURCE_REFERENCED_NOT_EXECUTED,NOT_RUN,,,,NONE,,,,
SG-LIFE-004,independent,LIFE,Nhận tại kho đúng dòng,P0,"BUYER assigned, WAREHOUSE, OWNER, customer",EMULATOR,"Custom accepted total=100001 deposit=50001; lines=[2,3]; available funds khác nhau.","receive đúng từng line
thử tổng đúng nhưng gán vào line chưa mua",Không nhận vượt purchasedLines; aggregate không che lỗi sai dòng.,"Dùng invariant của nhóm và I1–I10 trong README; đối chiếu trước/sau, không chỉ response.","Độc lập: chạy với namespace sạch; biên/multiple variants trong steps phải có result con riêng, mọi variant pass mới PASS case.","packages/domain/index.ts
functions/src/index.ts
src/features/operations/Workbench.tsx","tests/unit/crm-ux028-eligibility.test.ts
tests/unit/workbench-ui.test.ts",PROPOSED_TEST_ORACLE_SOURCE_REFERENCED_NOT_EXECUTED,NOT_RUN,,,,NONE,,,,
SG-LIFE-005,independent,LIFE,Nhận thiếu tạo hold,P0,"BUYER assigned, WAREHOUSE, OWNER, customer",EMULATOR,"Custom accepted total=100001 deposit=50001; lines=[2,3]; available funds khác nhau.","receive một phần
thử pack và dispatch",Hold/nghiệp vụ thiếu hàng được giữ; không đóng gói hoặc xuất gửi đủ giả.,"Dùng invariant của nhóm và I1–I10 trong README; đối chiếu trước/sau, không chỉ response.","Độc lập: chạy với namespace sạch; biên/multiple variants trong steps phải có result con riêng, mọi variant pass mới PASS case.","packages/domain/index.ts
functions/src/index.ts
src/features/operations/Workbench.tsx","tests/unit/crm-ux028-eligibility.test.ts
tests/unit/workbench-ui.test.ts",PROPOSED_TEST_ORACLE_SOURCE_REFERENCED_NOT_EXECUTED,NOT_RUN,,,,NONE,,,,
SG-LIFE-006,independent,LIFE,Đóng gói đủ,P0,"BUYER assigned, WAREHOUSE, OWNER, customer",EMULATOR,"Custom accepted total=100001 deposit=50001; lines=[2,3]; available funds khác nhau.","Nhận đủ
pack quantity đủ và checklist
kiểm tra packingComplete",Đúng state và quantities; thiếu checklist hoặc thiếu lượng không được ready.,"Dùng invariant của nhóm và I1–I10 trong README; đối chiếu trước/sau, không chỉ response.","Độc lập: chạy với namespace sạch; biên/multiple variants trong steps phải có result con riêng, mọi variant pass mới PASS case.","packages/domain/index.ts
functions/src/index.ts
src/features/operations/Workbench.tsx","tests/unit/crm-ux028-eligibility.test.ts
tests/unit/workbench-ui.test.ts",PROPOSED_TEST_ORACLE_SOURCE_REFERENCED_NOT_EXECUTED,NOT_RUN,,,,NONE,,,,
SG-LIFE-007,independent,LIFE,Chốt chi phí custom,P0,"BUYER assigned, WAREHOUSE, OWNER, customer",EMULATOR,"Custom accepted total=100001 deposit=50001; lines=[2,3]; available funds khác nhau.","finalize số tiền khác quote
approveFinal current version
kiểm tra due",Cần chấp thuận tăng nghĩa vụ theo source; không dispatch trước final approval.,"Dùng invariant của nhóm và I1–I10 trong README; đối chiếu trước/sau, không chỉ response.","Độc lập: chạy với namespace sạch; biên/multiple variants trong steps phải có result con riêng, mọi variant pass mới PASS case.","packages/domain/index.ts
functions/src/index.ts
src/features/operations/Workbench.tsx","tests/unit/crm-ux028-eligibility.test.ts
tests/unit/workbench-ui.test.ts",PROPOSED_TEST_ORACLE_SOURCE_REFERENCED_NOT_EXECUTED,NOT_RUN,,,,NONE,,,,
SG-LIFE-008,independent,LIFE,Hủy và hold,P0,"BUYER assigned, WAREHOUSE, OWNER, customer",EMULATOR,"Custom accepted total=100001 deposit=50001; lines=[2,3]; available funds khác nhau.","Customer cancel ở từng stage cho phép
staff hold rồi thử claim/dispatch",Chuyển state đúng điều kiện; đã mua/đang vận chuyển không hủy tùy ý; hold chặn thao tác nhạy cảm.,"Dùng invariant của nhóm và I1–I10 trong README; đối chiếu trước/sau, không chỉ response.","Độc lập: chạy với namespace sạch; biên/multiple variants trong steps phải có result con riêng, mọi variant pass mới PASS case.","packages/domain/index.ts
functions/src/index.ts
src/features/operations/Workbench.tsx","tests/unit/crm-ux028-eligibility.test.ts
tests/unit/workbench-ui.test.ts",PROPOSED_TEST_ORACLE_SOURCE_REFERENCED_NOT_EXECUTED,NOT_RUN,,,,NONE,,,,
SG-LIFE-009,independent,LIFE,State không hợp lệ,P0,"BUYER assigned, WAREHOUSE, OWNER, customer",EMULATOR,"Custom accepted total=100001 deposit=50001; lines=[2,3]; available funds khác nhau.","Thử track trước dispatch, confirmReceipt trước delivered, recordPurchase sau cancelled",Không nhảy state trái evolve; không ghi timeline thành công khi reject.,"Dùng invariant của nhóm và I1–I10 trong README; đối chiếu trước/sau, không chỉ response.","Độc lập: chạy với namespace sạch; biên/multiple variants trong steps phải có result con riêng, mọi variant pass mới PASS case.","packages/domain/index.ts
functions/src/index.ts
src/features/operations/Workbench.tsx","tests/unit/crm-ux028-eligibility.test.ts
tests/unit/workbench-ui.test.ts",PROPOSED_TEST_ORACLE_SOURCE_REFERENCED_NOT_EXECUTED,NOT_RUN,,,,NONE,,,,
SG-LIFE-010,independent,LIFE,Version concurrent,P0,"BUYER assigned, WAREHOUSE, OWNER, customer",EMULATOR,"Custom accepted total=100001 deposit=50001; lines=[2,3]; available funds khác nhau.",Hai staff gọi command cùng expectedVersion với payload khác,Một commit hợp lệ; bên còn lại conflict; không mất cập nhật.,"Dùng invariant của nhóm và I1–I10 trong README; đối chiếu trước/sau, không chỉ response.","Độc lập: chạy với namespace sạch; biên/multiple variants trong steps phải có result con riêng, mọi variant pass mới PASS case.","packages/domain/index.ts
functions/src/index.ts
src/features/operations/Workbench.tsx","tests/unit/crm-ux028-eligibility.test.ts
tests/unit/workbench-ui.test.ts",PROPOSED_TEST_ORACLE_SOURCE_REFERENCED_NOT_EXECUTED,NOT_RUN,,,,NONE,,,,
SG-PAY-001,independent,PAY,Release gate payments,P0,"customer, provider sandbox, FINANCE",EMULATOR,Catalog/custom order; fake provider adapter; release gate hiện đóng; bank fixture synthetic.,"Gọi createPaymentLink và webhook khi capability payments=false
chỉnh settings enabled",Gate code vẫn chặn provider; settings không mở khóa; không gọi network thanh toán.,"Dùng invariant của nhóm và I1–I10 trong README; đối chiếu trước/sau, không chỉ response.","Độc lập: chạy với namespace sạch; biên/multiple variants trong steps phải có result con riêng, mọi variant pass mới PASS case.","functions/src/payments/payos.ts
functions/src/provider-release-gate.ts
packages/domain/payment-qr.ts","tests/browser/release-finance-activity-positive031.spec.ts
tests/rules/ask-payment.test.ts
tests/rules/biz-hardening.test.ts
tests/rules/catalog-checkout.test.ts
tests/rules/catalog-payments.test.ts
tests/rules/server.test.ts
tests/unit/ask-content.test.ts
tests/unit/email-delivery-security.test.ts
tests/unit/payos-signature.test.ts
tests/unit/provider-release-gate067.test.ts",PROPOSED_TEST_ORACLE_SOURCE_REFERENCED_NOT_EXECUTED,NOT_RUN,,,,NONE,,,,
SG-PAY-002,independent,PAY,Purpose full/deposit/balance,P0,"customer, provider sandbox, FINANCE",EMULATOR,Catalog/custom order; fake provider adapter; release gate hiện đóng; bank fixture synthetic.,"Tính paymentDue cho catalog, custom trước final, custom sau final
gửi purpose sai",Đúng mục đích source; catalog không phát sinh lần thu thứ hai; purpose sai bị deny.,"Dùng invariant của nhóm và I1–I10 trong README; đối chiếu trước/sau, không chỉ response.","Độc lập: chạy với namespace sạch; biên/multiple variants trong steps phải có result con riêng, mọi variant pass mới PASS case.","functions/src/payments/payos.ts
functions/src/provider-release-gate.ts
packages/domain/payment-qr.ts","tests/browser/release-finance-activity-positive031.spec.ts
tests/rules/ask-payment.test.ts
tests/rules/biz-hardening.test.ts
tests/rules/catalog-checkout.test.ts
tests/rules/catalog-payments.test.ts
tests/rules/server.test.ts
tests/unit/ask-content.test.ts
tests/unit/email-delivery-security.test.ts
tests/unit/payos-signature.test.ts
tests/unit/provider-release-gate067.test.ts",PROPOSED_TEST_ORACLE_SOURCE_REFERENCED_NOT_EXECUTED,NOT_RUN,,,,NONE,,,,
SG-PAY-003,independent,PAY,Không đồng nhất QR với tiền,P0,"customer, provider sandbox, FINANCE",EMULATOR,Catalog/custom order; fake provider adapter; release gate hiện đóng; bank fixture synthetic.,"Tạo QR/fake redirect/report transfer
đọc collected trước callback verified",Không thay collected hoặc cho phép mua chỉ từ QR/redirect/lời khách.,"Dùng invariant của nhóm và I1–I10 trong README; đối chiếu trước/sau, không chỉ response.","Độc lập: chạy với namespace sạch; biên/multiple variants trong steps phải có result con riêng, mọi variant pass mới PASS case.","functions/src/payments/payos.ts
functions/src/provider-release-gate.ts
packages/domain/payment-qr.ts","tests/browser/release-finance-activity-positive031.spec.ts
tests/rules/ask-payment.test.ts
tests/rules/biz-hardening.test.ts
tests/rules/catalog-checkout.test.ts
tests/rules/catalog-payments.test.ts
tests/rules/server.test.ts
tests/unit/ask-content.test.ts
tests/unit/email-delivery-security.test.ts
tests/unit/payos-signature.test.ts
tests/unit/provider-release-gate067.test.ts",PROPOSED_TEST_ORACLE_SOURCE_REFERENCED_NOT_EXECUTED,NOT_RUN,,,,NONE,,,,
SG-PAY-004,independent,PAY,Signature sai,P0,"customer, provider sandbox, FINANCE",EMULATOR,Catalog/custom order; fake provider adapter; release gate hiện đóng; bank fixture synthetic.,Ở harness gọi verifier với signature thiếu/sai và body bị sửa,Không apply payment; không lộ secret; response không ghi payment verified.,"Dùng invariant của nhóm và I1–I10 trong README; đối chiếu trước/sau, không chỉ response.","Độc lập: chạy với namespace sạch; biên/multiple variants trong steps phải có result con riêng, mọi variant pass mới PASS case.","functions/src/payments/payos.ts
functions/src/provider-release-gate.ts
packages/domain/payment-qr.ts","tests/browser/release-finance-activity-positive031.spec.ts
tests/rules/ask-payment.test.ts
tests/rules/biz-hardening.test.ts
tests/rules/catalog-checkout.test.ts
tests/rules/catalog-payments.test.ts
tests/rules/server.test.ts
tests/unit/ask-content.test.ts
tests/unit/email-delivery-security.test.ts
tests/unit/payos-signature.test.ts
tests/unit/provider-release-gate067.test.ts",PROPOSED_TEST_ORACLE_SOURCE_REFERENCED_NOT_EXECUTED,NOT_RUN,,,,NONE,,,,
SG-PAY-005,independent,PAY,Webhook trùng,P0,"customer, provider sandbox, FINANCE",EMULATOR,Catalog/custom order; fake provider adapter; release gate hiện đóng; bank fixture synthetic.,"Harness gửi cùng verified transaction 3 lần
race với reconcile",Một receipt và ledger entry; tổng collected tăng một lần.,"Dùng invariant của nhóm và I1–I10 trong README; đối chiếu trước/sau, không chỉ response.","Độc lập: chạy với namespace sạch; biên/multiple variants trong steps phải có result con riêng, mọi variant pass mới PASS case.","functions/src/payments/payos.ts
functions/src/provider-release-gate.ts
packages/domain/payment-qr.ts","tests/browser/release-finance-activity-positive031.spec.ts
tests/rules/ask-payment.test.ts
tests/rules/biz-hardening.test.ts
tests/rules/catalog-checkout.test.ts
tests/rules/catalog-payments.test.ts
tests/rules/server.test.ts
tests/unit/ask-content.test.ts
tests/unit/email-delivery-security.test.ts
tests/unit/payos-signature.test.ts
tests/unit/provider-release-gate067.test.ts",PROPOSED_TEST_ORACLE_SOURCE_REFERENCED_NOT_EXECUTED,NOT_RUN,,,,NONE,,,,
SG-PAY-006,independent,PAY,Sai số tiền hoặc context,P0,"customer, provider sandbox, FINANCE",EMULATOR,Catalog/custom order; fake provider adapter; release gate hiện đóng; bank fixture synthetic.,"Harness callback sai orderCode, amount, currency hoặc payment intent đã hết hiệu lực","Không allocate nhầm order; exception/deny theo source, audit đủ để đối soát.","Dùng invariant của nhóm và I1–I10 trong README; đối chiếu trước/sau, không chỉ response.","Độc lập: chạy với namespace sạch; biên/multiple variants trong steps phải có result con riêng, mọi variant pass mới PASS case.","functions/src/payments/payos.ts
functions/src/provider-release-gate.ts
packages/domain/payment-qr.ts","tests/browser/release-finance-activity-positive031.spec.ts
tests/rules/ask-payment.test.ts
tests/rules/biz-hardening.test.ts
tests/rules/catalog-checkout.test.ts
tests/rules/catalog-payments.test.ts
tests/rules/server.test.ts
tests/unit/ask-content.test.ts
tests/unit/email-delivery-security.test.ts
tests/unit/payos-signature.test.ts
tests/unit/provider-release-gate067.test.ts",PROPOSED_TEST_ORACLE_SOURCE_REFERENCED_NOT_EXECUTED,NOT_RUN,,,,NONE,,,,
SG-PAY-007,independent,PAY,Mất response create intent,P0,"customer, provider sandbox, FINANCE",EMULATOR,Catalog/custom order; fake provider adapter; release gate hiện đóng; bank fixture synthetic.,"Fake provider tạo link rồi timeout
retry cùng operationId",Không tạo nhiều liability/intent không quản lý; xác định unknown và reconcile đúng contract.,"Dùng invariant của nhóm và I1–I10 trong README; đối chiếu trước/sau, không chỉ response.","Độc lập: chạy với namespace sạch; biên/multiple variants trong steps phải có result con riêng, mọi variant pass mới PASS case.","functions/src/payments/payos.ts
functions/src/provider-release-gate.ts
packages/domain/payment-qr.ts","tests/browser/release-finance-activity-positive031.spec.ts
tests/rules/ask-payment.test.ts
tests/rules/biz-hardening.test.ts
tests/rules/catalog-checkout.test.ts
tests/rules/catalog-payments.test.ts
tests/rules/server.test.ts
tests/unit/ask-content.test.ts
tests/unit/email-delivery-security.test.ts
tests/unit/payos-signature.test.ts
tests/unit/provider-release-gate067.test.ts",PROPOSED_TEST_ORACLE_SOURCE_REFERENCED_NOT_EXECUTED,NOT_RUN,,,,NONE,,,,
SG-PAY-008,independent,PAY,Callback sau hủy order,P0,"customer, provider sandbox, FINANCE",EMULATOR,Catalog/custom order; fake provider adapter; release gate hiện đóng; bank fixture synthetic.,Harness apply verified payment cho cancelled order,"Không hồi sinh order; tiền đi qua exception/handling theo source, không tự fulfillment.","Dùng invariant của nhóm và I1–I10 trong README; đối chiếu trước/sau, không chỉ response.","Độc lập: chạy với namespace sạch; biên/multiple variants trong steps phải có result con riêng, mọi variant pass mới PASS case.","functions/src/payments/payos.ts
functions/src/provider-release-gate.ts
packages/domain/payment-qr.ts","tests/browser/release-finance-activity-positive031.spec.ts
tests/rules/ask-payment.test.ts
tests/rules/biz-hardening.test.ts
tests/rules/catalog-checkout.test.ts
tests/rules/catalog-payments.test.ts
tests/rules/server.test.ts
tests/unit/ask-content.test.ts
tests/unit/email-delivery-security.test.ts
tests/unit/payos-signature.test.ts
tests/unit/provider-release-gate067.test.ts",PROPOSED_TEST_ORACLE_SOURCE_REFERENCED_NOT_EXECUTED,NOT_RUN,,,,NONE,,,,
SG-PAY-009,independent,PAY,Provider sandbox trực tiếp,P0,"customer, provider sandbox, FINANCE",APPROVED_PROVIDER_SANDBOX,Catalog/custom order; fake provider adapter; release gate hiện đóng; bank fixture synthetic.,"Sau approval mở provider sandbox
tạo link và trả callback thật
đọc provider và DB","Chỉ PASS khi có sandbox readback, signature và amount thực; hiện BLOCKED bởi release gate.","Dùng invariant của nhóm và I1–I10 trong README; đối chiếu trước/sau, không chỉ response.","Độc lập: chạy với namespace sạch; biên/multiple variants trong steps phải có result con riêng, mọi variant pass mới PASS case.","functions/src/payments/payos.ts
functions/src/provider-release-gate.ts
packages/domain/payment-qr.ts","tests/browser/release-finance-activity-positive031.spec.ts
tests/rules/ask-payment.test.ts
tests/rules/biz-hardening.test.ts
tests/rules/catalog-checkout.test.ts
tests/rules/catalog-payments.test.ts
tests/rules/server.test.ts
tests/unit/ask-content.test.ts
tests/unit/email-delivery-security.test.ts
tests/unit/payos-signature.test.ts
tests/unit/provider-release-gate067.test.ts",PROPOSED_TEST_ORACLE_SOURCE_REFERENCED_NOT_EXECUTED,NOT_RUN,CURRENT_CODE_OWNED_PROVIDER_HOLD; AUTHORIZATION_AND_CANDIDATE_REQUIRED,,,NONE,,,,
SG-FIN-001,independent,FIN,Xác minh chuyển khoản,P0,"FINANCE, OWNER",EMULATOR,Pending transfer reviews; bank IDs synthetic unique; ledger before/after; MFA fixture.,"verifyTransfer đúng order/amount/reviewId với reason/evidence
đọc bank và ledger",Một allocation bất biến; review khớp owner/order/amount; collected tăng đúng.,"Dùng invariant của nhóm và I1–I10 trong README; đối chiếu trước/sau, không chỉ response.","Độc lập: chạy với namespace sạch; biên/multiple variants trong steps phải có result con riêng, mọi variant pass mới PASS case.","functions/src/finance-review.ts
functions/src/index.ts
src/features/payments/Finance.tsx","tests/rules/mutation-authority026.test.ts
tests/rules/server.test.ts
tests/rules/staff-role-array026.test.ts
tests/unit/finance-contextual.test.ts",PROPOSED_TEST_ORACLE_SOURCE_REFERENCED_NOT_EXECUTED,NOT_RUN,,,,NONE,,,,
SG-FIN-002,independent,FIN,Bank transaction tái sử dụng,P0,"FINANCE, OWNER",EMULATOR,Pending transfer reviews; bank IDs synthetic unique; ledger before/after; MFA fixture.,"Allocate bank ID vào order A
thử vào B với operationId mới",Từ chối double allocation xuyên orders; A/B totals không sai.,"Dùng invariant của nhóm và I1–I10 trong README; đối chiếu trước/sau, không chỉ response.","Độc lập: chạy với namespace sạch; biên/multiple variants trong steps phải có result con riêng, mọi variant pass mới PASS case.","functions/src/finance-review.ts
functions/src/index.ts
src/features/payments/Finance.tsx","tests/rules/mutation-authority026.test.ts
tests/rules/server.test.ts
tests/rules/staff-role-array026.test.ts
tests/unit/finance-contextual.test.ts",PROPOSED_TEST_ORACLE_SOURCE_REFERENCED_NOT_EXECUTED,NOT_RUN,,,,NONE,,,,
SG-FIN-003,independent,FIN,Review context lệch,P0,"FINANCE, OWNER",EMULATOR,Pending transfer reviews; bank IDs synthetic unique; ledger before/after; MFA fixture.,"Gửi reviewId của B vào A
thay amount hoặc review đã xử lý",Reject atomic; không đóng review khác hoặc tạo ledger.,"Dùng invariant của nhóm và I1–I10 trong README; đối chiếu trước/sau, không chỉ response.","Độc lập: chạy với namespace sạch; biên/multiple variants trong steps phải có result con riêng, mọi variant pass mới PASS case.","functions/src/finance-review.ts
functions/src/index.ts
src/features/payments/Finance.tsx","tests/rules/mutation-authority026.test.ts
tests/rules/server.test.ts
tests/rules/staff-role-array026.test.ts
tests/unit/finance-contextual.test.ts",PROPOSED_TEST_ORACLE_SOURCE_REFERENCED_NOT_EXECUTED,NOT_RUN,,,,NONE,,,,
SG-FIN-004,independent,FIN,Hoàn tiền vượt available,P0,"FINANCE, OWNER",EMULATOR,Pending transfer reviews; bank IDs synthetic unique; ledger before/after; MFA fixture.,"Gọi refund lớn hơn collected−refunded−refundReserved
thử biên đúng available",Vượt bị chặn; đúng available giữ tổng không âm và reserved nhất quán.,"Dùng invariant của nhóm và I1–I10 trong README; đối chiếu trước/sau, không chỉ response.","Độc lập: chạy với namespace sạch; biên/multiple variants trong steps phải có result con riêng, mọi variant pass mới PASS case.","functions/src/finance-review.ts
functions/src/index.ts
src/features/payments/Finance.tsx","tests/rules/mutation-authority026.test.ts
tests/rules/server.test.ts
tests/rules/staff-role-array026.test.ts
tests/unit/finance-contextual.test.ts",PROPOSED_TEST_ORACLE_SOURCE_REFERENCED_NOT_EXECUTED,NOT_RUN,,,,NONE,,,,
SG-FIN-005,independent,FIN,Reversal có version,P0,"FINANCE, OWNER",EMULATOR,Pending transfer reviews; bank IDs synthetic unique; ledger before/after; MFA fixture.,"Reverse ledger hợp lệ
retry
thử reverse lần hai bằng operationId mới",Không đảo hai lần; entry nguồn immutable; counter và audit đúng.,"Dùng invariant của nhóm và I1–I10 trong README; đối chiếu trước/sau, không chỉ response.","Độc lập: chạy với namespace sạch; biên/multiple variants trong steps phải có result con riêng, mọi variant pass mới PASS case.","functions/src/finance-review.ts
functions/src/index.ts
src/features/payments/Finance.tsx","tests/rules/mutation-authority026.test.ts
tests/rules/server.test.ts
tests/rules/staff-role-array026.test.ts
tests/unit/finance-contextual.test.ts",PROPOSED_TEST_ORACLE_SOURCE_REFERENCED_NOT_EXECUTED,NOT_RUN,,,,NONE,,,,
SG-FIN-006,independent,FIN,Exception allocate/close,P0,"FINANCE, OWNER",EMULATOR,Pending transfer reviews; bank IDs synthetic unique; ledger before/after; MFA fixture.,"Tạo unallocated exception fixture
allocate đúng order
close với reason
thử stale version",Không coi close là nhận tiền; allocation giữ uniqueness; stale conflict.,"Dùng invariant của nhóm và I1–I10 trong README; đối chiếu trước/sau, không chỉ response.","Độc lập: chạy với namespace sạch; biên/multiple variants trong steps phải có result con riêng, mọi variant pass mới PASS case.","functions/src/finance-review.ts
functions/src/index.ts
src/features/payments/Finance.tsx","tests/rules/mutation-authority026.test.ts
tests/rules/server.test.ts
tests/rules/staff-role-array026.test.ts
tests/unit/finance-contextual.test.ts",PROPOSED_TEST_ORACLE_SOURCE_REFERENCED_NOT_EXECUTED,NOT_RUN,,,,NONE,,,,
SG-FIN-007,independent,FIN,Thiếu MFA gần đây,P0,"FINANCE, OWNER",APPROVED_STAGING,Pending transfer reviews; bank IDs synthetic unique; ledger before/after; MFA fixture.,Trong staging được phép thử verifyTransfer/refund/reverse không factor hoặc expired auth_time,Không commit tài chính; emulator bypass không được dùng làm bằng chứng MFA thật.,"Dùng invariant của nhóm và I1–I10 trong README; đối chiếu trước/sau, không chỉ response.","Độc lập: chạy với namespace sạch; biên/multiple variants trong steps phải có result con riêng, mọi variant pass mới PASS case.","functions/src/finance-review.ts
functions/src/index.ts
src/features/payments/Finance.tsx","tests/rules/mutation-authority026.test.ts
tests/rules/server.test.ts
tests/rules/staff-role-array026.test.ts
tests/unit/finance-contextual.test.ts",PROPOSED_TEST_ORACLE_SOURCE_REFERENCED_NOT_EXECUTED,NOT_RUN,STAGING_AUTHORIZATION_AND_SAFE_FIXTURES_REQUIRED,,,NONE,,,,
SG-FIN-008,independent,FIN,Mất kết nối finance UI,P0,"FINANCE, OWNER",EMULATOR,Pending transfer reviews; bank IDs synthetic unique; ledger before/after; MFA fixture.,"Load finance
fail page request
retry
đổi filter trong request cũ",Không hiện số 0 thay unknown; retry giữ scope và không trùng hàng.,"Dùng invariant của nhóm và I1–I10 trong README; đối chiếu trước/sau, không chỉ response.","Độc lập: chạy với namespace sạch; biên/multiple variants trong steps phải có result con riêng, mọi variant pass mới PASS case.","functions/src/finance-review.ts
functions/src/index.ts
src/features/payments/Finance.tsx","tests/rules/mutation-authority026.test.ts
tests/rules/server.test.ts
tests/rules/staff-role-array026.test.ts
tests/unit/finance-contextual.test.ts",PROPOSED_TEST_ORACLE_SOURCE_REFERENCED_NOT_EXECUTED,NOT_RUN,,,,NONE,,,,
SG-CHANGE-001,independent,CHANGE,Đề xuất đổi dòng chưa mua,P0,"OWNER, OPERATIONS_MANAGER, customer",EMULATOR,"Order hai dòng, line0 đã mua=2, line1 chưa mua=3; versions cố định.","Propose variant khác cho line1
customer accept
staff apply",Chỉ đổi phần chưa mua được đồng ý; financial/history ghi đủ reason và versions.,"Dùng invariant của nhóm và I1–I10 trong README; đối chiếu trước/sau, không chỉ response.","Độc lập: chạy với namespace sạch; biên/multiple variants trong steps phải có result con riêng, mọi variant pass mới PASS case.","functions/src/changes.ts
packages/domain/changes.ts
src/features/orders/Changes.tsx","tests/browser/release-ask-changes-states026.spec.ts
tests/browser/release-ask-changes026.spec.ts
tests/browser/release-changequeue026.spec.ts
tests/browser/release-crm-keyboard-zoom031.spec.ts
tests/browser/release-crm-presentation026.spec.ts
tests/browser/release-crm-recovery028.spec.ts
tests/browser/release-proposal.spec.ts
tests/rules/backend-authority-hardening.test.ts
tests/rules/changequeue026.test.ts
tests/rules/remaining-authority026.test.ts
tests/rules/server.test.ts
tests/rules/staff-role-array026.test.ts
tests/unit/bootstrap-owner075.test.mjs
tests/unit/catalog-checkout.test.ts
tests/unit/changes-contextual.test.ts
tests/unit/changes.test.ts",PROPOSED_TEST_ORACLE_SOURCE_REFERENCED_NOT_EXECUTED,NOT_RUN,,,,NONE,,,,
SG-CHANGE-002,independent,CHANGE,Đổi dòng đã mua,P0,"OWNER, OPERATIONS_MANAGER, customer",EMULATOR,"Order hai dòng, line0 đã mua=2, line1 chưa mua=3; versions cố định.",Propose sửa variant line0 hoặc multi-line chứa line0 đã mua,Chặn cả proposal/apply không hợp lệ; line đã mua không bị rewrite.,"Dùng invariant của nhóm và I1–I10 trong README; đối chiếu trước/sau, không chỉ response.","Độc lập: chạy với namespace sạch; biên/multiple variants trong steps phải có result con riêng, mọi variant pass mới PASS case.","functions/src/changes.ts
packages/domain/changes.ts
src/features/orders/Changes.tsx","tests/browser/release-ask-changes-states026.spec.ts
tests/browser/release-ask-changes026.spec.ts
tests/browser/release-changequeue026.spec.ts
tests/browser/release-crm-keyboard-zoom031.spec.ts
tests/browser/release-crm-presentation026.spec.ts
tests/browser/release-crm-recovery028.spec.ts
tests/browser/release-proposal.spec.ts
tests/rules/backend-authority-hardening.test.ts
tests/rules/changequeue026.test.ts
tests/rules/remaining-authority026.test.ts
tests/rules/server.test.ts
tests/rules/staff-role-array026.test.ts
tests/unit/bootstrap-owner075.test.mjs
tests/unit/catalog-checkout.test.ts
tests/unit/changes-contextual.test.ts
tests/unit/changes.test.ts",PROPOSED_TEST_ORACLE_SOURCE_REFERENCED_NOT_EXECUTED,NOT_RUN,,,,NONE,,,,
SG-CHANGE-003,independent,CHANGE,Đổi quantity ngầm,P0,"OWNER, OPERATIONS_MANAGER, customer",EMULATOR,"Order hai dòng, line0 đã mua=2, line1 chưa mua=3; versions cố định.",Substitution thay quantity từ 3 lên 4 không qua contract cho phép,Reject; không tăng nghĩa vụ hay purchased ceiling ngầm.,"Dùng invariant của nhóm và I1–I10 trong README; đối chiếu trước/sau, không chỉ response.","Độc lập: chạy với namespace sạch; biên/multiple variants trong steps phải có result con riêng, mọi variant pass mới PASS case.","functions/src/changes.ts
packages/domain/changes.ts
src/features/orders/Changes.tsx","tests/browser/release-ask-changes-states026.spec.ts
tests/browser/release-ask-changes026.spec.ts
tests/browser/release-changequeue026.spec.ts
tests/browser/release-crm-keyboard-zoom031.spec.ts
tests/browser/release-crm-presentation026.spec.ts
tests/browser/release-crm-recovery028.spec.ts
tests/browser/release-proposal.spec.ts
tests/rules/backend-authority-hardening.test.ts
tests/rules/changequeue026.test.ts
tests/rules/remaining-authority026.test.ts
tests/rules/server.test.ts
tests/rules/staff-role-array026.test.ts
tests/unit/bootstrap-owner075.test.mjs
tests/unit/catalog-checkout.test.ts
tests/unit/changes-contextual.test.ts
tests/unit/changes.test.ts",PROPOSED_TEST_ORACLE_SOURCE_REFERENCED_NOT_EXECUTED,NOT_RUN,,,,NONE,,,,
SG-CHANGE-004,independent,CHANGE,Hủy phần chưa mua,P0,"OWNER, OPERATIONS_MANAGER, customer",EMULATOR,"Order hai dòng, line0 đã mua=2, line1 chưa mua=3; versions cố định.","Propose cancel quantity chưa mua
accept
apply",Giữ số đã mua; chi phí thực tế và refund eligibility đúng domain.,"Dùng invariant của nhóm và I1–I10 trong README; đối chiếu trước/sau, không chỉ response.","Độc lập: chạy với namespace sạch; biên/multiple variants trong steps phải có result con riêng, mọi variant pass mới PASS case.","functions/src/changes.ts
packages/domain/changes.ts
src/features/orders/Changes.tsx","tests/browser/release-ask-changes-states026.spec.ts
tests/browser/release-ask-changes026.spec.ts
tests/browser/release-changequeue026.spec.ts
tests/browser/release-crm-keyboard-zoom031.spec.ts
tests/browser/release-crm-presentation026.spec.ts
tests/browser/release-crm-recovery028.spec.ts
tests/browser/release-proposal.spec.ts
tests/rules/backend-authority-hardening.test.ts
tests/rules/changequeue026.test.ts
tests/rules/remaining-authority026.test.ts
tests/rules/server.test.ts
tests/rules/staff-role-array026.test.ts
tests/unit/bootstrap-owner075.test.mjs
tests/unit/catalog-checkout.test.ts
tests/unit/changes-contextual.test.ts
tests/unit/changes.test.ts",PROPOSED_TEST_ORACLE_SOURCE_REFERENCED_NOT_EXECUTED,NOT_RUN,,,,NONE,,,,
SG-CHANGE-005,independent,CHANGE,Customer reject,P0,"OWNER, OPERATIONS_MANAGER, customer",EMULATOR,"Order hai dòng, line0 đã mua=2, line1 chưa mua=3; versions cố định.","Propose hợp lệ
customer reject
staff thử apply",Không thay order/tiền; proposal ở rejected; hold cleanup theo source.,"Dùng invariant của nhóm và I1–I10 trong README; đối chiếu trước/sau, không chỉ response.","Độc lập: chạy với namespace sạch; biên/multiple variants trong steps phải có result con riêng, mọi variant pass mới PASS case.","functions/src/changes.ts
packages/domain/changes.ts
src/features/orders/Changes.tsx","tests/browser/release-ask-changes-states026.spec.ts
tests/browser/release-ask-changes026.spec.ts
tests/browser/release-changequeue026.spec.ts
tests/browser/release-crm-keyboard-zoom031.spec.ts
tests/browser/release-crm-presentation026.spec.ts
tests/browser/release-crm-recovery028.spec.ts
tests/browser/release-proposal.spec.ts
tests/rules/backend-authority-hardening.test.ts
tests/rules/changequeue026.test.ts
tests/rules/remaining-authority026.test.ts
tests/rules/server.test.ts
tests/rules/staff-role-array026.test.ts
tests/unit/bootstrap-owner075.test.mjs
tests/unit/catalog-checkout.test.ts
tests/unit/changes-contextual.test.ts
tests/unit/changes.test.ts",PROPOSED_TEST_ORACLE_SOURCE_REFERENCED_NOT_EXECUTED,NOT_RUN,,,,NONE,,,,
SG-CHANGE-006,independent,CHANGE,Apply trước accept,P0,"OWNER, OPERATIONS_MANAGER, customer",EMULATOR,"Order hai dòng, line0 đã mua=2, line1 chưa mua=3; versions cố định.","Staff apply pending proposal
B accept proposal của A",Không apply chưa consent; cross-owner deny.,"Dùng invariant của nhóm và I1–I10 trong README; đối chiếu trước/sau, không chỉ response.","Độc lập: chạy với namespace sạch; biên/multiple variants trong steps phải có result con riêng, mọi variant pass mới PASS case.","functions/src/changes.ts
packages/domain/changes.ts
src/features/orders/Changes.tsx","tests/browser/release-ask-changes-states026.spec.ts
tests/browser/release-ask-changes026.spec.ts
tests/browser/release-changequeue026.spec.ts
tests/browser/release-crm-keyboard-zoom031.spec.ts
tests/browser/release-crm-presentation026.spec.ts
tests/browser/release-crm-recovery028.spec.ts
tests/browser/release-proposal.spec.ts
tests/rules/backend-authority-hardening.test.ts
tests/rules/changequeue026.test.ts
tests/rules/remaining-authority026.test.ts
tests/rules/server.test.ts
tests/rules/staff-role-array026.test.ts
tests/unit/bootstrap-owner075.test.mjs
tests/unit/catalog-checkout.test.ts
tests/unit/changes-contextual.test.ts
tests/unit/changes.test.ts",PROPOSED_TEST_ORACLE_SOURCE_REFERENCED_NOT_EXECUTED,NOT_RUN,,,,NONE,,,,
SG-CHANGE-007,independent,CHANGE,Proposal cũ,P0,"OWNER, OPERATIONS_MANAGER, customer",EMULATOR,"Order hai dòng, line0 đã mua=2, line1 chưa mua=3; versions cố định.","Thay order.version sau propose
accept/apply stale version
retry sau reload",Conflict rõ; không áp dụng proposal trên state mới chưa review.,"Dùng invariant của nhóm và I1–I10 trong README; đối chiếu trước/sau, không chỉ response.","Độc lập: chạy với namespace sạch; biên/multiple variants trong steps phải có result con riêng, mọi variant pass mới PASS case.","functions/src/changes.ts
packages/domain/changes.ts
src/features/orders/Changes.tsx","tests/browser/release-ask-changes-states026.spec.ts
tests/browser/release-ask-changes026.spec.ts
tests/browser/release-changequeue026.spec.ts
tests/browser/release-crm-keyboard-zoom031.spec.ts
tests/browser/release-crm-presentation026.spec.ts
tests/browser/release-crm-recovery028.spec.ts
tests/browser/release-proposal.spec.ts
tests/rules/backend-authority-hardening.test.ts
tests/rules/changequeue026.test.ts
tests/rules/remaining-authority026.test.ts
tests/rules/server.test.ts
tests/rules/staff-role-array026.test.ts
tests/unit/bootstrap-owner075.test.mjs
tests/unit/catalog-checkout.test.ts
tests/unit/changes-contextual.test.ts
tests/unit/changes.test.ts",PROPOSED_TEST_ORACLE_SOURCE_REFERENCED_NOT_EXECUTED,NOT_RUN,,,,NONE,,,,
SG-CHANGE-008,independent,CHANGE,Retry apply,P0,"OWNER, OPERATIONS_MANAGER, customer",EMULATOR,"Order hai dòng, line0 đã mua=2, line1 chưa mua=3; versions cố định.","Apply cùng operationId nhiều lần
đọc history, refundReserved, finalTotal",Một lần thay state/tiền; không nhân đôi giảm giá hoặc event.,"Dùng invariant của nhóm và I1–I10 trong README; đối chiếu trước/sau, không chỉ response.","Độc lập: chạy với namespace sạch; biên/multiple variants trong steps phải có result con riêng, mọi variant pass mới PASS case.","functions/src/changes.ts
packages/domain/changes.ts
src/features/orders/Changes.tsx","tests/browser/release-ask-changes-states026.spec.ts
tests/browser/release-ask-changes026.spec.ts
tests/browser/release-changequeue026.spec.ts
tests/browser/release-crm-keyboard-zoom031.spec.ts
tests/browser/release-crm-presentation026.spec.ts
tests/browser/release-crm-recovery028.spec.ts
tests/browser/release-proposal.spec.ts
tests/rules/backend-authority-hardening.test.ts
tests/rules/changequeue026.test.ts
tests/rules/remaining-authority026.test.ts
tests/rules/server.test.ts
tests/rules/staff-role-array026.test.ts
tests/unit/bootstrap-owner075.test.mjs
tests/unit/catalog-checkout.test.ts
tests/unit/changes-contextual.test.ts
tests/unit/changes.test.ts",PROPOSED_TEST_ORACLE_SOURCE_REFERENCED_NOT_EXECUTED,NOT_RUN,,,,NONE,,,,
SG-SHIP-001,independent,SHIP,Pack từng kiện,P0,"WAREHOUSE, OPERATIONS_MANAGER, customer",EMULATOR,"Order lines=[2,3] đủ mua/nhận; parcel P1/P2; timeline synthetic.","packParcel line0=2,line1=1 rồi P2 line1=2
đọc allocations",Tổng alloc đúng ceilings; không cần gói mọi hàng trong một kiện.,"Dùng invariant của nhóm và I1–I10 trong README; đối chiếu trước/sau, không chỉ response.","Độc lập: chạy với namespace sạch; biên/multiple variants trong steps phải có result con riêng, mọi variant pass mới PASS case.","functions/src/shipping.ts
packages/domain/shipping.ts
functions/src/customer-order-tracking.ts
packages/domain/order-tracking.ts
src/features/orders/AccountTracking.tsx","tests/browser/release-crm-keyboard-zoom031.spec.ts
tests/browser/release-crm-populated026.spec.ts
tests/browser/release-crm-presentation026.spec.ts
tests/browser/release-package-batch-positive028.spec.ts
tests/rules/manual-delivery-estimate064.test.ts
tests/rules/order-tracking027.test.ts
tests/rules/remaining-authority026.test.ts
tests/rules/server.test.ts
tests/rules/shipping-lookup028.test.ts
tests/rules/shipping-rates027.test.ts
tests/rules/staff-role-array026.test.ts
tests/unit/ask-english-tracking061.test.ts
tests/unit/ask-task-frame.test.ts
tests/unit/consolidation.test.ts
tests/unit/customer-order-filter073.test.ts
tests/unit/domain.test.ts
tests/unit/manual-delivery-estimate064.test.ts
tests/unit/order-tracking.test.ts
tests/unit/shipping-contextual.test.ts
tests/unit/shipping-question027.test.ts
tests/unit/shipping-queue028.test.ts
tests/unit/shipping-rates027.test.ts
tests/unit/shipping.test.ts",PROPOSED_TEST_ORACLE_SOURCE_REFERENCED_NOT_EXECUTED,NOT_RUN,,,,NONE,,,,
SG-SHIP-002,independent,SHIP,Over-allocation,P0,"WAREHOUSE, OPERATIONS_MANAGER, customer",EMULATOR,"Order lines=[2,3] đủ mua/nhận; parcel P1/P2; timeline synthetic.","Hai staff pack cùng số hàng đồng thời
thử duplicate line và parcel ID",Không cấp phát vượt hoặc double-count; conflict atomic.,"Dùng invariant của nhóm và I1–I10 trong README; đối chiếu trước/sau, không chỉ response.","Độc lập: chạy với namespace sạch; biên/multiple variants trong steps phải có result con riêng, mọi variant pass mới PASS case.","functions/src/shipping.ts
packages/domain/shipping.ts
functions/src/customer-order-tracking.ts
packages/domain/order-tracking.ts
src/features/orders/AccountTracking.tsx","tests/browser/release-crm-keyboard-zoom031.spec.ts
tests/browser/release-crm-populated026.spec.ts
tests/browser/release-crm-presentation026.spec.ts
tests/browser/release-package-batch-positive028.spec.ts
tests/rules/manual-delivery-estimate064.test.ts
tests/rules/order-tracking027.test.ts
tests/rules/remaining-authority026.test.ts
tests/rules/server.test.ts
tests/rules/shipping-lookup028.test.ts
tests/rules/shipping-rates027.test.ts
tests/rules/staff-role-array026.test.ts
tests/unit/ask-english-tracking061.test.ts
tests/unit/ask-task-frame.test.ts
tests/unit/consolidation.test.ts
tests/unit/customer-order-filter073.test.ts
tests/unit/domain.test.ts
tests/unit/manual-delivery-estimate064.test.ts
tests/unit/order-tracking.test.ts
tests/unit/shipping-contextual.test.ts
tests/unit/shipping-question027.test.ts
tests/unit/shipping-queue028.test.ts
tests/unit/shipping-rates027.test.ts
tests/unit/shipping.test.ts",PROPOSED_TEST_ORACLE_SOURCE_REFERENCED_NOT_EXECUTED,NOT_RUN,,,,NONE,,,,
SG-SHIP-003,independent,SHIP,Dispatch thiếu điều kiện,P0,"WAREHOUSE, OPERATIONS_MANAGER, customer",EMULATOR,"Order lines=[2,3] đủ mua/nhận; parcel P1/P2; timeline synthetic.","dispatchParcel khi hold, thiếu tiền, thiếu finalApproved hoặc thiếu packing",Deny từng biến thể; không tạo customerShipment in_transit giả.,"Dùng invariant của nhóm và I1–I10 trong README; đối chiếu trước/sau, không chỉ response.","Độc lập: chạy với namespace sạch; biên/multiple variants trong steps phải có result con riêng, mọi variant pass mới PASS case.","functions/src/shipping.ts
packages/domain/shipping.ts
functions/src/customer-order-tracking.ts
packages/domain/order-tracking.ts
src/features/orders/AccountTracking.tsx","tests/browser/release-crm-keyboard-zoom031.spec.ts
tests/browser/release-crm-populated026.spec.ts
tests/browser/release-crm-presentation026.spec.ts
tests/browser/release-package-batch-positive028.spec.ts
tests/rules/manual-delivery-estimate064.test.ts
tests/rules/order-tracking027.test.ts
tests/rules/remaining-authority026.test.ts
tests/rules/server.test.ts
tests/rules/shipping-lookup028.test.ts
tests/rules/shipping-rates027.test.ts
tests/rules/staff-role-array026.test.ts
tests/unit/ask-english-tracking061.test.ts
tests/unit/ask-task-frame.test.ts
tests/unit/consolidation.test.ts
tests/unit/customer-order-filter073.test.ts
tests/unit/domain.test.ts
tests/unit/manual-delivery-estimate064.test.ts
tests/unit/order-tracking.test.ts
tests/unit/shipping-contextual.test.ts
tests/unit/shipping-question027.test.ts
tests/unit/shipping-queue028.test.ts
tests/unit/shipping-rates027.test.ts
tests/unit/shipping.test.ts",PROPOSED_TEST_ORACLE_SOURCE_REFERENCED_NOT_EXECUTED,NOT_RUN,,,,NONE,,,,
SG-SHIP-004,independent,SHIP,Tracking update,P0,"WAREHOUSE, OPERATIONS_MANAGER, customer",EMULATOR,"Order lines=[2,3] đủ mua/nhận; parcel P1/P2; timeline synthetic.","Update parcel lần lượt in_transit, delivered
customer xem projections",Chỉ kiện đúng owner; source event/timestamp đúng; timeline không đảo nghĩa.,"Dùng invariant của nhóm và I1–I10 trong README; đối chiếu trước/sau, không chỉ response.","Độc lập: chạy với namespace sạch; biên/multiple variants trong steps phải có result con riêng, mọi variant pass mới PASS case.","functions/src/shipping.ts
packages/domain/shipping.ts
functions/src/customer-order-tracking.ts
packages/domain/order-tracking.ts
src/features/orders/AccountTracking.tsx","tests/browser/release-crm-keyboard-zoom031.spec.ts
tests/browser/release-crm-populated026.spec.ts
tests/browser/release-crm-presentation026.spec.ts
tests/browser/release-package-batch-positive028.spec.ts
tests/rules/manual-delivery-estimate064.test.ts
tests/rules/order-tracking027.test.ts
tests/rules/remaining-authority026.test.ts
tests/rules/server.test.ts
tests/rules/shipping-lookup028.test.ts
tests/rules/shipping-rates027.test.ts
tests/rules/staff-role-array026.test.ts
tests/unit/ask-english-tracking061.test.ts
tests/unit/ask-task-frame.test.ts
tests/unit/consolidation.test.ts
tests/unit/customer-order-filter073.test.ts
tests/unit/domain.test.ts
tests/unit/manual-delivery-estimate064.test.ts
tests/unit/order-tracking.test.ts
tests/unit/shipping-contextual.test.ts
tests/unit/shipping-question027.test.ts
tests/unit/shipping-queue028.test.ts
tests/unit/shipping-rates027.test.ts
tests/unit/shipping.test.ts",PROPOSED_TEST_ORACLE_SOURCE_REFERENCED_NOT_EXECUTED,NOT_RUN,,,,NONE,,,,
SG-SHIP-005,independent,SHIP,Giao một phần,P0,"WAREHOUSE, OPERATIONS_MANAGER, customer",EMULATOR,"Order lines=[2,3] đủ mua/nhận; parcel P1/P2; timeline synthetic.","P1 delivered, P2 in_transit
customer confirmReceipt",Order không COMPLETED khi còn hàng chưa giao; UI nêu rõ phần còn lại.,"Dùng invariant của nhóm và I1–I10 trong README; đối chiếu trước/sau, không chỉ response.","Độc lập: chạy với namespace sạch; biên/multiple variants trong steps phải có result con riêng, mọi variant pass mới PASS case.","functions/src/shipping.ts
packages/domain/shipping.ts
functions/src/customer-order-tracking.ts
packages/domain/order-tracking.ts
src/features/orders/AccountTracking.tsx","tests/browser/release-crm-keyboard-zoom031.spec.ts
tests/browser/release-crm-populated026.spec.ts
tests/browser/release-crm-presentation026.spec.ts
tests/browser/release-package-batch-positive028.spec.ts
tests/rules/manual-delivery-estimate064.test.ts
tests/rules/order-tracking027.test.ts
tests/rules/remaining-authority026.test.ts
tests/rules/server.test.ts
tests/rules/shipping-lookup028.test.ts
tests/rules/shipping-rates027.test.ts
tests/rules/staff-role-array026.test.ts
tests/unit/ask-english-tracking061.test.ts
tests/unit/ask-task-frame.test.ts
tests/unit/consolidation.test.ts
tests/unit/customer-order-filter073.test.ts
tests/unit/domain.test.ts
tests/unit/manual-delivery-estimate064.test.ts
tests/unit/order-tracking.test.ts
tests/unit/shipping-contextual.test.ts
tests/unit/shipping-question027.test.ts
tests/unit/shipping-queue028.test.ts
tests/unit/shipping-rates027.test.ts
tests/unit/shipping.test.ts",PROPOSED_TEST_ORACLE_SOURCE_REFERENCED_NOT_EXECUTED,NOT_RUN,,,,NONE,,,,
SG-SHIP-006,independent,SHIP,Giao lỗi và trả về,P0,"WAREHOUSE, OPERATIONS_MANAGER, customer",EMULATOR,"Order lines=[2,3] đủ mua/nhận; parcel P1/P2; timeline synthetic.","Parcel failed rồi returned
mở return workflow",Không mô tả đã giao thành công; giữ quantities và dấu vết để tiếp nhận hàng trả.,"Dùng invariant của nhóm và I1–I10 trong README; đối chiếu trước/sau, không chỉ response.","Độc lập: chạy với namespace sạch; biên/multiple variants trong steps phải có result con riêng, mọi variant pass mới PASS case.","functions/src/shipping.ts
packages/domain/shipping.ts
functions/src/customer-order-tracking.ts
packages/domain/order-tracking.ts
src/features/orders/AccountTracking.tsx","tests/browser/release-crm-keyboard-zoom031.spec.ts
tests/browser/release-crm-populated026.spec.ts
tests/browser/release-crm-presentation026.spec.ts
tests/browser/release-package-batch-positive028.spec.ts
tests/rules/manual-delivery-estimate064.test.ts
tests/rules/order-tracking027.test.ts
tests/rules/remaining-authority026.test.ts
tests/rules/server.test.ts
tests/rules/shipping-lookup028.test.ts
tests/rules/shipping-rates027.test.ts
tests/rules/staff-role-array026.test.ts
tests/unit/ask-english-tracking061.test.ts
tests/unit/ask-task-frame.test.ts
tests/unit/consolidation.test.ts
tests/unit/customer-order-filter073.test.ts
tests/unit/domain.test.ts
tests/unit/manual-delivery-estimate064.test.ts
tests/unit/order-tracking.test.ts
tests/unit/shipping-contextual.test.ts
tests/unit/shipping-question027.test.ts
tests/unit/shipping-queue028.test.ts
tests/unit/shipping-rates027.test.ts
tests/unit/shipping.test.ts",PROPOSED_TEST_ORACLE_SOURCE_REFERENCED_NOT_EXECUTED,NOT_RUN,,,,NONE,,,,
SG-SHIP-007,independent,SHIP,Estimate thủ công,P0,"WAREHOUSE, OPERATIONS_MANAGER, customer",EMULATOR,"Order lines=[2,3] đủ mua/nhận; parcel P1/P2; timeline synthetic.","setDeliveryEstimate hợp lệ
nhập khoảng ngày đảo, timezone khác hoặc note quá dài","Khoảng ngày source-valid; hiển thị ước tính có nguồn, không cam kết chắc chắn.","Dùng invariant của nhóm và I1–I10 trong README; đối chiếu trước/sau, không chỉ response.","Độc lập: chạy với namespace sạch; biên/multiple variants trong steps phải có result con riêng, mọi variant pass mới PASS case.","functions/src/shipping.ts
packages/domain/shipping.ts
functions/src/customer-order-tracking.ts
packages/domain/order-tracking.ts
src/features/orders/AccountTracking.tsx","tests/browser/release-crm-keyboard-zoom031.spec.ts
tests/browser/release-crm-populated026.spec.ts
tests/browser/release-crm-presentation026.spec.ts
tests/browser/release-package-batch-positive028.spec.ts
tests/rules/manual-delivery-estimate064.test.ts
tests/rules/order-tracking027.test.ts
tests/rules/remaining-authority026.test.ts
tests/rules/server.test.ts
tests/rules/shipping-lookup028.test.ts
tests/rules/shipping-rates027.test.ts
tests/rules/staff-role-array026.test.ts
tests/unit/ask-english-tracking061.test.ts
tests/unit/ask-task-frame.test.ts
tests/unit/consolidation.test.ts
tests/unit/customer-order-filter073.test.ts
tests/unit/domain.test.ts
tests/unit/manual-delivery-estimate064.test.ts
tests/unit/order-tracking.test.ts
tests/unit/shipping-contextual.test.ts
tests/unit/shipping-question027.test.ts
tests/unit/shipping-queue028.test.ts
tests/unit/shipping-rates027.test.ts
tests/unit/shipping.test.ts",PROPOSED_TEST_ORACLE_SOURCE_REFERENCED_NOT_EXECUTED,NOT_RUN,,,,NONE,,,,
SG-SHIP-008,independent,SHIP,Tracking lookup ngoài quyền,P0,"WAREHOUSE, OPERATIONS_MANAGER, customer",EMULATOR,"Order lines=[2,3] đủ mua/nhận; parcel P1/P2; timeline synthetic.","A tra ID/code của B
guest thử dữ liệu private","Không lộ người nhận, địa chỉ, nội dung hoặc tồn tại đơn ngoài quyền.","Dùng invariant của nhóm và I1–I10 trong README; đối chiếu trước/sau, không chỉ response.","Độc lập: chạy với namespace sạch; biên/multiple variants trong steps phải có result con riêng, mọi variant pass mới PASS case.","functions/src/shipping.ts
packages/domain/shipping.ts
functions/src/customer-order-tracking.ts
packages/domain/order-tracking.ts
src/features/orders/AccountTracking.tsx","tests/browser/release-crm-keyboard-zoom031.spec.ts
tests/browser/release-crm-populated026.spec.ts
tests/browser/release-crm-presentation026.spec.ts
tests/browser/release-package-batch-positive028.spec.ts
tests/rules/manual-delivery-estimate064.test.ts
tests/rules/order-tracking027.test.ts
tests/rules/remaining-authority026.test.ts
tests/rules/server.test.ts
tests/rules/shipping-lookup028.test.ts
tests/rules/shipping-rates027.test.ts
tests/rules/staff-role-array026.test.ts
tests/unit/ask-english-tracking061.test.ts
tests/unit/ask-task-frame.test.ts
tests/unit/consolidation.test.ts
tests/unit/customer-order-filter073.test.ts
tests/unit/domain.test.ts
tests/unit/manual-delivery-estimate064.test.ts
tests/unit/order-tracking.test.ts
tests/unit/shipping-contextual.test.ts
tests/unit/shipping-question027.test.ts
tests/unit/shipping-queue028.test.ts
tests/unit/shipping-rates027.test.ts
tests/unit/shipping.test.ts",PROPOSED_TEST_ORACLE_SOURCE_REFERENCED_NOT_EXECUTED,NOT_RUN,,,,NONE,,,,
SG-SHIP-009,independent,SHIP,Tracking cùng tên nhiều đơn,P0,"WAREHOUSE, OPERATIONS_MANAGER, customer",EMULATOR,"Order lines=[2,3] đủ mua/nhận; parcel P1/P2; timeline synthetic.","A có nhiều order và parcel
đổi selection nhanh với response delay",State gắn đúng order; không nối tracking/estimate của đơn cũ sang đơn mới.,"Dùng invariant của nhóm và I1–I10 trong README; đối chiếu trước/sau, không chỉ response.","Độc lập: chạy với namespace sạch; biên/multiple variants trong steps phải có result con riêng, mọi variant pass mới PASS case.","functions/src/shipping.ts
packages/domain/shipping.ts
functions/src/customer-order-tracking.ts
packages/domain/order-tracking.ts
src/features/orders/AccountTracking.tsx","tests/browser/release-crm-keyboard-zoom031.spec.ts
tests/browser/release-crm-populated026.spec.ts
tests/browser/release-crm-presentation026.spec.ts
tests/browser/release-package-batch-positive028.spec.ts
tests/rules/manual-delivery-estimate064.test.ts
tests/rules/order-tracking027.test.ts
tests/rules/remaining-authority026.test.ts
tests/rules/server.test.ts
tests/rules/shipping-lookup028.test.ts
tests/rules/shipping-rates027.test.ts
tests/rules/staff-role-array026.test.ts
tests/unit/ask-english-tracking061.test.ts
tests/unit/ask-task-frame.test.ts
tests/unit/consolidation.test.ts
tests/unit/customer-order-filter073.test.ts
tests/unit/domain.test.ts
tests/unit/manual-delivery-estimate064.test.ts
tests/unit/order-tracking.test.ts
tests/unit/shipping-contextual.test.ts
tests/unit/shipping-question027.test.ts
tests/unit/shipping-queue028.test.ts
tests/unit/shipping-rates027.test.ts
tests/unit/shipping.test.ts",PROPOSED_TEST_ORACLE_SOURCE_REFERENCED_NOT_EXECUTED,NOT_RUN,,,,NONE,,,,
SG-BATCH-001,independent,BATCH,Bảo toàn cước,P0,"OWNER, OPERATIONS_MANAGER, WAREHOUSE",EMULATOR,"Batch 3 parcels, weights=[1,1,1], freight=100001; owners A/B; hold fixture.","allocateFreight 100001 cho weights bằng nhau và lệch
cộng các phần","Tổng phân bổ đúng 100001, integer, deterministic; không mất đồng làm tròn.","Dùng invariant của nhóm và I1–I10 trong README; đối chiếu trước/sau, không chỉ response.","Độc lập: chạy với namespace sạch; biên/multiple variants trong steps phải có result con riêng, mọi variant pass mới PASS case.","functions/src/consolidation.ts
packages/domain/consolidation.ts
packages/domain/index.ts","tests/rules/backend-authority-hardening.test.ts
tests/rules/manual-delivery-estimate064.test.ts
tests/rules/server.test.ts
tests/rules/staff-role-array026.test.ts
tests/unit/consolidation.test.ts",PROPOSED_TEST_ORACLE_SOURCE_REFERENCED_NOT_EXECUTED,NOT_RUN,,,,NONE,,,,
SG-BATCH-002,independent,BATCH,Weight không hợp lệ,P0,"OWNER, OPERATIONS_MANAGER, WAREHOUSE",EMULATOR,"Batch 3 parcels, weights=[1,1,1], freight=100001; owners A/B; hold fixture.","Seal weights=0/âm/lẻ/thiếu
mismatch cân thực",Từ chối; không seal batch bằng dữ liệu vật lý sai.,"Dùng invariant của nhóm và I1–I10 trong README; đối chiếu trước/sau, không chỉ response.","Độc lập: chạy với namespace sạch; biên/multiple variants trong steps phải có result con riêng, mọi variant pass mới PASS case.","functions/src/consolidation.ts
packages/domain/consolidation.ts
packages/domain/index.ts","tests/rules/backend-authority-hardening.test.ts
tests/rules/manual-delivery-estimate064.test.ts
tests/rules/server.test.ts
tests/rules/staff-role-array026.test.ts
tests/unit/consolidation.test.ts",PROPOSED_TEST_ORACLE_SOURCE_REFERENCED_NOT_EXECUTED,NOT_RUN,,,,NONE,,,,
SG-BATCH-003,independent,BATCH,Seal trùng parcel,P0,"OWNER, OPERATIONS_MANAGER, WAREHOUSE",EMULATOR,"Batch 3 parcels, weights=[1,1,1], freight=100001; owners A/B; hold fixture.",Gom cùng parcel vào 2 batch hoặc lặp member,Không double allocation; batch/version nhất quán.,"Dùng invariant của nhóm và I1–I10 trong README; đối chiếu trước/sau, không chỉ response.","Độc lập: chạy với namespace sạch; biên/multiple variants trong steps phải có result con riêng, mọi variant pass mới PASS case.","functions/src/consolidation.ts
packages/domain/consolidation.ts
packages/domain/index.ts","tests/rules/backend-authority-hardening.test.ts
tests/rules/manual-delivery-estimate064.test.ts
tests/rules/server.test.ts
tests/rules/staff-role-array026.test.ts
tests/unit/consolidation.test.ts",PROPOSED_TEST_ORACLE_SOURCE_REFERENCED_NOT_EXECUTED,NOT_RUN,,,,NONE,,,,
SG-BATCH-004,independent,BATCH,Member chưa sẵn sàng,P0,"OWNER, OPERATIONS_MANAGER, WAREHOUSE",EMULATOR,"Batch 3 parcels, weights=[1,1,1], freight=100001; owners A/B; hold fixture.","Dispatch batch có một order held, unfunded hoặc chưa final freight approval",Chặn toàn batch atomically; không gửi các member còn lại trước.,"Dùng invariant của nhóm và I1–I10 trong README; đối chiếu trước/sau, không chỉ response.","Độc lập: chạy với namespace sạch; biên/multiple variants trong steps phải có result con riêng, mọi variant pass mới PASS case.","functions/src/consolidation.ts
packages/domain/consolidation.ts
packages/domain/index.ts","tests/rules/backend-authority-hardening.test.ts
tests/rules/manual-delivery-estimate064.test.ts
tests/rules/server.test.ts
tests/rules/staff-role-array026.test.ts
tests/unit/consolidation.test.ts",PROPOSED_TEST_ORACLE_SOURCE_REFERENCED_NOT_EXECUTED,NOT_RUN,,,,NONE,,,,
SG-BATCH-005,independent,BATCH,Freight version mới,P0,"OWNER, OPERATIONS_MANAGER, WAREHOUSE",EMULATOR,"Batch 3 parcels, weights=[1,1,1], freight=100001; owners A/B; hold fixture.","Seal/change freight làm version tăng
dùng approval version cũ để dispatch",Phải đồng ý freight version hiện hành; không thu cước mới ngầm.,"Dùng invariant của nhóm và I1–I10 trong README; đối chiếu trước/sau, không chỉ response.","Độc lập: chạy với namespace sạch; biên/multiple variants trong steps phải có result con riêng, mọi variant pass mới PASS case.","functions/src/consolidation.ts
packages/domain/consolidation.ts
packages/domain/index.ts","tests/rules/backend-authority-hardening.test.ts
tests/rules/manual-delivery-estimate064.test.ts
tests/rules/server.test.ts
tests/rules/staff-role-array026.test.ts
tests/unit/consolidation.test.ts",PROPOSED_TEST_ORACLE_SOURCE_REFERENCED_NOT_EXECUTED,NOT_RUN,,,,NONE,,,,
SG-BATCH-006,independent,BATCH,Catalog trong batch,P0,"OWNER, OPERATIONS_MANAGER, WAREHOUSE",EMULATOR,"Batch 3 parcels, weights=[1,1,1], freight=100001; owners A/B; hold fixture.","Gom catalog với custom
ghi freight nội bộ
đọc payable catalog",Catalog không tăng giá all-inclusive hoặc tạo balance charge mới.,"Dùng invariant của nhóm và I1–I10 trong README; đối chiếu trước/sau, không chỉ response.","Độc lập: chạy với namespace sạch; biên/multiple variants trong steps phải có result con riêng, mọi variant pass mới PASS case.","functions/src/consolidation.ts
packages/domain/consolidation.ts
packages/domain/index.ts","tests/rules/backend-authority-hardening.test.ts
tests/rules/manual-delivery-estimate064.test.ts
tests/rules/server.test.ts
tests/rules/staff-role-array026.test.ts
tests/unit/consolidation.test.ts",PROPOSED_TEST_ORACLE_SOURCE_REFERENCED_NOT_EXECUTED,NOT_RUN,,,,NONE,,,,
SG-BATCH-007,independent,BATCH,Projection theo owner,P0,"OWNER, OPERATIONS_MANAGER, WAREHOUSE",EMULATOR,"Batch 3 parcels, weights=[1,1,1], freight=100001; owners A/B; hold fixture.","Dispatch batch mixed A/B
A/B đọc customerShipments",Mỗi người thấy kiện của mình; không thấy manifest/địa chỉ người khác.,"Dùng invariant của nhóm và I1–I10 trong README; đối chiếu trước/sau, không chỉ response.","Độc lập: chạy với namespace sạch; biên/multiple variants trong steps phải có result con riêng, mọi variant pass mới PASS case.","functions/src/consolidation.ts
packages/domain/consolidation.ts
packages/domain/index.ts","tests/rules/backend-authority-hardening.test.ts
tests/rules/manual-delivery-estimate064.test.ts
tests/rules/server.test.ts
tests/rules/staff-role-array026.test.ts
tests/unit/consolidation.test.ts",PROPOSED_TEST_ORACLE_SOURCE_REFERENCED_NOT_EXECUTED,NOT_RUN,,,,NONE,,,,
SG-BATCH-008,independent,BATCH,Race seal/dispatch,P0,"OWNER, OPERATIONS_MANAGER, WAREHOUSE",EMULATOR,"Batch 3 parcels, weights=[1,1,1], freight=100001; owners A/B; hold fixture.","Hai staff seal hoặc dispatch cùng expectedVersion
retry lost response",Một kết quả; không tạo duplicate shipments/history hoặc phân bổ cước.,"Dùng invariant của nhóm và I1–I10 trong README; đối chiếu trước/sau, không chỉ response.","Độc lập: chạy với namespace sạch; biên/multiple variants trong steps phải có result con riêng, mọi variant pass mới PASS case.","functions/src/consolidation.ts
packages/domain/consolidation.ts
packages/domain/index.ts","tests/rules/backend-authority-hardening.test.ts
tests/rules/manual-delivery-estimate064.test.ts
tests/rules/server.test.ts
tests/rules/staff-role-array026.test.ts
tests/unit/consolidation.test.ts",PROPOSED_TEST_ORACLE_SOURCE_REFERENCED_NOT_EXECUTED,NOT_RUN,,,,NONE,,,,
SG-RETURN-001,independent,RETURN,Receive return,P0,"WAREHOUSE, OWNER, OPERATIONS_MANAGER",EMULATOR,Parcel returned; inspected/uninspected return fixtures; quantity lineage.,"Receive đúng parcel returned
đọc return record và event",Gắn đúng nguồn và lượng; không giả refund đã hoàn tất.,"Dùng invariant của nhóm và I1–I10 trong README; đối chiếu trước/sau, không chỉ response.","Độc lập: chạy với namespace sạch; biên/multiple variants trong steps phải có result con riêng, mọi variant pass mới PASS case.","functions/src/returns.ts
src/features/operations/Returns.tsx","tests/browser/release-crm-keyboard-zoom031.spec.ts
tests/browser/release-crm-populated026.spec.ts
tests/browser/release-crm-presentation026.spec.ts
tests/browser/release-returns028.spec.ts
tests/rules/backend-authority-hardening.test.ts
tests/rules/server.test.ts
tests/rules/staff-role-array026.test.ts
tests/unit/returns-contextual.test.ts",PROPOSED_TEST_ORACLE_SOURCE_REFERENCED_NOT_EXECUTED,NOT_RUN,,,,NONE,,,,
SG-RETURN-002,independent,RETURN,Inspect condition,P0,"WAREHOUSE, OWNER, OPERATIONS_MANAGER",EMULATOR,Parcel returned; inspected/uninspected return fixtures; quantity lineage.,Inspect accepted và damaged với condition/reason hợp lệ,Trạng thái kiểm tra đúng; dữ liệu vật lý/audit đủ trước close.,"Dùng invariant của nhóm và I1–I10 trong README; đối chiếu trước/sau, không chỉ response.","Độc lập: chạy với namespace sạch; biên/multiple variants trong steps phải có result con riêng, mọi variant pass mới PASS case.","functions/src/returns.ts
src/features/operations/Returns.tsx","tests/browser/release-crm-keyboard-zoom031.spec.ts
tests/browser/release-crm-populated026.spec.ts
tests/browser/release-crm-presentation026.spec.ts
tests/browser/release-returns028.spec.ts
tests/rules/backend-authority-hardening.test.ts
tests/rules/server.test.ts
tests/rules/staff-role-array026.test.ts
tests/unit/returns-contextual.test.ts",PROPOSED_TEST_ORACLE_SOURCE_REFERENCED_NOT_EXECUTED,NOT_RUN,,,,NONE,,,,
SG-RETURN-003,independent,RETURN,Sai action fields,P0,"WAREHOUSE, OWNER, OPERATIONS_MANAGER",EMULATOR,Parcel returned; inspected/uninspected return fixtures; quantity lineage.,"receive kèm condition
inspect thiếu condition
ID không tồn tại",Schema/flow từ chối; không tạo return không có lineage.,"Dùng invariant của nhóm và I1–I10 trong README; đối chiếu trước/sau, không chỉ response.","Độc lập: chạy với namespace sạch; biên/multiple variants trong steps phải có result con riêng, mọi variant pass mới PASS case.","functions/src/returns.ts
src/features/operations/Returns.tsx","tests/browser/release-crm-keyboard-zoom031.spec.ts
tests/browser/release-crm-populated026.spec.ts
tests/browser/release-crm-presentation026.spec.ts
tests/browser/release-returns028.spec.ts
tests/rules/backend-authority-hardening.test.ts
tests/rules/server.test.ts
tests/rules/staff-role-array026.test.ts
tests/unit/returns-contextual.test.ts",PROPOSED_TEST_ORACLE_SOURCE_REFERENCED_NOT_EXECUTED,NOT_RUN,,,,NONE,,,,
SG-RETURN-004,independent,RETURN,Close trước inspect,P0,"WAREHOUSE, OWNER, OPERATIONS_MANAGER",EMULATOR,Parcel returned; inspected/uninspected return fixtures; quantity lineage.,Close return mới receive chưa inspect,Không hoàn tất return thiếu bước kiểm tra bắt buộc.,"Dùng invariant của nhóm và I1–I10 trong README; đối chiếu trước/sau, không chỉ response.","Độc lập: chạy với namespace sạch; biên/multiple variants trong steps phải có result con riêng, mọi variant pass mới PASS case.","functions/src/returns.ts
src/features/operations/Returns.tsx","tests/browser/release-crm-keyboard-zoom031.spec.ts
tests/browser/release-crm-populated026.spec.ts
tests/browser/release-crm-presentation026.spec.ts
tests/browser/release-returns028.spec.ts
tests/rules/backend-authority-hardening.test.ts
tests/rules/server.test.ts
tests/rules/staff-role-array026.test.ts
tests/unit/returns-contextual.test.ts",PROPOSED_TEST_ORACLE_SOURCE_REFERENCED_NOT_EXECUTED,NOT_RUN,,,,NONE,,,,
SG-RETURN-005,independent,RETURN,Close return hợp lệ,P0,"WAREHOUSE, OWNER, OPERATIONS_MANAGER",EMULATOR,Parcel returned; inspected/uninspected return fixtures; quantity lineage.,"Receive rồi inspect rồi close
mở customer order và finance","Đúng state, không phát sinh tiền ngoài financial authority.","Dùng invariant của nhóm và I1–I10 trong README; đối chiếu trước/sau, không chỉ response.","Độc lập: chạy với namespace sạch; biên/multiple variants trong steps phải có result con riêng, mọi variant pass mới PASS case.","functions/src/returns.ts
src/features/operations/Returns.tsx","tests/browser/release-crm-keyboard-zoom031.spec.ts
tests/browser/release-crm-populated026.spec.ts
tests/browser/release-crm-presentation026.spec.ts
tests/browser/release-returns028.spec.ts
tests/rules/backend-authority-hardening.test.ts
tests/rules/server.test.ts
tests/rules/staff-role-array026.test.ts
tests/unit/returns-contextual.test.ts",PROPOSED_TEST_ORACLE_SOURCE_REFERENCED_NOT_EXECUTED,NOT_RUN,,,,NONE,,,,
SG-RETURN-006,independent,RETURN,Version conflict và retry,P0,"WAREHOUSE, OWNER, OPERATIONS_MANAGER",EMULATOR,Parcel returned; inspected/uninspected return fixtures; quantity lineage.,"Hai warehouse inspect cùng version
replay close operationId",Một commit; không nhân đôi return quantity hoặc close history.,"Dùng invariant của nhóm và I1–I10 trong README; đối chiếu trước/sau, không chỉ response.","Độc lập: chạy với namespace sạch; biên/multiple variants trong steps phải có result con riêng, mọi variant pass mới PASS case.","functions/src/returns.ts
src/features/operations/Returns.tsx","tests/browser/release-crm-keyboard-zoom031.spec.ts
tests/browser/release-crm-populated026.spec.ts
tests/browser/release-crm-presentation026.spec.ts
tests/browser/release-returns028.spec.ts
tests/rules/backend-authority-hardening.test.ts
tests/rules/server.test.ts
tests/rules/staff-role-array026.test.ts
tests/unit/returns-contextual.test.ts",PROPOSED_TEST_ORACLE_SOURCE_REFERENCED_NOT_EXECUTED,NOT_RUN,,,,NONE,,,,
SG-RETURN-007,independent,RETURN,Vai trò không được phép,P0,"WAREHOUSE, OWNER, OPERATIONS_MANAGER",EMULATOR,Parcel returned; inspected/uninspected return fixtures; quantity lineage.,"Customer/BUYER gọi receive,inspect,close
staff locked thử lại",Deny server dù tự mở route returns.,"Dùng invariant của nhóm và I1–I10 trong README; đối chiếu trước/sau, không chỉ response.","Độc lập: chạy với namespace sạch; biên/multiple variants trong steps phải có result con riêng, mọi variant pass mới PASS case.","functions/src/returns.ts
src/features/operations/Returns.tsx","tests/browser/release-crm-keyboard-zoom031.spec.ts
tests/browser/release-crm-populated026.spec.ts
tests/browser/release-crm-presentation026.spec.ts
tests/browser/release-returns028.spec.ts
tests/rules/backend-authority-hardening.test.ts
tests/rules/server.test.ts
tests/rules/staff-role-array026.test.ts
tests/unit/returns-contextual.test.ts",PROPOSED_TEST_ORACLE_SOURCE_REFERENCED_NOT_EXECUTED,NOT_RUN,,,,NONE,,,,
SG-RETURN-008,independent,RETURN,Hàng trả khác order,P0,"WAREHOUSE, OWNER, OPERATIONS_MANAGER",EMULATOR,Parcel returned; inspected/uninspected return fixtures; quantity lineage.,Gửi parcel/order mismatch và quantity vượt nguồn,Không quy sai hàng trả hoặc giải phóng nghĩa vụ nhầm order.,"Dùng invariant của nhóm và I1–I10 trong README; đối chiếu trước/sau, không chỉ response.","Độc lập: chạy với namespace sạch; biên/multiple variants trong steps phải có result con riêng, mọi variant pass mới PASS case.","functions/src/returns.ts
src/features/operations/Returns.tsx","tests/browser/release-crm-keyboard-zoom031.spec.ts
tests/browser/release-crm-populated026.spec.ts
tests/browser/release-crm-presentation026.spec.ts
tests/browser/release-returns028.spec.ts
tests/rules/backend-authority-hardening.test.ts
tests/rules/server.test.ts
tests/rules/staff-role-array026.test.ts
tests/unit/returns-contextual.test.ts",PROPOSED_TEST_ORACLE_SOURCE_REFERENCED_NOT_EXECUTED,NOT_RUN,,,,NONE,,,,
SG-REFUND-001,independent,REFUND,Request refund,P0,"OWNER, FINANCE",EMULATOR,Order collected=100001 refunded=10000; pending reservation=20000.,"request amount hợp lệ với reason
đọc refund và reserved",Tạo pending request/reservation; chưa tăng refunded hoặc báo đã trả tiền.,"Dùng invariant của nhóm và I1–I10 trong README; đối chiếu trước/sau, không chỉ response.","Độc lập: chạy với namespace sạch; biên/multiple variants trong steps phải có result con riêng, mọi variant pass mới PASS case.","functions/src/refunds.ts
src/features/payments/Refunds.tsx
functions/src/index.ts","tests/browser/release-crm-keyboard-zoom031.spec.ts
tests/browser/release-crm-populated026.spec.ts
tests/browser/release-crm-presentation026.spec.ts
tests/browser/release-refund-cursor-regression033.spec.ts
tests/browser/release-refunds-positive028.spec.ts
tests/rules/mutation-authority026.test.ts
tests/rules/server.test.ts
tests/rules/shipping-lookup028.test.ts
tests/rules/staff-role-array026.test.ts
tests/unit/refunds-contextual.test.ts",PROPOSED_TEST_ORACLE_SOURCE_REFERENCED_NOT_EXECUTED,NOT_RUN,,,,NONE,,,,
SG-REFUND-002,independent,REFUND,Refund dùng tiền reserved,P0,"OWNER, FINANCE",EMULATOR,Order collected=100001 refunded=10000; pending reservation=20000.,Sau request thử claimPurchase/dispatch dựa trên collected tổng,Chỉ available net funds tài trợ; reservation chặn sử dụng tiền đó.,"Dùng invariant của nhóm và I1–I10 trong README; đối chiếu trước/sau, không chỉ response.","Độc lập: chạy với namespace sạch; biên/multiple variants trong steps phải có result con riêng, mọi variant pass mới PASS case.","functions/src/refunds.ts
src/features/payments/Refunds.tsx
functions/src/index.ts","tests/browser/release-crm-keyboard-zoom031.spec.ts
tests/browser/release-crm-populated026.spec.ts
tests/browser/release-crm-presentation026.spec.ts
tests/browser/release-refund-cursor-regression033.spec.ts
tests/browser/release-refunds-positive028.spec.ts
tests/rules/mutation-authority026.test.ts
tests/rules/server.test.ts
tests/rules/shipping-lookup028.test.ts
tests/rules/staff-role-array026.test.ts
tests/unit/refunds-contextual.test.ts",PROPOSED_TEST_ORACLE_SOURCE_REFERENCED_NOT_EXECUTED,NOT_RUN,,,,NONE,,,,
SG-REFUND-003,independent,REFUND,Hai request race,P0,"OWNER, FINANCE",EMULATOR,Order collected=100001 refunded=10000; pending reservation=20000.,Request cùng available amount đồng thời bằng ID khác,Không reserve quá available; reject/serialize an toàn.,"Dùng invariant của nhóm và I1–I10 trong README; đối chiếu trước/sau, không chỉ response.","Độc lập: chạy với namespace sạch; biên/multiple variants trong steps phải có result con riêng, mọi variant pass mới PASS case.","functions/src/refunds.ts
src/features/payments/Refunds.tsx
functions/src/index.ts","tests/browser/release-crm-keyboard-zoom031.spec.ts
tests/browser/release-crm-populated026.spec.ts
tests/browser/release-crm-presentation026.spec.ts
tests/browser/release-refund-cursor-regression033.spec.ts
tests/browser/release-refunds-positive028.spec.ts
tests/rules/mutation-authority026.test.ts
tests/rules/server.test.ts
tests/rules/shipping-lookup028.test.ts
tests/rules/staff-role-array026.test.ts
tests/unit/refunds-contextual.test.ts",PROPOSED_TEST_ORACLE_SOURCE_REFERENCED_NOT_EXECUTED,NOT_RUN,,,,NONE,,,,
SG-REFUND-004,independent,REFUND,Cancel pending,P0,"OWNER, FINANCE",EMULATOR,Order collected=100001 refunded=10000; pending reservation=20000.,"Cancel pending refund
thử cancel sau confirmed",Pending release đúng reservation; confirmed không rollback tiền bằng cancel.,"Dùng invariant của nhóm và I1–I10 trong README; đối chiếu trước/sau, không chỉ response.","Độc lập: chạy với namespace sạch; biên/multiple variants trong steps phải có result con riêng, mọi variant pass mới PASS case.","functions/src/refunds.ts
src/features/payments/Refunds.tsx
functions/src/index.ts","tests/browser/release-crm-keyboard-zoom031.spec.ts
tests/browser/release-crm-populated026.spec.ts
tests/browser/release-crm-presentation026.spec.ts
tests/browser/release-refund-cursor-regression033.spec.ts
tests/browser/release-refunds-positive028.spec.ts
tests/rules/mutation-authority026.test.ts
tests/rules/server.test.ts
tests/rules/shipping-lookup028.test.ts
tests/rules/staff-role-array026.test.ts
tests/unit/refunds-contextual.test.ts",PROPOSED_TEST_ORACLE_SOURCE_REFERENCED_NOT_EXECUTED,NOT_RUN,,,,NONE,,,,
SG-REFUND-005,independent,REFUND,Confirm khớp request,P0,"OWNER, FINANCE",EMULATOR,Order collected=100001 refunded=10000; pending reservation=20000.,Finance refund đúng refundRequestId/amount/bank evidence,Reserved giảm và refunded tăng đúng một lần; bank uniqueness.,"Dùng invariant của nhóm và I1–I10 trong README; đối chiếu trước/sau, không chỉ response.","Độc lập: chạy với namespace sạch; biên/multiple variants trong steps phải có result con riêng, mọi variant pass mới PASS case.","functions/src/refunds.ts
src/features/payments/Refunds.tsx
functions/src/index.ts","tests/browser/release-crm-keyboard-zoom031.spec.ts
tests/browser/release-crm-populated026.spec.ts
tests/browser/release-crm-presentation026.spec.ts
tests/browser/release-refund-cursor-regression033.spec.ts
tests/browser/release-refunds-positive028.spec.ts
tests/rules/mutation-authority026.test.ts
tests/rules/server.test.ts
tests/rules/shipping-lookup028.test.ts
tests/rules/staff-role-array026.test.ts
tests/unit/refunds-contextual.test.ts",PROPOSED_TEST_ORACLE_SOURCE_REFERENCED_NOT_EXECUTED,NOT_RUN,,,,NONE,,,,
SG-REFUND-006,independent,REFUND,Confirm sai request,P0,"OWNER, FINANCE",EMULATOR,Order collected=100001 refunded=10000; pending reservation=20000.,"Refund ID của order khác, amount mismatch, state cancelled",Deny atomic; không tiêu reservation khác.,"Dùng invariant của nhóm và I1–I10 trong README; đối chiếu trước/sau, không chỉ response.","Độc lập: chạy với namespace sạch; biên/multiple variants trong steps phải có result con riêng, mọi variant pass mới PASS case.","functions/src/refunds.ts
src/features/payments/Refunds.tsx
functions/src/index.ts","tests/browser/release-crm-keyboard-zoom031.spec.ts
tests/browser/release-crm-populated026.spec.ts
tests/browser/release-crm-presentation026.spec.ts
tests/browser/release-refund-cursor-regression033.spec.ts
tests/browser/release-refunds-positive028.spec.ts
tests/rules/mutation-authority026.test.ts
tests/rules/server.test.ts
tests/rules/shipping-lookup028.test.ts
tests/rules/staff-role-array026.test.ts
tests/unit/refunds-contextual.test.ts",PROPOSED_TEST_ORACLE_SOURCE_REFERENCED_NOT_EXECUTED,NOT_RUN,,,,NONE,,,,
SG-REFUND-007,independent,REFUND,Retry lost response,P0,"OWNER, FINANCE",EMULATOR,Order collected=100001 refunded=10000; pending reservation=20000.,"Replay request,cancel,confirm với operationId cũ",Một effect; counter reserved không âm; event không trùng.,"Dùng invariant của nhóm và I1–I10 trong README; đối chiếu trước/sau, không chỉ response.","Độc lập: chạy với namespace sạch; biên/multiple variants trong steps phải có result con riêng, mọi variant pass mới PASS case.","functions/src/refunds.ts
src/features/payments/Refunds.tsx
functions/src/index.ts","tests/browser/release-crm-keyboard-zoom031.spec.ts
tests/browser/release-crm-populated026.spec.ts
tests/browser/release-crm-presentation026.spec.ts
tests/browser/release-refund-cursor-regression033.spec.ts
tests/browser/release-refunds-positive028.spec.ts
tests/rules/mutation-authority026.test.ts
tests/rules/server.test.ts
tests/rules/shipping-lookup028.test.ts
tests/rules/staff-role-array026.test.ts
tests/unit/refunds-contextual.test.ts",PROPOSED_TEST_ORACLE_SOURCE_REFERENCED_NOT_EXECUTED,NOT_RUN,,,,NONE,,,,
SG-REFUND-008,independent,REFUND,Refund sau ready,P0,"OWNER, FINANCE",EMULATOR,Order collected=100001 refunded=10000; pending reservation=20000.,"Reserve/confirm refund trên order READY_TO_SHIP
thử dispatch",Funds được recheck; không xuất gửi order thiếu tiền sau refund.,"Dùng invariant của nhóm và I1–I10 trong README; đối chiếu trước/sau, không chỉ response.","Độc lập: chạy với namespace sạch; biên/multiple variants trong steps phải có result con riêng, mọi variant pass mới PASS case.","functions/src/refunds.ts
src/features/payments/Refunds.tsx
functions/src/index.ts","tests/browser/release-crm-keyboard-zoom031.spec.ts
tests/browser/release-crm-populated026.spec.ts
tests/browser/release-crm-presentation026.spec.ts
tests/browser/release-refund-cursor-regression033.spec.ts
tests/browser/release-refunds-positive028.spec.ts
tests/rules/mutation-authority026.test.ts
tests/rules/server.test.ts
tests/rules/shipping-lookup028.test.ts
tests/rules/staff-role-array026.test.ts
tests/unit/refunds-contextual.test.ts",PROPOSED_TEST_ORACLE_SOURCE_REFERENCED_NOT_EXECUTED,NOT_RUN,,,,NONE,,,,
SG-DOC-001,independent,DOC,Draft từ order,P0,"OWNER, FINANCE, customer, share recipient",EMULATOR,Seller fixture; order catalog/custom; draft/issued/void documents; token synthetic chỉ trong runtime.,"createDraft current source
đối chiếu goods,fees,discount,payments,balance và snapshot",Tổng/loại đơn/owner chính xác; draft không xuất hiện như issued cho khách.,"Dùng invariant của nhóm và I1–I10 trong README; đối chiếu trước/sau, không chỉ response.","Độc lập: chạy với namespace sạch; biên/multiple variants trong steps phải có result con riêng, mọi variant pass mới PASS case.","functions/src/invoices.ts
packages/domain/invoices.ts
functions/src/invoice-share.ts
src/features/invoices/Documents.tsx","tests/browser/fixtures.ts
tests/browser/release-crm-keyboard-zoom031.spec.ts
tests/browser/release-sanity.spec.ts
tests/rules/invoices.test.ts
tests/rules/private-read-authority026.test.ts
tests/rules/remaining-authority026.test.ts
tests/rules/staff-role-array026.test.ts
tests/unit/invoice-statement-view.test.ts
tests/unit/invoices.test.ts",PROPOSED_TEST_ORACLE_SOURCE_REFERENCED_NOT_EXECUTED,NOT_RUN,,,,NONE,,,,
SG-DOC-002,independent,DOC,Refresh draft,P0,"OWNER, FINANCE, customer, share recipient",EMULATOR,Seller fixture; order catalog/custom; draft/issued/void documents; token synthetic chỉ trong runtime.,"Order thay đổi
refreshDraft current version
thử refresh issued",Chỉ draft được cập nhật; issued snapshot không thay ngầm.,"Dùng invariant của nhóm và I1–I10 trong README; đối chiếu trước/sau, không chỉ response.","Độc lập: chạy với namespace sạch; biên/multiple variants trong steps phải có result con riêng, mọi variant pass mới PASS case.","functions/src/invoices.ts
packages/domain/invoices.ts
functions/src/invoice-share.ts
src/features/invoices/Documents.tsx","tests/browser/fixtures.ts
tests/browser/release-crm-keyboard-zoom031.spec.ts
tests/browser/release-sanity.spec.ts
tests/rules/invoices.test.ts
tests/rules/private-read-authority026.test.ts
tests/rules/remaining-authority026.test.ts
tests/rules/staff-role-array026.test.ts
tests/unit/invoice-statement-view.test.ts
tests/unit/invoices.test.ts",PROPOSED_TEST_ORACLE_SOURCE_REFERENCED_NOT_EXECUTED,NOT_RUN,,,,NONE,,,,
SG-DOC-003,independent,DOC,Issue concurrent,P0,"OWNER, FINANCE, customer, share recipient",EMULATOR,Seller fixture; order catalog/custom; draft/issued/void documents; token synthetic chỉ trong runtime.,"Hai finance issue current draft cùng expectedVersion
replay operationId",Một issuance/number; history bất biến; không duplicate sequence.,"Dùng invariant của nhóm và I1–I10 trong README; đối chiếu trước/sau, không chỉ response.","Độc lập: chạy với namespace sạch; biên/multiple variants trong steps phải có result con riêng, mọi variant pass mới PASS case.","functions/src/invoices.ts
packages/domain/invoices.ts
functions/src/invoice-share.ts
src/features/invoices/Documents.tsx","tests/browser/fixtures.ts
tests/browser/release-crm-keyboard-zoom031.spec.ts
tests/browser/release-sanity.spec.ts
tests/rules/invoices.test.ts
tests/rules/private-read-authority026.test.ts
tests/rules/remaining-authority026.test.ts
tests/rules/staff-role-array026.test.ts
tests/unit/invoice-statement-view.test.ts
tests/unit/invoices.test.ts",PROPOSED_TEST_ORACLE_SOURCE_REFERENCED_NOT_EXECUTED,NOT_RUN,,,,NONE,,,,
SG-DOC-004,independent,DOC,Void và replacement,P0,"OWNER, FINANCE, customer, share recipient",EMULATOR,Seller fixture; order catalog/custom; draft/issued/void documents; token synthetic chỉ trong runtime.,"Void issued có reason
tạo replacement theo contract
mở cả hai",Bản cũ thể hiện void; liên kết replacement đúng; không xóa dấu vết.,"Dùng invariant của nhóm và I1–I10 trong README; đối chiếu trước/sau, không chỉ response.","Độc lập: chạy với namespace sạch; biên/multiple variants trong steps phải có result con riêng, mọi variant pass mới PASS case.","functions/src/invoices.ts
packages/domain/invoices.ts
functions/src/invoice-share.ts
src/features/invoices/Documents.tsx","tests/browser/fixtures.ts
tests/browser/release-crm-keyboard-zoom031.spec.ts
tests/browser/release-sanity.spec.ts
tests/rules/invoices.test.ts
tests/rules/private-read-authority026.test.ts
tests/rules/remaining-authority026.test.ts
tests/rules/staff-role-array026.test.ts
tests/unit/invoice-statement-view.test.ts
tests/unit/invoices.test.ts",PROPOSED_TEST_ORACLE_SOURCE_REFERENCED_NOT_EXECUTED,NOT_RUN,,,,NONE,,,,
SG-DOC-005,independent,DOC,Seller config,P0,"OWNER, FINANCE, customer, share recipient",EMULATOR,Seller fixture; order catalog/custom; draft/issued/void documents; token synthetic chỉ trong runtime.,"OWNER configure seller
FINANCE thử configure
thiếu seller fields",Chỉ owner được cấu hình; schema đầy đủ; document đã issue giữ snapshot.,"Dùng invariant của nhóm và I1–I10 trong README; đối chiếu trước/sau, không chỉ response.","Độc lập: chạy với namespace sạch; biên/multiple variants trong steps phải có result con riêng, mọi variant pass mới PASS case.","functions/src/invoices.ts
packages/domain/invoices.ts
functions/src/invoice-share.ts
src/features/invoices/Documents.tsx","tests/browser/fixtures.ts
tests/browser/release-crm-keyboard-zoom031.spec.ts
tests/browser/release-sanity.spec.ts
tests/rules/invoices.test.ts
tests/rules/private-read-authority026.test.ts
tests/rules/remaining-authority026.test.ts
tests/rules/staff-role-array026.test.ts
tests/unit/invoice-statement-view.test.ts
tests/unit/invoices.test.ts",PROPOSED_TEST_ORACLE_SOURCE_REFERENCED_NOT_EXECUTED,NOT_RUN,,,,NONE,,,,
SG-DOC-006,independent,DOC,Share hợp lệ và revoke,P0,"OWNER, FINANCE, customer, share recipient",EMULATOR,Seller fixture; order catalog/custom; draft/issued/void documents; token synthetic chỉ trong runtime.,"createShare
đọc invoiceShare bằng token runtime
revokeShare
đọc lại",Chỉ document được share; sau revoke không đọc; token không xuất hiện trong logs/evidence.,"Dùng invariant của nhóm và I1–I10 trong README; đối chiếu trước/sau, không chỉ response.","Độc lập: chạy với namespace sạch; biên/multiple variants trong steps phải có result con riêng, mọi variant pass mới PASS case.","functions/src/invoices.ts
packages/domain/invoices.ts
functions/src/invoice-share.ts
src/features/invoices/Documents.tsx","tests/browser/fixtures.ts
tests/browser/release-crm-keyboard-zoom031.spec.ts
tests/browser/release-sanity.spec.ts
tests/rules/invoices.test.ts
tests/rules/private-read-authority026.test.ts
tests/rules/remaining-authority026.test.ts
tests/rules/staff-role-array026.test.ts
tests/unit/invoice-statement-view.test.ts
tests/unit/invoices.test.ts",PROPOSED_TEST_ORACLE_SOURCE_REFERENCED_NOT_EXECUTED,NOT_RUN,,,,NONE,,,,
SG-DOC-007,independent,DOC,List quyền và pagination,P0,"OWNER, FINANCE, customer, share recipient",EMULATOR,Seller fixture; order catalog/custom; draft/issued/void documents; token synthetic chỉ trong runtime.,"A/B invoiceList
thử detail draft/issued/void
next/back/filter",Chỉ dữ liệu được quyền; issued/void semantics rõ; cursor không trùng.,"Dùng invariant của nhóm và I1–I10 trong README; đối chiếu trước/sau, không chỉ response.","Độc lập: chạy với namespace sạch; biên/multiple variants trong steps phải có result con riêng, mọi variant pass mới PASS case.","functions/src/invoices.ts
packages/domain/invoices.ts
functions/src/invoice-share.ts
src/features/invoices/Documents.tsx","tests/browser/fixtures.ts
tests/browser/release-crm-keyboard-zoom031.spec.ts
tests/browser/release-sanity.spec.ts
tests/rules/invoices.test.ts
tests/rules/private-read-authority026.test.ts
tests/rules/remaining-authority026.test.ts
tests/rules/staff-role-array026.test.ts
tests/unit/invoice-statement-view.test.ts
tests/unit/invoices.test.ts",PROPOSED_TEST_ORACLE_SOURCE_REFERENCED_NOT_EXECUTED,NOT_RUN,,,,NONE,,,,
SG-DOC-008,independent,DOC,Email queue gate,P0,"OWNER, FINANCE, customer, share recipient",EMULATOR,Seller fixture; order catalog/custom; draft/issued/void documents; token synthetic chỉ trong runtime.,"queueEmail khi release email=false
đọc outbox/UI",Không gửi SMTP; queued/requested khác delivered; gate không thể bypass bằng settings.,"Dùng invariant của nhóm và I1–I10 trong README; đối chiếu trước/sau, không chỉ response.","Độc lập: chạy với namespace sạch; biên/multiple variants trong steps phải có result con riêng, mọi variant pass mới PASS case.","functions/src/invoices.ts
packages/domain/invoices.ts
functions/src/invoice-share.ts
src/features/invoices/Documents.tsx","tests/browser/fixtures.ts
tests/browser/release-crm-keyboard-zoom031.spec.ts
tests/browser/release-sanity.spec.ts
tests/rules/invoices.test.ts
tests/rules/private-read-authority026.test.ts
tests/rules/remaining-authority026.test.ts
tests/rules/staff-role-array026.test.ts
tests/unit/invoice-statement-view.test.ts
tests/unit/invoices.test.ts",PROPOSED_TEST_ORACLE_SOURCE_REFERENCED_NOT_EXECUTED,NOT_RUN,,,,NONE,,,,
SG-DOC-009,independent,DOC,In và export,P0,"OWNER, FINANCE, customer, share recipient",EMULATOR,Seller fixture; order catalog/custom; draft/issued/void documents; token synthetic chỉ trong runtime.,"Mở issued statement
print desktop/mobile
kiểm tra số tiền dài và nhiều lines",Không cắt nội dung/số tiền; status/seller/source snapshot giữ nguyên; không gọi là hóa đơn thuế khi chưa có contract pháp lý.,"Dùng invariant của nhóm và I1–I10 trong README; đối chiếu trước/sau, không chỉ response.","Độc lập: chạy với namespace sạch; biên/multiple variants trong steps phải có result con riêng, mọi variant pass mới PASS case.","functions/src/invoices.ts
packages/domain/invoices.ts
functions/src/invoice-share.ts
src/features/invoices/Documents.tsx","tests/browser/fixtures.ts
tests/browser/release-crm-keyboard-zoom031.spec.ts
tests/browser/release-sanity.spec.ts
tests/rules/invoices.test.ts
tests/rules/private-read-authority026.test.ts
tests/rules/remaining-authority026.test.ts
tests/rules/staff-role-array026.test.ts
tests/unit/invoice-statement-view.test.ts
tests/unit/invoices.test.ts",PROPOSED_TEST_ORACLE_SOURCE_REFERENCED_NOT_EXECUTED,NOT_RUN,,,,NONE,,,,
SG-EMAIL-001,independent,EMAIL,Gate gửi mail,P0,"OWNER, FINANCE, scheduled worker",EMULATOR,Synthetic outbox jobs pending/leased/sent/unknown/dead; fake mail adapter; email gate đóng.,"Run deliverEmail harness khi capability đóng
thử settings bật email",Không gọi SMTP hoặc báo delivered; metadata không chứa secret.,"Dùng invariant của nhóm và I1–I10 trong README; đối chiếu trước/sau, không chỉ response.","Độc lập: chạy với namespace sạch; biên/multiple variants trong steps phải có result con riêng, mọi variant pass mới PASS case.","functions/src/email.ts
functions/src/outbox-command.ts
functions/src/email-content.ts","tests/browser/fixtures.ts
tests/browser/release-api.spec.ts
tests/rules/blog-studio-advanced027.test.ts
tests/rules/email-delivery.test.ts
tests/rules/membership.test.ts
tests/rules/mutation-authority026.test.ts
tests/rules/server.test.ts
tests/rules/staff-role-array026.test.ts
tests/unit/activity-contextual.test.ts
tests/unit/blog-studio-advanced027.test.ts
tests/unit/bootstrap-owner075.test.mjs
tests/unit/email-content.test.ts
tests/unit/email-delivery-security.test.ts
tests/unit/provider-release-gate067.test.ts",PROPOSED_TEST_ORACLE_SOURCE_REFERENCED_NOT_EXECUTED,NOT_RUN,,,,NONE,,,,
SG-EMAIL-002,independent,EMAIL,Retry job thất bại,P0,"OWNER, FINANCE, scheduled worker",EMULATOR,Synthetic outbox jobs pending/leased/sent/unknown/dead; fake mail adapter; email gate đóng.,"outboxCommand retry job đủ điều kiện
worker fake fail rồi success",Attempt/backoff/state đúng source; retry có audit; không tăng attempt vô hạn.,"Dùng invariant của nhóm và I1–I10 trong README; đối chiếu trước/sau, không chỉ response.","Độc lập: chạy với namespace sạch; biên/multiple variants trong steps phải có result con riêng, mọi variant pass mới PASS case.","functions/src/email.ts
functions/src/outbox-command.ts
functions/src/email-content.ts","tests/browser/fixtures.ts
tests/browser/release-api.spec.ts
tests/rules/blog-studio-advanced027.test.ts
tests/rules/email-delivery.test.ts
tests/rules/membership.test.ts
tests/rules/mutation-authority026.test.ts
tests/rules/server.test.ts
tests/rules/staff-role-array026.test.ts
tests/unit/activity-contextual.test.ts
tests/unit/blog-studio-advanced027.test.ts
tests/unit/bootstrap-owner075.test.mjs
tests/unit/email-content.test.ts
tests/unit/email-delivery-security.test.ts
tests/unit/provider-release-gate067.test.ts",PROPOSED_TEST_ORACLE_SOURCE_REFERENCED_NOT_EXECUTED,NOT_RUN,,,,NONE,,,,
SG-EMAIL-003,independent,EMAIL,Unknown outcome,P0,"OWNER, FINANCE, scheduled worker",EMULATOR,Synthetic outbox jobs pending/leased/sent/unknown/dead; fake mail adapter; email gate đóng.,"Fake provider nhận mail rồi disconnect trước ack
worker ghi unknown
retry trực tiếp",Không gửi lại mù khi có thể đã gửi; cần resolveUnknown theo evidence.,"Dùng invariant của nhóm và I1–I10 trong README; đối chiếu trước/sau, không chỉ response.","Độc lập: chạy với namespace sạch; biên/multiple variants trong steps phải có result con riêng, mọi variant pass mới PASS case.","functions/src/email.ts
functions/src/outbox-command.ts
functions/src/email-content.ts","tests/browser/fixtures.ts
tests/browser/release-api.spec.ts
tests/rules/blog-studio-advanced027.test.ts
tests/rules/email-delivery.test.ts
tests/rules/membership.test.ts
tests/rules/mutation-authority026.test.ts
tests/rules/server.test.ts
tests/rules/staff-role-array026.test.ts
tests/unit/activity-contextual.test.ts
tests/unit/blog-studio-advanced027.test.ts
tests/unit/bootstrap-owner075.test.mjs
tests/unit/email-content.test.ts
tests/unit/email-delivery-security.test.ts
tests/unit/provider-release-gate067.test.ts",PROPOSED_TEST_ORACLE_SOURCE_REFERENCED_NOT_EXECUTED,NOT_RUN,,,,NONE,,,,
SG-EMAIL-004,independent,EMAIL,Resolve unknown đã gửi,P0,"OWNER, FINANCE, scheduled worker",EMULATOR,Synthetic outbox jobs pending/leased/sent/unknown/dead; fake mail adapter; email gate đóng.,"resolveUnknown confirmed_sent kèm evidence hợp lệ
scheduler quét lại",Job kết thúc đúng outcome; không gửi bản thứ hai.,"Dùng invariant của nhóm và I1–I10 trong README; đối chiếu trước/sau, không chỉ response.","Độc lập: chạy với namespace sạch; biên/multiple variants trong steps phải có result con riêng, mọi variant pass mới PASS case.","functions/src/email.ts
functions/src/outbox-command.ts
functions/src/email-content.ts","tests/browser/fixtures.ts
tests/browser/release-api.spec.ts
tests/rules/blog-studio-advanced027.test.ts
tests/rules/email-delivery.test.ts
tests/rules/membership.test.ts
tests/rules/mutation-authority026.test.ts
tests/rules/server.test.ts
tests/rules/staff-role-array026.test.ts
tests/unit/activity-contextual.test.ts
tests/unit/blog-studio-advanced027.test.ts
tests/unit/bootstrap-owner075.test.mjs
tests/unit/email-content.test.ts
tests/unit/email-delivery-security.test.ts
tests/unit/provider-release-gate067.test.ts",PROPOSED_TEST_ORACLE_SOURCE_REFERENCED_NOT_EXECUTED,NOT_RUN,,,,NONE,,,,
SG-EMAIL-005,independent,EMAIL,Resolve unknown chưa gửi,P0,"OWNER, FINANCE, scheduled worker",EMULATOR,Synthetic outbox jobs pending/leased/sent/unknown/dead; fake mail adapter; email gate đóng.,"resolveUnknown confirmed_not_sent
thực hiện retry được phép",Chỉ retry sau kết luận xác minh; evidence/reason không bị bỏ.,"Dùng invariant của nhóm và I1–I10 trong README; đối chiếu trước/sau, không chỉ response.","Độc lập: chạy với namespace sạch; biên/multiple variants trong steps phải có result con riêng, mọi variant pass mới PASS case.","functions/src/email.ts
functions/src/outbox-command.ts
functions/src/email-content.ts","tests/browser/fixtures.ts
tests/browser/release-api.spec.ts
tests/rules/blog-studio-advanced027.test.ts
tests/rules/email-delivery.test.ts
tests/rules/membership.test.ts
tests/rules/mutation-authority026.test.ts
tests/rules/server.test.ts
tests/rules/staff-role-array026.test.ts
tests/unit/activity-contextual.test.ts
tests/unit/blog-studio-advanced027.test.ts
tests/unit/bootstrap-owner075.test.mjs
tests/unit/email-content.test.ts
tests/unit/email-delivery-security.test.ts
tests/unit/provider-release-gate067.test.ts",PROPOSED_TEST_ORACLE_SOURCE_REFERENCED_NOT_EXECUTED,NOT_RUN,,,,NONE,,,,
SG-EMAIL-006,independent,EMAIL,Lease concurrent,P0,"OWNER, FINANCE, scheduled worker",EMULATOR,Synthetic outbox jobs pending/leased/sent/unknown/dead; fake mail adapter; email gate đóng.,"Hai worker claim cùng job
lease expiry trong fake clock",Một quyền gửi tại một thời điểm; lease cleanup theo contract.,"Dùng invariant của nhóm và I1–I10 trong README; đối chiếu trước/sau, không chỉ response.","Độc lập: chạy với namespace sạch; biên/multiple variants trong steps phải có result con riêng, mọi variant pass mới PASS case.","functions/src/email.ts
functions/src/outbox-command.ts
functions/src/email-content.ts","tests/browser/fixtures.ts
tests/browser/release-api.spec.ts
tests/rules/blog-studio-advanced027.test.ts
tests/rules/email-delivery.test.ts
tests/rules/membership.test.ts
tests/rules/mutation-authority026.test.ts
tests/rules/server.test.ts
tests/rules/staff-role-array026.test.ts
tests/unit/activity-contextual.test.ts
tests/unit/blog-studio-advanced027.test.ts
tests/unit/bootstrap-owner075.test.mjs
tests/unit/email-content.test.ts
tests/unit/email-delivery-security.test.ts
tests/unit/provider-release-gate067.test.ts",PROPOSED_TEST_ORACLE_SOURCE_REFERENCED_NOT_EXECUTED,NOT_RUN,,,,NONE,,,,
SG-EMAIL-007,independent,EMAIL,Recipient snapshot,P0,"OWNER, FINANCE, scheduled worker",EMULATOR,Synthetic outbox jobs pending/leased/sent/unknown/dead; fake mail adapter; email gate đóng.,"Đổi profile email sau queue
đối chiếu recipient trong job và document owner",Dùng recipient/snapshot theo source; không gửi sang owner khác.,"Dùng invariant của nhóm và I1–I10 trong README; đối chiếu trước/sau, không chỉ response.","Độc lập: chạy với namespace sạch; biên/multiple variants trong steps phải có result con riêng, mọi variant pass mới PASS case.","functions/src/email.ts
functions/src/outbox-command.ts
functions/src/email-content.ts","tests/browser/fixtures.ts
tests/browser/release-api.spec.ts
tests/rules/blog-studio-advanced027.test.ts
tests/rules/email-delivery.test.ts
tests/rules/membership.test.ts
tests/rules/mutation-authority026.test.ts
tests/rules/server.test.ts
tests/rules/staff-role-array026.test.ts
tests/unit/activity-contextual.test.ts
tests/unit/blog-studio-advanced027.test.ts
tests/unit/bootstrap-owner075.test.mjs
tests/unit/email-content.test.ts
tests/unit/email-delivery-security.test.ts
tests/unit/provider-release-gate067.test.ts",PROPOSED_TEST_ORACLE_SOURCE_REFERENCED_NOT_EXECUTED,NOT_RUN,,,,NONE,,,,
SG-EMAIL-008,independent,EMAIL,Template an toàn,P0,"OWNER, FINANCE, scheduled worker",EMULATOR,Synthetic outbox jobs pending/leased/sent/unknown/dead; fake mail adapter; email gate đóng.,"Email content chứa HTML hostile, Unicode và document number dài",Escape/format đúng; link không chứa PII thừa; bằng chứng dùng fake recipient.,"Dùng invariant của nhóm và I1–I10 trong README; đối chiếu trước/sau, không chỉ response.","Độc lập: chạy với namespace sạch; biên/multiple variants trong steps phải có result con riêng, mọi variant pass mới PASS case.","functions/src/email.ts
functions/src/outbox-command.ts
functions/src/email-content.ts","tests/browser/fixtures.ts
tests/browser/release-api.spec.ts
tests/rules/blog-studio-advanced027.test.ts
tests/rules/email-delivery.test.ts
tests/rules/membership.test.ts
tests/rules/mutation-authority026.test.ts
tests/rules/server.test.ts
tests/rules/staff-role-array026.test.ts
tests/unit/activity-contextual.test.ts
tests/unit/blog-studio-advanced027.test.ts
tests/unit/bootstrap-owner075.test.mjs
tests/unit/email-content.test.ts
tests/unit/email-delivery-security.test.ts
tests/unit/provider-release-gate067.test.ts",PROPOSED_TEST_ORACLE_SOURCE_REFERENCED_NOT_EXECUTED,NOT_RUN,,,,NONE,,,,
SG-MEM-001,independent,MEM,Purchase và confirm,P0,"customer, OWNER, FINANCE",EMULATOR,Plan published price=100001 periodDays=30; active/expired subscriptions; server clock fixed.,"Customer purchase
finance confirm đúng amount/bank evidence
đọc subscription",Invoice pending chưa active; verified confirm kích hoạt kỳ hạn từ server.,"Dùng invariant của nhóm và I1–I10 trong README; đối chiếu trước/sau, không chỉ response.","Độc lập: chạy với namespace sạch; biên/multiple variants trong steps phải có result con riêng, mọi variant pass mới PASS case.","functions/src/membership.ts
packages/domain/index.ts
src/features/membership/Membership.tsx
src/features/membership/PlanEditor.tsx","tests/browser/release-crm-admin-positive030.spec.ts
tests/browser/release-crm-keyboard-zoom031.spec.ts
tests/browser/release-crm-presentation026.spec.ts
tests/browser/release-membership-plan-pagination034.spec.ts
tests/rules/crm-hardening.test.ts
tests/rules/membership.test.ts
tests/rules/remaining-authority026.test.ts
tests/rules/staff-role-array026.test.ts
tests/unit/ask-business-contract026.test.ts
tests/unit/ask-read-task-plan038.test.ts
tests/unit/ask-transport.test.ts
tests/unit/campaign-banners076.test.ts
tests/unit/content-editor-state.test.ts
tests/unit/membership-command.test.ts
tests/unit/membership-reminder-policy.test.ts
tests/unit/membership-term.test.ts",PROPOSED_TEST_ORACLE_SOURCE_REFERENCED_NOT_EXECUTED,NOT_RUN,,,,NONE,,,,
SG-MEM-002,independent,MEM,Gia hạn cùng gói,P0,"customer, OWNER, FINANCE",EMULATOR,Plan published price=100001 periodDays=30; active/expired subscriptions; server clock fixed.,"Active same plan endsAt tương lai
confirm renewal","Kéo dài từ endsAt cũ, giữ thời gian trả trước và startsAt theo source.","Dùng invariant của nhóm và I1–I10 trong README; đối chiếu trước/sau, không chỉ response.","Độc lập: chạy với namespace sạch; biên/multiple variants trong steps phải có result con riêng, mọi variant pass mới PASS case.","functions/src/membership.ts
packages/domain/index.ts
src/features/membership/Membership.tsx
src/features/membership/PlanEditor.tsx","tests/browser/release-crm-admin-positive030.spec.ts
tests/browser/release-crm-keyboard-zoom031.spec.ts
tests/browser/release-crm-presentation026.spec.ts
tests/browser/release-membership-plan-pagination034.spec.ts
tests/rules/crm-hardening.test.ts
tests/rules/membership.test.ts
tests/rules/remaining-authority026.test.ts
tests/rules/staff-role-array026.test.ts
tests/unit/ask-business-contract026.test.ts
tests/unit/ask-read-task-plan038.test.ts
tests/unit/ask-transport.test.ts
tests/unit/campaign-banners076.test.ts
tests/unit/content-editor-state.test.ts
tests/unit/membership-command.test.ts
tests/unit/membership-reminder-policy.test.ts
tests/unit/membership-term.test.ts",PROPOSED_TEST_ORACLE_SOURCE_REFERENCED_NOT_EXECUTED,NOT_RUN,,,,NONE,,,,
SG-MEM-003,independent,MEM,Đổi gói khi còn hạn,P0,"customer, OWNER, FINANCE",EMULATOR,Plan published price=100001 periodDays=30; active/expired subscriptions; server clock fixed.,"Active plan A
purchase/confirm plan B",Không tự đổi benefits giữa kỳ; cần commercial migration policy riêng.,"Dùng invariant của nhóm và I1–I10 trong README; đối chiếu trước/sau, không chỉ response.","Độc lập: chạy với namespace sạch; biên/multiple variants trong steps phải có result con riêng, mọi variant pass mới PASS case.","functions/src/membership.ts
packages/domain/index.ts
src/features/membership/Membership.tsx
src/features/membership/PlanEditor.tsx","tests/browser/release-crm-admin-positive030.spec.ts
tests/browser/release-crm-keyboard-zoom031.spec.ts
tests/browser/release-crm-presentation026.spec.ts
tests/browser/release-membership-plan-pagination034.spec.ts
tests/rules/crm-hardening.test.ts
tests/rules/membership.test.ts
tests/rules/remaining-authority026.test.ts
tests/rules/staff-role-array026.test.ts
tests/unit/ask-business-contract026.test.ts
tests/unit/ask-read-task-plan038.test.ts
tests/unit/ask-transport.test.ts
tests/unit/campaign-banners076.test.ts
tests/unit/content-editor-state.test.ts
tests/unit/membership-command.test.ts
tests/unit/membership-reminder-policy.test.ts
tests/unit/membership-term.test.ts",PROPOSED_TEST_ORACLE_SOURCE_REFERENCED_NOT_EXECUTED,NOT_RUN,,,,NONE,,,,
SG-MEM-004,independent,MEM,Biên kỳ hạn,P0,"customer, OWNER, FINANCE",EMULATOR,Plan published price=100001 periodDays=30; active/expired subscriptions; server clock fixed.,"periodDays=1,366,0,367
startsAt/endsAt corrupt",Chỉ 1–366 và timestamps integer hợp lệ; không cấp gói vô hạn hoặc kỳ âm.,"Dùng invariant của nhóm và I1–I10 trong README; đối chiếu trước/sau, không chỉ response.","Độc lập: chạy với namespace sạch; biên/multiple variants trong steps phải có result con riêng, mọi variant pass mới PASS case.","functions/src/membership.ts
packages/domain/index.ts
src/features/membership/Membership.tsx
src/features/membership/PlanEditor.tsx","tests/browser/release-crm-admin-positive030.spec.ts
tests/browser/release-crm-keyboard-zoom031.spec.ts
tests/browser/release-crm-presentation026.spec.ts
tests/browser/release-membership-plan-pagination034.spec.ts
tests/rules/crm-hardening.test.ts
tests/rules/membership.test.ts
tests/rules/remaining-authority026.test.ts
tests/rules/staff-role-array026.test.ts
tests/unit/ask-business-contract026.test.ts
tests/unit/ask-read-task-plan038.test.ts
tests/unit/ask-transport.test.ts
tests/unit/campaign-banners076.test.ts
tests/unit/content-editor-state.test.ts
tests/unit/membership-command.test.ts
tests/unit/membership-reminder-policy.test.ts
tests/unit/membership-term.test.ts",PROPOSED_TEST_ORACLE_SOURCE_REFERENCED_NOT_EXECUTED,NOT_RUN,,,,NONE,,,,
SG-MEM-005,independent,MEM,Grant authority,P0,"customer, OWNER, FINANCE",APPROVED_STAGING,Plan published price=100001 periodDays=30; active/expired subscriptions; server clock fixed.,"OWNER grant có MFA
FINANCE/customer grant
owner thiếu MFA staging",Grant đúng quyền; không vượt authority; emulator không chứng minh MFA.,"Dùng invariant của nhóm và I1–I10 trong README; đối chiếu trước/sau, không chỉ response.","Độc lập: chạy với namespace sạch; biên/multiple variants trong steps phải có result con riêng, mọi variant pass mới PASS case.","functions/src/membership.ts
packages/domain/index.ts
src/features/membership/Membership.tsx
src/features/membership/PlanEditor.tsx","tests/browser/release-crm-admin-positive030.spec.ts
tests/browser/release-crm-keyboard-zoom031.spec.ts
tests/browser/release-crm-presentation026.spec.ts
tests/browser/release-membership-plan-pagination034.spec.ts
tests/rules/crm-hardening.test.ts
tests/rules/membership.test.ts
tests/rules/remaining-authority026.test.ts
tests/rules/staff-role-array026.test.ts
tests/unit/ask-business-contract026.test.ts
tests/unit/ask-read-task-plan038.test.ts
tests/unit/ask-transport.test.ts
tests/unit/campaign-banners076.test.ts
tests/unit/content-editor-state.test.ts
tests/unit/membership-command.test.ts
tests/unit/membership-reminder-policy.test.ts
tests/unit/membership-term.test.ts",PROPOSED_TEST_ORACLE_SOURCE_REFERENCED_NOT_EXECUTED,NOT_RUN,STAGING_AUTHORIZATION_AND_SAFE_FIXTURES_REQUIRED,,,NONE,,,,
SG-MEM-006,independent,MEM,Cancel/request renewal,P0,"customer, OWNER, FINANCE",EMULATOR,Plan published price=100001 periodDays=30; active/expired subscriptions; server clock fixed.,"Bật rồi cancel renewal intent
thử cancelInvoice pending và đã confirmed",Ý định gia hạn khác subscription/payment; không hủy quyền lợi đã trả bằng cancel invoice.,"Dùng invariant của nhóm và I1–I10 trong README; đối chiếu trước/sau, không chỉ response.","Độc lập: chạy với namespace sạch; biên/multiple variants trong steps phải có result con riêng, mọi variant pass mới PASS case.","functions/src/membership.ts
packages/domain/index.ts
src/features/membership/Membership.tsx
src/features/membership/PlanEditor.tsx","tests/browser/release-crm-admin-positive030.spec.ts
tests/browser/release-crm-keyboard-zoom031.spec.ts
tests/browser/release-crm-presentation026.spec.ts
tests/browser/release-membership-plan-pagination034.spec.ts
tests/rules/crm-hardening.test.ts
tests/rules/membership.test.ts
tests/rules/remaining-authority026.test.ts
tests/rules/staff-role-array026.test.ts
tests/unit/ask-business-contract026.test.ts
tests/unit/ask-read-task-plan038.test.ts
tests/unit/ask-transport.test.ts
tests/unit/campaign-banners076.test.ts
tests/unit/content-editor-state.test.ts
tests/unit/membership-command.test.ts
tests/unit/membership-reminder-policy.test.ts
tests/unit/membership-term.test.ts",PROPOSED_TEST_ORACLE_SOURCE_REFERENCED_NOT_EXECUTED,NOT_RUN,,,,NONE,,,,
SG-MEM-007,independent,MEM,Discount boundaries,P0,"customer, OWNER, FINANCE",EMULATOR,Plan published price=100001 periodDays=30; active/expired subscriptions; server clock fixed.,"membershipDiscount bps=0,10000,10001
cap/minService
hết hạn snapshot",Discount đúng cap/minimum/scope; hết hạn không nhận lợi ích ngoài source.,"Dùng invariant của nhóm và I1–I10 trong README; đối chiếu trước/sau, không chỉ response.","Độc lập: chạy với namespace sạch; biên/multiple variants trong steps phải có result con riêng, mọi variant pass mới PASS case.","functions/src/membership.ts
packages/domain/index.ts
src/features/membership/Membership.tsx
src/features/membership/PlanEditor.tsx","tests/browser/release-crm-admin-positive030.spec.ts
tests/browser/release-crm-keyboard-zoom031.spec.ts
tests/browser/release-crm-presentation026.spec.ts
tests/browser/release-membership-plan-pagination034.spec.ts
tests/rules/crm-hardening.test.ts
tests/rules/membership.test.ts
tests/rules/remaining-authority026.test.ts
tests/rules/staff-role-array026.test.ts
tests/unit/ask-business-contract026.test.ts
tests/unit/ask-read-task-plan038.test.ts
tests/unit/ask-transport.test.ts
tests/unit/campaign-banners076.test.ts
tests/unit/content-editor-state.test.ts
tests/unit/membership-command.test.ts
tests/unit/membership-reminder-policy.test.ts
tests/unit/membership-term.test.ts",PROPOSED_TEST_ORACLE_SOURCE_REFERENCED_NOT_EXECUTED,NOT_RUN,,,,NONE,,,,
SG-MEM-008,independent,MEM,Snapshot quote,P0,"customer, OWNER, FINANCE",EMULATOR,Plan published price=100001 periodDays=30; active/expired subscriptions; server clock fixed.,"Accept quote dùng membership
đổi published plan benefits
đọc accepted quote",Snapshot quote không bị thay lợi ích/giá ngầm.,"Dùng invariant của nhóm và I1–I10 trong README; đối chiếu trước/sau, không chỉ response.","Độc lập: chạy với namespace sạch; biên/multiple variants trong steps phải có result con riêng, mọi variant pass mới PASS case.","functions/src/membership.ts
packages/domain/index.ts
src/features/membership/Membership.tsx
src/features/membership/PlanEditor.tsx","tests/browser/release-crm-admin-positive030.spec.ts
tests/browser/release-crm-keyboard-zoom031.spec.ts
tests/browser/release-crm-presentation026.spec.ts
tests/browser/release-membership-plan-pagination034.spec.ts
tests/rules/crm-hardening.test.ts
tests/rules/membership.test.ts
tests/rules/remaining-authority026.test.ts
tests/rules/staff-role-array026.test.ts
tests/unit/ask-business-contract026.test.ts
tests/unit/ask-read-task-plan038.test.ts
tests/unit/ask-transport.test.ts
tests/unit/campaign-banners076.test.ts
tests/unit/content-editor-state.test.ts
tests/unit/membership-command.test.ts
tests/unit/membership-reminder-policy.test.ts
tests/unit/membership-term.test.ts",PROPOSED_TEST_ORACLE_SOURCE_REFERENCED_NOT_EXECUTED,NOT_RUN,,,,NONE,,,,
SG-MEM-009,independent,MEM,Retry bank confirmation,P0,"customer, OWNER, FINANCE",EMULATOR,Plan published price=100001 periodDays=30; active/expired subscriptions; server clock fixed.,"Confirm cùng invoice/bank bằng nhiều operationId
race với grant",Không nhân đôi kỳ hạn/history/allocation; quyền hiện hành được recheck.,"Dùng invariant của nhóm và I1–I10 trong README; đối chiếu trước/sau, không chỉ response.","Độc lập: chạy với namespace sạch; biên/multiple variants trong steps phải có result con riêng, mọi variant pass mới PASS case.","functions/src/membership.ts
packages/domain/index.ts
src/features/membership/Membership.tsx
src/features/membership/PlanEditor.tsx","tests/browser/release-crm-admin-positive030.spec.ts
tests/browser/release-crm-keyboard-zoom031.spec.ts
tests/browser/release-crm-presentation026.spec.ts
tests/browser/release-membership-plan-pagination034.spec.ts
tests/rules/crm-hardening.test.ts
tests/rules/membership.test.ts
tests/rules/remaining-authority026.test.ts
tests/rules/staff-role-array026.test.ts
tests/unit/ask-business-contract026.test.ts
tests/unit/ask-read-task-plan038.test.ts
tests/unit/ask-transport.test.ts
tests/unit/campaign-banners076.test.ts
tests/unit/content-editor-state.test.ts
tests/unit/membership-command.test.ts
tests/unit/membership-reminder-policy.test.ts
tests/unit/membership-term.test.ts",PROPOSED_TEST_ORACLE_SOURCE_REFERENCED_NOT_EXECUTED,NOT_RUN,,,,NONE,,,,
SG-REM-001,independent,REM,Reminder policy,P0,"customer, OWNER, worker",EMULATOR,A/B notifications; reminder policies active/inactive; canonical demo-satsunicgo clock fixture.,"Save valid reminder preferences
set invalid values
reload account",Lưu đúng owner và schema; không thay billing consent.,"Dùng invariant của nhóm và I1–I10 trong README; đối chiếu trước/sau, không chỉ response.","Độc lập: chạy với namespace sạch; biên/multiple variants trong steps phải có result con riêng, mọi variant pass mới PASS case.","functions/src/membership-reminder-policy.ts
functions/src/jobs.ts
functions/src/provider-release-gate.ts
src/features/notifications/Notifications.tsx
src/features/membership/ReminderSettings.tsx","tests/rules/reminder-role-array026.test.ts
tests/unit/email-delivery-security.test.ts
tests/unit/membership-reminder-policy.test.ts
tests/unit/provider-release-gate067.test.ts",PROPOSED_TEST_ORACLE_SOURCE_REFERENCED_NOT_EXECUTED,NOT_RUN,,,,NONE,,,,
SG-REM-002,independent,REM,Mark read,P0,"customer, OWNER, worker",EMULATOR,A/B notifications; reminder policies active/inactive; canonical demo-satsunicgo clock fixture.,"readNotification của A
replay
B dùng ID A",Chỉ A được cập nhật; idempotent/read state đúng; cross-owner deny.,"Dùng invariant của nhóm và I1–I10 trong README; đối chiếu trước/sau, không chỉ response.","Độc lập: chạy với namespace sạch; biên/multiple variants trong steps phải có result con riêng, mọi variant pass mới PASS case.","functions/src/membership-reminder-policy.ts
functions/src/jobs.ts
functions/src/provider-release-gate.ts
src/features/notifications/Notifications.tsx
src/features/membership/ReminderSettings.tsx","tests/rules/reminder-role-array026.test.ts
tests/unit/email-delivery-security.test.ts
tests/unit/membership-reminder-policy.test.ts
tests/unit/provider-release-gate067.test.ts",PROPOSED_TEST_ORACLE_SOURCE_REFERENCED_NOT_EXECUTED,NOT_RUN,,,,NONE,,,,
SG-REM-003,independent,REM,Notification pagination,P0,"customer, OWNER, worker",EMULATOR,A/B notifications; reminder policies active/inactive; canonical demo-satsunicgo clock fixture.,"Seed hơn một page
next
có event mới
mark read trong page cũ",Không mất selection hoặc count giả; empty/error được phân biệt.,"Dùng invariant của nhóm và I1–I10 trong README; đối chiếu trước/sau, không chỉ response.","Độc lập: chạy với namespace sạch; biên/multiple variants trong steps phải có result con riêng, mọi variant pass mới PASS case.","functions/src/membership-reminder-policy.ts
functions/src/jobs.ts
functions/src/provider-release-gate.ts
src/features/notifications/Notifications.tsx
src/features/membership/ReminderSettings.tsx","tests/rules/reminder-role-array026.test.ts
tests/unit/email-delivery-security.test.ts
tests/unit/membership-reminder-policy.test.ts
tests/unit/provider-release-gate067.test.ts",PROPOSED_TEST_ORACLE_SOURCE_REFERENCED_NOT_EXECUTED,NOT_RUN,,,,NONE,,,,
SG-REM-004,independent,REM,Link notification,P0,"customer, OWNER, worker",EMULATOR,A/B notifications; reminder policies active/inactive; canonical demo-satsunicgo clock fixture.,"Mở notification đơn/invoice/comment
target thiếu hoặc bị thu quyền",Đi đúng entity; target revoked không lộ dữ liệu; có fallback rõ.,"Dùng invariant của nhóm và I1–I10 trong README; đối chiếu trước/sau, không chỉ response.","Độc lập: chạy với namespace sạch; biên/multiple variants trong steps phải có result con riêng, mọi variant pass mới PASS case.","functions/src/membership-reminder-policy.ts
functions/src/jobs.ts
functions/src/provider-release-gate.ts
src/features/notifications/Notifications.tsx
src/features/membership/ReminderSettings.tsx","tests/rules/reminder-role-array026.test.ts
tests/unit/email-delivery-security.test.ts
tests/unit/membership-reminder-policy.test.ts
tests/unit/provider-release-gate067.test.ts",PROPOSED_TEST_ORACLE_SOURCE_REFERENCED_NOT_EXECUTED,NOT_RUN,,,,NONE,,,,
SG-REM-005,independent,REM,Maintenance demo identity,P0,"customer, OWNER, worker",EMULATOR,A/B notifications; reminder policies active/inactive; canonical demo-satsunicgo clock fixture.,"Run harness với project demo-satsunicgo và localhost emulator
đổi host/project/actual DB identity từng trường",Chỉ canonical demo được phép chạy non-provider maintenance; mismatch deny.,"Dùng invariant của nhóm và I1–I10 trong README; đối chiếu trước/sau, không chỉ response.","Độc lập: chạy với namespace sạch; biên/multiple variants trong steps phải có result con riêng, mọi variant pass mới PASS case.","functions/src/membership-reminder-policy.ts
functions/src/jobs.ts
functions/src/provider-release-gate.ts
src/features/notifications/Notifications.tsx
src/features/membership/ReminderSettings.tsx","tests/rules/reminder-role-array026.test.ts
tests/unit/email-delivery-security.test.ts
tests/unit/membership-reminder-policy.test.ts
tests/unit/provider-release-gate067.test.ts",PROPOSED_TEST_ORACLE_SOURCE_REFERENCED_NOT_EXECUTED,NOT_RUN,,,,NONE,,,,
SG-REM-006,independent,REM,Reminder dedupe,P0,"customer, OWNER, worker",EMULATOR,A/B notifications; reminder policies active/inactive; canonical demo-satsunicgo clock fixture.,"Quét hai lần cùng time window
concurrent worker
subscription đã renew",Không notify trùng hoặc nhắc hết hạn sai sau renew.,"Dùng invariant của nhóm và I1–I10 trong README; đối chiếu trước/sau, không chỉ response.","Độc lập: chạy với namespace sạch; biên/multiple variants trong steps phải có result con riêng, mọi variant pass mới PASS case.","functions/src/membership-reminder-policy.ts
functions/src/jobs.ts
functions/src/provider-release-gate.ts
src/features/notifications/Notifications.tsx
src/features/membership/ReminderSettings.tsx","tests/rules/reminder-role-array026.test.ts
tests/unit/email-delivery-security.test.ts
tests/unit/membership-reminder-policy.test.ts
tests/unit/provider-release-gate067.test.ts",PROPOSED_TEST_ORACLE_SOURCE_REFERENCED_NOT_EXECUTED,NOT_RUN,,,,NONE,,,,
SG-REM-007,independent,REM,Published schedule gate,P0,"customer, OWNER, worker",EMULATOR,A/B notifications; reminder policies active/inactive; canonical demo-satsunicgo clock fixture.,"Scheduled post đến hạn trong approved demo
ngoài demo capability đóng",Chỉ execution được gate cho phép; không suy ra lịch production đang hoạt động.,"Dùng invariant của nhóm và I1–I10 trong README; đối chiếu trước/sau, không chỉ response.","Độc lập: chạy với namespace sạch; biên/multiple variants trong steps phải có result con riêng, mọi variant pass mới PASS case.","functions/src/membership-reminder-policy.ts
functions/src/jobs.ts
functions/src/provider-release-gate.ts
src/features/notifications/Notifications.tsx
src/features/membership/ReminderSettings.tsx","tests/rules/reminder-role-array026.test.ts
tests/unit/email-delivery-security.test.ts
tests/unit/membership-reminder-policy.test.ts
tests/unit/provider-release-gate067.test.ts",PROPOSED_TEST_ORACLE_SOURCE_REFERENCED_NOT_EXECUTED,NOT_RUN,,,,NONE,,,,
SG-REM-008,independent,REM,Locked user reminder,P0,"customer, OWNER, worker",EMULATOR,A/B notifications; reminder policies active/inactive; canonical demo-satsunicgo clock fixture.,"Khóa account trong khi job chờ
worker quét lại",Áp dụng policy hiện hành; không lộ dữ liệu private qua notification delivery.,"Dùng invariant của nhóm và I1–I10 trong README; đối chiếu trước/sau, không chỉ response.","Độc lập: chạy với namespace sạch; biên/multiple variants trong steps phải có result con riêng, mọi variant pass mới PASS case.","functions/src/membership-reminder-policy.ts
functions/src/jobs.ts
functions/src/provider-release-gate.ts
src/features/notifications/Notifications.tsx
src/features/membership/ReminderSettings.tsx","tests/rules/reminder-role-array026.test.ts
tests/unit/email-delivery-security.test.ts
tests/unit/membership-reminder-policy.test.ts
tests/unit/provider-release-gate067.test.ts",PROPOSED_TEST_ORACLE_SOURCE_REFERENCED_NOT_EXECUTED,NOT_RUN,,,,NONE,,,,
SG-PROFILE-001,independent,PROFILE,Save profile,P0,customer A/B,EMULATOR,A có profile/address; B profile khác; recipient attached order fixture.,"A sửa tên hợp lệ
reload
đọc CRM customer projection",Tên được normalize theo source; projection đồng nhất; email identity không sửa bằng tên.,"Dùng invariant của nhóm và I1–I10 trong README; đối chiếu trước/sau, không chỉ response.","Độc lập: chạy với namespace sạch; biên/multiple variants trong steps phải có result con riêng, mọi variant pass mới PASS case.","functions/src/workspace.ts
src/features/profile/Profile.tsx
src/features/profile/profile-state.ts","tests/browser/release-api.spec.ts
tests/rules/workspace-version026.test.ts
tests/unit/profile-state.test.ts",PROPOSED_TEST_ORACLE_SOURCE_REFERENCED_NOT_EXECUTED,NOT_RUN,,,,NONE,,,,
SG-PROFILE-002,independent,PROFILE,Biên tên,P0,customer A/B,EMULATOR,A có profile/address; B profile khác; recipient attached order fixture.,"Tên trắng, quá dài, Unicode tổ hợp và dấu Việt
thử trường không cho phép",Validation đúng; không overwrite email_verified/roles/locked.,"Dùng invariant của nhóm và I1–I10 trong README; đối chiếu trước/sau, không chỉ response.","Độc lập: chạy với namespace sạch; biên/multiple variants trong steps phải có result con riêng, mọi variant pass mới PASS case.","functions/src/workspace.ts
src/features/profile/Profile.tsx
src/features/profile/profile-state.ts","tests/browser/release-api.spec.ts
tests/rules/workspace-version026.test.ts
tests/unit/profile-state.test.ts",PROPOSED_TEST_ORACLE_SOURCE_REFERENCED_NOT_EXECUTED,NOT_RUN,,,,NONE,,,,
SG-PROFILE-003,independent,PROFILE,Save address,P0,customer A/B,EMULATOR,A có profile/address; B profile khác; recipient attached order fixture.,"Tạo và cập nhật address hợp lệ
nhập thiếu trường bắt buộc",Đúng owner/address version; input lỗi không mất dữ liệu nhập.,"Dùng invariant của nhóm và I1–I10 trong README; đối chiếu trước/sau, không chỉ response.","Độc lập: chạy với namespace sạch; biên/multiple variants trong steps phải có result con riêng, mọi variant pass mới PASS case.","functions/src/workspace.ts
src/features/profile/Profile.tsx
src/features/profile/profile-state.ts","tests/browser/release-api.spec.ts
tests/rules/workspace-version026.test.ts
tests/unit/profile-state.test.ts",PROPOSED_TEST_ORACLE_SOURCE_REFERENCED_NOT_EXECUTED,NOT_RUN,,,,NONE,,,,
SG-PROFILE-004,independent,PROFILE,Address của người khác,P0,customer A/B,EMULATOR,A có profile/address; B profile khác; recipient attached order fixture.,"A save/read address B qua ID
thử ownerId spoof",Server/Rules deny; không leak địa chỉ B.,"Dùng invariant của nhóm và I1–I10 trong README; đối chiếu trước/sau, không chỉ response.","Độc lập: chạy với namespace sạch; biên/multiple variants trong steps phải có result con riêng, mọi variant pass mới PASS case.","functions/src/workspace.ts
src/features/profile/Profile.tsx
src/features/profile/profile-state.ts","tests/browser/release-api.spec.ts
tests/rules/workspace-version026.test.ts
tests/unit/profile-state.test.ts",PROPOSED_TEST_ORACLE_SOURCE_REFERENCED_NOT_EXECUTED,NOT_RUN,,,,NONE,,,,
SG-PROFILE-005,independent,PROFILE,Recipient snapshot,P0,customer A/B,EMULATOR,A có profile/address; B profile khác; recipient attached order fixture.,"Gắn recipient vào order/Ask
thay address gốc sau accept",Snapshot order không đổi ngầm; thay người nhận cần đúng workflow.,"Dùng invariant của nhóm và I1–I10 trong README; đối chiếu trước/sau, không chỉ response.","Độc lập: chạy với namespace sạch; biên/multiple variants trong steps phải có result con riêng, mọi variant pass mới PASS case.","functions/src/workspace.ts
src/features/profile/Profile.tsx
src/features/profile/profile-state.ts","tests/browser/release-api.spec.ts
tests/rules/workspace-version026.test.ts
tests/unit/profile-state.test.ts",PROPOSED_TEST_ORACLE_SOURCE_REFERENCED_NOT_EXECUTED,NOT_RUN,,,,NONE,,,,
SG-PROFILE-006,independent,PROFILE,Switch account đang save,P0,customer A/B,EMULATOR,A có profile/address; B profile khác; recipient attached order fixture.,"Save profile A bị delay
sign in B
resolve A",Không gán tên/address A cho B hoặc hiển thị toast success sai context.,"Dùng invariant của nhóm và I1–I10 trong README; đối chiếu trước/sau, không chỉ response.","Độc lập: chạy với namespace sạch; biên/multiple variants trong steps phải có result con riêng, mọi variant pass mới PASS case.","functions/src/workspace.ts
src/features/profile/Profile.tsx
src/features/profile/profile-state.ts","tests/browser/release-api.spec.ts
tests/rules/workspace-version026.test.ts
tests/unit/profile-state.test.ts",PROPOSED_TEST_ORACLE_SOURCE_REFERENCED_NOT_EXECUTED,NOT_RUN,,,,NONE,,,,
SG-PROFILE-007,independent,PROFILE,Load fail và retry,P0,customer A/B,EMULATOR,A có profile/address; B profile khác; recipient attached order fixture.,"Fail profile/address fetch
sửa draft
retry load",Không ghi đè draft bằng null/empty hoặc profile cũ; error khác chưa có địa chỉ.,"Dùng invariant của nhóm và I1–I10 trong README; đối chiếu trước/sau, không chỉ response.","Độc lập: chạy với namespace sạch; biên/multiple variants trong steps phải có result con riêng, mọi variant pass mới PASS case.","functions/src/workspace.ts
src/features/profile/Profile.tsx
src/features/profile/profile-state.ts","tests/browser/release-api.spec.ts
tests/rules/workspace-version026.test.ts
tests/unit/profile-state.test.ts",PROPOSED_TEST_ORACLE_SOURCE_REFERENCED_NOT_EXECUTED,NOT_RUN,,,,NONE,,,,
SG-PROFILE-008,independent,PROFILE,Concurrent profile edit,P0,customer A/B,EMULATOR,A có profile/address; B profile khác; recipient attached order fixture.,"Hai tab save cùng version theo workspace contract
reload loser",Conflict được xử lý; không silently mất fields đã commit.,"Dùng invariant của nhóm và I1–I10 trong README; đối chiếu trước/sau, không chỉ response.","Độc lập: chạy với namespace sạch; biên/multiple variants trong steps phải có result con riêng, mọi variant pass mới PASS case.","functions/src/workspace.ts
src/features/profile/Profile.tsx
src/features/profile/profile-state.ts","tests/browser/release-api.spec.ts
tests/rules/workspace-version026.test.ts
tests/unit/profile-state.test.ts",PROPOSED_TEST_ORACLE_SOURCE_REFERENCED_NOT_EXECUTED,NOT_RUN,,,,NONE,,,,
SG-CRM-001,independent,CRM,List và search,P0,"SUPPORT, OWNER, OPERATIONS_MANAGER theo endpoint",EMULATOR,"A/B customers; public profile, private notes; orders/financial aggregates; assignee active/inactive.","listCustomers theo query có dấu, filter và cursor
mở customer",Đúng khách/phạm vi; tổng số và summary chỉ từ dữ liệu có authority.,"Dùng invariant của nhóm và I1–I10 trong README; đối chiếu trước/sau, không chỉ response.","Độc lập: chạy với namespace sạch; biên/multiple variants trong steps phải có result con riêng, mọi variant pass mới PASS case.","functions/src/crm.ts
packages/domain/crm.ts
src/features/crm/Customers.tsx
src/features/crm/Customer.tsx","tests/browser/release-api.spec.ts
tests/browser/release-crm-admin-positive030.spec.ts
tests/browser/release-crm-boundaries028.spec.ts
tests/browser/release-crm-hardening.spec.ts
tests/browser/release-crm-keyboard-zoom031.spec.ts
tests/browser/release-crm-populated026.spec.ts
tests/browser/release-crm-presentation026.spec.ts
tests/browser/release-crm-records026.spec.ts
tests/browser/release-crm-recovery028.spec.ts
tests/browser/release-crm-taskflow.spec.ts
tests/browser/release-crm-ux028.spec.ts
tests/browser/release-crm.spec.ts
tests/browser/release-staff-authority026.spec.ts
tests/rules/ask-workflow.test.ts
tests/rules/crm-authority026.test.ts
tests/rules/crm-boundaries028.test.ts
tests/rules/crm-hardening.test.ts
tests/rules/server.test.ts
tests/unit/crm-ux028-eligibility.test.ts
tests/unit/crm.test.ts
tests/unit/customers-contextual.test.ts",PROPOSED_TEST_ORACLE_SOURCE_REFERENCED_NOT_EXECUTED,NOT_RUN,,,,NONE,,,,
SG-CRM-002,independent,CRM,Notes nội bộ,P0,"SUPPORT, OWNER, OPERATIONS_MANAGER theo endpoint",EMULATOR,"A/B customers; public profile, private notes; orders/financial aggregates; assignee active/inactive.","saveCustomerNotes hợp lệ
đọc customer staff
A đọc profile/order của mình",Notes chỉ staff được cấp; không lộ trong customer projections hoặc Ask.,"Dùng invariant của nhóm và I1–I10 trong README; đối chiếu trước/sau, không chỉ response.","Độc lập: chạy với namespace sạch; biên/multiple variants trong steps phải có result con riêng, mọi variant pass mới PASS case.","functions/src/crm.ts
packages/domain/crm.ts
src/features/crm/Customers.tsx
src/features/crm/Customer.tsx","tests/browser/release-api.spec.ts
tests/browser/release-crm-admin-positive030.spec.ts
tests/browser/release-crm-boundaries028.spec.ts
tests/browser/release-crm-hardening.spec.ts
tests/browser/release-crm-keyboard-zoom031.spec.ts
tests/browser/release-crm-populated026.spec.ts
tests/browser/release-crm-presentation026.spec.ts
tests/browser/release-crm-records026.spec.ts
tests/browser/release-crm-recovery028.spec.ts
tests/browser/release-crm-taskflow.spec.ts
tests/browser/release-crm-ux028.spec.ts
tests/browser/release-crm.spec.ts
tests/browser/release-staff-authority026.spec.ts
tests/rules/ask-workflow.test.ts
tests/rules/crm-authority026.test.ts
tests/rules/crm-boundaries028.test.ts
tests/rules/crm-hardening.test.ts
tests/rules/server.test.ts
tests/unit/crm-ux028-eligibility.test.ts
tests/unit/crm.test.ts
tests/unit/customers-contextual.test.ts",PROPOSED_TEST_ORACLE_SOURCE_REFERENCED_NOT_EXECUTED,NOT_RUN,,,,NONE,,,,
SG-CRM-003,independent,CRM,Version notes,P0,"SUPPORT, OWNER, OPERATIONS_MANAGER theo endpoint",EMULATOR,"A/B customers; public profile, private notes; orders/financial aggregates; assignee active/inactive.","Hai staff save notes cùng expectedVersion
replay",Một commit; conflict giữ draft; audit đúng actor/version.,"Dùng invariant của nhóm và I1–I10 trong README; đối chiếu trước/sau, không chỉ response.","Độc lập: chạy với namespace sạch; biên/multiple variants trong steps phải có result con riêng, mọi variant pass mới PASS case.","functions/src/crm.ts
packages/domain/crm.ts
src/features/crm/Customers.tsx
src/features/crm/Customer.tsx","tests/browser/release-api.spec.ts
tests/browser/release-crm-admin-positive030.spec.ts
tests/browser/release-crm-boundaries028.spec.ts
tests/browser/release-crm-hardening.spec.ts
tests/browser/release-crm-keyboard-zoom031.spec.ts
tests/browser/release-crm-populated026.spec.ts
tests/browser/release-crm-presentation026.spec.ts
tests/browser/release-crm-records026.spec.ts
tests/browser/release-crm-recovery028.spec.ts
tests/browser/release-crm-taskflow.spec.ts
tests/browser/release-crm-ux028.spec.ts
tests/browser/release-crm.spec.ts
tests/browser/release-staff-authority026.spec.ts
tests/rules/ask-workflow.test.ts
tests/rules/crm-authority026.test.ts
tests/rules/crm-boundaries028.test.ts
tests/rules/crm-hardening.test.ts
tests/rules/server.test.ts
tests/unit/crm-ux028-eligibility.test.ts
tests/unit/crm.test.ts
tests/unit/customers-contextual.test.ts",PROPOSED_TEST_ORACLE_SOURCE_REFERENCED_NOT_EXECUTED,NOT_RUN,,,,NONE,,,,
SG-CRM-004,independent,CRM,Follow-up assignee,P0,"SUPPORT, OWNER, OPERATIONS_MANAGER theo endpoint",EMULATOR,"A/B customers; public profile, private notes; orders/financial aggregates; assignee active/inactive.","Tạo follow-up hợp lệ
chọn staff inactive/locked hoặc role không phù hợp",Chỉ assignee đúng policy hiện hành; không phân công dựa metadata cũ.,"Dùng invariant của nhóm và I1–I10 trong README; đối chiếu trước/sau, không chỉ response.","Độc lập: chạy với namespace sạch; biên/multiple variants trong steps phải có result con riêng, mọi variant pass mới PASS case.","functions/src/crm.ts
packages/domain/crm.ts
src/features/crm/Customers.tsx
src/features/crm/Customer.tsx","tests/browser/release-api.spec.ts
tests/browser/release-crm-admin-positive030.spec.ts
tests/browser/release-crm-boundaries028.spec.ts
tests/browser/release-crm-hardening.spec.ts
tests/browser/release-crm-keyboard-zoom031.spec.ts
tests/browser/release-crm-populated026.spec.ts
tests/browser/release-crm-presentation026.spec.ts
tests/browser/release-crm-records026.spec.ts
tests/browser/release-crm-recovery028.spec.ts
tests/browser/release-crm-taskflow.spec.ts
tests/browser/release-crm-ux028.spec.ts
tests/browser/release-crm.spec.ts
tests/browser/release-staff-authority026.spec.ts
tests/rules/ask-workflow.test.ts
tests/rules/crm-authority026.test.ts
tests/rules/crm-boundaries028.test.ts
tests/rules/crm-hardening.test.ts
tests/rules/server.test.ts
tests/unit/crm-ux028-eligibility.test.ts
tests/unit/crm.test.ts
tests/unit/customers-contextual.test.ts",PROPOSED_TEST_ORACLE_SOURCE_REFERENCED_NOT_EXECUTED,NOT_RUN,,,,NONE,,,,
SG-CRM-005,independent,CRM,Follow-up pagination,P0,"SUPPORT, OWNER, OPERATIONS_MANAGER theo endpoint",EMULATOR,"A/B customers; public profile, private notes; orders/financial aggregates; assignee active/inactive.","Nhiều lịch cùng timestamp
next/back
filter overdue
event mới",Cursor ổn định theo source; không bỏ/trùng item do timestamp tie.,"Dùng invariant của nhóm và I1–I10 trong README; đối chiếu trước/sau, không chỉ response.","Độc lập: chạy với namespace sạch; biên/multiple variants trong steps phải có result con riêng, mọi variant pass mới PASS case.","functions/src/crm.ts
packages/domain/crm.ts
src/features/crm/Customers.tsx
src/features/crm/Customer.tsx","tests/browser/release-api.spec.ts
tests/browser/release-crm-admin-positive030.spec.ts
tests/browser/release-crm-boundaries028.spec.ts
tests/browser/release-crm-hardening.spec.ts
tests/browser/release-crm-keyboard-zoom031.spec.ts
tests/browser/release-crm-populated026.spec.ts
tests/browser/release-crm-presentation026.spec.ts
tests/browser/release-crm-records026.spec.ts
tests/browser/release-crm-recovery028.spec.ts
tests/browser/release-crm-taskflow.spec.ts
tests/browser/release-crm-ux028.spec.ts
tests/browser/release-crm.spec.ts
tests/browser/release-staff-authority026.spec.ts
tests/rules/ask-workflow.test.ts
tests/rules/crm-authority026.test.ts
tests/rules/crm-boundaries028.test.ts
tests/rules/crm-hardening.test.ts
tests/rules/server.test.ts
tests/unit/crm-ux028-eligibility.test.ts
tests/unit/crm.test.ts
tests/unit/customers-contextual.test.ts",PROPOSED_TEST_ORACLE_SOURCE_REFERENCED_NOT_EXECUTED,NOT_RUN,,,,NONE,,,,
SG-CRM-006,independent,CRM,Read partial failure,P0,"SUPPORT, OWNER, OPERATIONS_MANAGER theo endpoint",EMULATOR,"A/B customers; public profile, private notes; orders/financial aggregates; assignee active/inactive.","Fail một order/summary request ở detail
retry section",Không đổi null/unknown thành zero hoặc đánh dấu healthy sai.,"Dùng invariant của nhóm và I1–I10 trong README; đối chiếu trước/sau, không chỉ response.","Độc lập: chạy với namespace sạch; biên/multiple variants trong steps phải có result con riêng, mọi variant pass mới PASS case.","functions/src/crm.ts
packages/domain/crm.ts
src/features/crm/Customers.tsx
src/features/crm/Customer.tsx","tests/browser/release-api.spec.ts
tests/browser/release-crm-admin-positive030.spec.ts
tests/browser/release-crm-boundaries028.spec.ts
tests/browser/release-crm-hardening.spec.ts
tests/browser/release-crm-keyboard-zoom031.spec.ts
tests/browser/release-crm-populated026.spec.ts
tests/browser/release-crm-presentation026.spec.ts
tests/browser/release-crm-records026.spec.ts
tests/browser/release-crm-recovery028.spec.ts
tests/browser/release-crm-taskflow.spec.ts
tests/browser/release-crm-ux028.spec.ts
tests/browser/release-crm.spec.ts
tests/browser/release-staff-authority026.spec.ts
tests/rules/ask-workflow.test.ts
tests/rules/crm-authority026.test.ts
tests/rules/crm-boundaries028.test.ts
tests/rules/crm-hardening.test.ts
tests/rules/server.test.ts
tests/unit/crm-ux028-eligibility.test.ts
tests/unit/crm.test.ts
tests/unit/customers-contextual.test.ts",PROPOSED_TEST_ORACLE_SOURCE_REFERENCED_NOT_EXECUTED,NOT_RUN,,,,NONE,,,,
SG-CRM-007,independent,CRM,Staff list tối thiểu,P0,"SUPPORT, OWNER, OPERATIONS_MANAGER theo endpoint",EMULATOR,"A/B customers; public profile, private notes; orders/financial aggregates; assignee active/inactive.","listCrmStaff/listFollowUps với role hợp lệ
thử customer và staff revoked",Server deny ngoài quyền; projection không lộ metadata/PII ngoài cần thiết.,"Dùng invariant của nhóm và I1–I10 trong README; đối chiếu trước/sau, không chỉ response.","Độc lập: chạy với namespace sạch; biên/multiple variants trong steps phải có result con riêng, mọi variant pass mới PASS case.","functions/src/crm.ts
packages/domain/crm.ts
src/features/crm/Customers.tsx
src/features/crm/Customer.tsx","tests/browser/release-api.spec.ts
tests/browser/release-crm-admin-positive030.spec.ts
tests/browser/release-crm-boundaries028.spec.ts
tests/browser/release-crm-hardening.spec.ts
tests/browser/release-crm-keyboard-zoom031.spec.ts
tests/browser/release-crm-populated026.spec.ts
tests/browser/release-crm-presentation026.spec.ts
tests/browser/release-crm-records026.spec.ts
tests/browser/release-crm-recovery028.spec.ts
tests/browser/release-crm-taskflow.spec.ts
tests/browser/release-crm-ux028.spec.ts
tests/browser/release-crm.spec.ts
tests/browser/release-staff-authority026.spec.ts
tests/rules/ask-workflow.test.ts
tests/rules/crm-authority026.test.ts
tests/rules/crm-boundaries028.test.ts
tests/rules/crm-hardening.test.ts
tests/rules/server.test.ts
tests/unit/crm-ux028-eligibility.test.ts
tests/unit/crm.test.ts
tests/unit/customers-contextual.test.ts",PROPOSED_TEST_ORACLE_SOURCE_REFERENCED_NOT_EXECUTED,NOT_RUN,,,,NONE,,,,
SG-CRM-008,independent,CRM,Dashboard scope,P0,"SUPPORT, OWNER, OPERATIONS_MANAGER theo endpoint",EMULATOR,"A/B customers; public profile, private notes; orders/financial aggregates; assignee active/inactive.","operationalDashboard trên dữ liệu nhiều trạng thái và page
compare source totals",Không trình bày page subtotal như toàn hệ thống; lỗi một source thể hiện unavailable.,"Dùng invariant của nhóm và I1–I10 trong README; đối chiếu trước/sau, không chỉ response.","Độc lập: chạy với namespace sạch; biên/multiple variants trong steps phải có result con riêng, mọi variant pass mới PASS case.","functions/src/crm.ts
packages/domain/crm.ts
src/features/crm/Customers.tsx
src/features/crm/Customer.tsx","tests/browser/release-api.spec.ts
tests/browser/release-crm-admin-positive030.spec.ts
tests/browser/release-crm-boundaries028.spec.ts
tests/browser/release-crm-hardening.spec.ts
tests/browser/release-crm-keyboard-zoom031.spec.ts
tests/browser/release-crm-populated026.spec.ts
tests/browser/release-crm-presentation026.spec.ts
tests/browser/release-crm-records026.spec.ts
tests/browser/release-crm-recovery028.spec.ts
tests/browser/release-crm-taskflow.spec.ts
tests/browser/release-crm-ux028.spec.ts
tests/browser/release-crm.spec.ts
tests/browser/release-staff-authority026.spec.ts
tests/rules/ask-workflow.test.ts
tests/rules/crm-authority026.test.ts
tests/rules/crm-boundaries028.test.ts
tests/rules/crm-hardening.test.ts
tests/rules/server.test.ts
tests/unit/crm-ux028-eligibility.test.ts
tests/unit/crm.test.ts
tests/unit/customers-contextual.test.ts",PROPOSED_TEST_ORACLE_SOURCE_REFERENCED_NOT_EXECUTED,NOT_RUN,,,,NONE,,,,
SG-WORK-001,independent,WORK,Menu theo vai trò,P0,"7 staff roles, customer",EMULATOR,"OWNER, OPERATIONS_MANAGER, BUYER, WAREHOUSE, FINANCE, SUPPORT, CONTENT_EDITOR; locked/inactive variants.","Mở CRM từng role và multi-role
so sánh workspacePages",Chỉ work được grant; defaultPage hợp lệ; customer không có CRM authority.,"Dùng invariant của nhóm và I1–I10 trong README; đối chiếu trước/sau, không chỉ response.","Độc lập: chạy với namespace sạch; biên/multiple variants trong steps phải có result con riêng, mọi variant pass mới PASS case.","functions/src/workspace.ts
packages/domain/staff-route.ts
src/features/crm/Workspace.tsx
src/shared/staff-access.ts","tests/unit/staff-access-contextual.test.ts
tests/unit/staff-route.test.ts",PROPOSED_TEST_ORACLE_SOURCE_REFERENCED_NOT_EXECUTED,NOT_RUN,,,,NONE,,,,
SG-WORK-002,independent,WORK,Deep link ngoài quyền,P0,"7 staff roles, customer",EMULATOR,"OWNER, OPERATIONS_MANAGER, BUYER, WAREHOUSE, FINANCE, SUPPORT, CONTENT_EDITOR; locked/inactive variants.","Nhập trực tiếp mỗi /crm route bằng role thiếu
gọi handler trực tiếp",UI denial rõ; server deny độc lập việc hide menu.,"Dùng invariant của nhóm và I1–I10 trong README; đối chiếu trước/sau, không chỉ response.","Độc lập: chạy với namespace sạch; biên/multiple variants trong steps phải có result con riêng, mọi variant pass mới PASS case.","functions/src/workspace.ts
packages/domain/staff-route.ts
src/features/crm/Workspace.tsx
src/shared/staff-access.ts","tests/unit/staff-access-contextual.test.ts
tests/unit/staff-route.test.ts",PROPOSED_TEST_ORACLE_SOURCE_REFERENCED_NOT_EXECUTED,NOT_RUN,,,,NONE,,,,
SG-WORK-003,independent,WORK,Legacy staff redirect,P0,"7 staff roles, customer",EMULATOR,"OWNER, OPERATIONS_MANAGER, BUYER, WAREHOUSE, FINANCE, SUPPORT, CONTENT_EDITOR; locked/inactive variants.",Mở /staff deep links và route không tồn tại,Redirect được kiểm soát sang CRM; không loop hoặc mở page ngoài quyền.,"Dùng invariant của nhóm và I1–I10 trong README; đối chiếu trước/sau, không chỉ response.","Độc lập: chạy với namespace sạch; biên/multiple variants trong steps phải có result con riêng, mọi variant pass mới PASS case.","functions/src/workspace.ts
packages/domain/staff-route.ts
src/features/crm/Workspace.tsx
src/shared/staff-access.ts","tests/unit/staff-access-contextual.test.ts
tests/unit/staff-route.test.ts",PROPOSED_TEST_ORACLE_SOURCE_REFERENCED_NOT_EXECUTED,NOT_RUN,,,,NONE,,,,
SG-WORK-004,independent,WORK,ListWork queues,P0,"7 staff roles, customer",EMULATOR,"OWNER, OPERATIONS_MANAGER, BUYER, WAREHOUSE, FINANCE, SUPPORT, CONTENT_EDITOR; locked/inactive variants.","Gọi listWork với kind/filter/cursor hợp lệ của orders,purchasing,warehouse,finance,activity",Bounded results đúng queue và current roles; private fields chỉ đúng scope.,"Dùng invariant của nhóm và I1–I10 trong README; đối chiếu trước/sau, không chỉ response.","Độc lập: chạy với namespace sạch; biên/multiple variants trong steps phải có result con riêng, mọi variant pass mới PASS case.","functions/src/workspace.ts
packages/domain/staff-route.ts
src/features/crm/Workspace.tsx
src/shared/staff-access.ts","tests/unit/staff-access-contextual.test.ts
tests/unit/staff-route.test.ts",PROPOSED_TEST_ORACLE_SOURCE_REFERENCED_NOT_EXECUTED,NOT_RUN,,,,NONE,,,,
SG-WORK-005,independent,WORK,Read operations,P0,"7 staff roles, customer",EMULATOR,"OWNER, OPERATIONS_MANAGER, BUYER, WAREHOUSE, FINANCE, SUPPORT, CONTENT_EDITOR; locked/inactive variants.","readOrderOperations với staff được phép, BUYER assigned/unassigned và customer",Không lộ internal notes/evidence ngoài quyền; BUYER phạm vi assignment đúng.,"Dùng invariant của nhóm và I1–I10 trong README; đối chiếu trước/sau, không chỉ response.","Độc lập: chạy với namespace sạch; biên/multiple variants trong steps phải có result con riêng, mọi variant pass mới PASS case.","functions/src/workspace.ts
packages/domain/staff-route.ts
src/features/crm/Workspace.tsx
src/shared/staff-access.ts","tests/unit/staff-access-contextual.test.ts
tests/unit/staff-route.test.ts",PROPOSED_TEST_ORACLE_SOURCE_REFERENCED_NOT_EXECUTED,NOT_RUN,,,,NONE,,,,
SG-WORK-006,independent,WORK,Thu quyền khi đang xem,P0,"7 staff roles, customer",EMULATOR,"OWNER, OPERATIONS_MANAGER, BUYER, WAREHOUSE, FINANCE, SUPPORT, CONTENT_EDITOR; locked/inactive variants.","Load queue
revoke/inactive/lock staff
page tiếp và submit bằng token cũ",Current staffAccess chặn thao tác và private reads; không tin role cache/client.,"Dùng invariant của nhóm và I1–I10 trong README; đối chiếu trước/sau, không chỉ response.","Độc lập: chạy với namespace sạch; biên/multiple variants trong steps phải có result con riêng, mọi variant pass mới PASS case.","functions/src/workspace.ts
packages/domain/staff-route.ts
src/features/crm/Workspace.tsx
src/shared/staff-access.ts","tests/unit/staff-access-contextual.test.ts
tests/unit/staff-route.test.ts",PROPOSED_TEST_ORACLE_SOURCE_REFERENCED_NOT_EXECUTED,NOT_RUN,,,,NONE,,,,
SG-WORK-007,independent,WORK,Role metadata sai kiểu,P0,"7 staff roles, customer",EMULATOR,"OWNER, OPERATIONS_MANAGER, BUYER, WAREHOUSE, FINANCE, SUPPORT, CONTENT_EDITOR; locked/inactive variants.","roles string, object, mixed array và unknown role
thử read và mutation",Fail closed; không gọi includes trên string để cấp quyền giả.,"Dùng invariant của nhóm và I1–I10 trong README; đối chiếu trước/sau, không chỉ response.","Độc lập: chạy với namespace sạch; biên/multiple variants trong steps phải có result con riêng, mọi variant pass mới PASS case.","functions/src/workspace.ts
packages/domain/staff-route.ts
src/features/crm/Workspace.tsx
src/shared/staff-access.ts","tests/unit/staff-access-contextual.test.ts
tests/unit/staff-route.test.ts",PROPOSED_TEST_ORACLE_SOURCE_REFERENCED_NOT_EXECUTED,NOT_RUN,,,,NONE,,,,
SG-WORK-008,independent,WORK,Owner settings,P0,"7 staff roles, customer",EMULATOR,"OWNER, OPERATIONS_MANAGER, BUYER, WAREHOUSE, FINANCE, SUPPORT, CONTENT_EDITOR; locked/inactive variants.",readOwnerConfiguration/savePricingPolicy với OWNER và FINANCE/SUPPORT,Chỉ role theo source; version/reason/schema đúng; không lộ secrets.,"Dùng invariant của nhóm và I1–I10 trong README; đối chiếu trước/sau, không chỉ response.","Độc lập: chạy với namespace sạch; biên/multiple variants trong steps phải có result con riêng, mọi variant pass mới PASS case.","functions/src/workspace.ts
packages/domain/staff-route.ts
src/features/crm/Workspace.tsx
src/shared/staff-access.ts","tests/unit/staff-access-contextual.test.ts
tests/unit/staff-route.test.ts",PROPOSED_TEST_ORACLE_SOURCE_REFERENCED_NOT_EXECUTED,NOT_RUN,,,,NONE,,,,
SG-WORK-009,independent,WORK,Staff access management,P0,"7 staff roles, customer",APPROVED_STAGING,"OWNER, OPERATIONS_MANAGER, BUYER, WAREHOUSE, FINANCE, SUPPORT, CONTENT_EDITOR; locked/inactive variants.","saveStaffAccess grant/revoke/lock
target UID sai
MFA staging hết hạn",Chỉ owner được phép; target/current metadata được kiểm tra; thay quyền có audit.,"Dùng invariant của nhóm và I1–I10 trong README; đối chiếu trước/sau, không chỉ response.","Độc lập: chạy với namespace sạch; biên/multiple variants trong steps phải có result con riêng, mọi variant pass mới PASS case.","functions/src/workspace.ts
packages/domain/staff-route.ts
src/features/crm/Workspace.tsx
src/shared/staff-access.ts","tests/unit/staff-access-contextual.test.ts
tests/unit/staff-route.test.ts",PROPOSED_TEST_ORACLE_SOURCE_REFERENCED_NOT_EXECUTED,NOT_RUN,STAGING_AUTHORIZATION_AND_SAFE_FIXTURES_REQUIRED,,,NONE,,,,
SG-SUP-001,independent,SUP,Open ticket,P0,"customer, SUPPORT, assigned staff",EMULATOR,Ticket A/B; order A/B; private note and public message fixtures.,A openTicket purchase/data-export/data-deletion với nội dung hợp lệ,Ticket đúng owner/purpose; yêu cầu privacy chưa đồng nghĩa đã export/delete dữ liệu.,"Dùng invariant của nhóm và I1–I10 trong README; đối chiếu trước/sau, không chỉ response.","Độc lập: chạy với namespace sạch; biên/multiple variants trong steps phải có result con riêng, mọi variant pass mới PASS case.","functions/src/order-conversation.ts
packages/domain/order-conversation.ts
functions/src/workspace.ts
src/features/support/Support.tsx
src/features/support/OrderConversation.tsx","tests/browser/release-crm-keyboard-zoom031.spec.ts
tests/rules/conversation-role-array026.test.ts
tests/rules/order-conversation.test.ts
tests/unit/conversation-authority026.test.ts
tests/unit/order-conversation.test.ts",PROPOSED_TEST_ORACLE_SOURCE_REFERENCED_NOT_EXECUTED,NOT_RUN,,,,NONE,,,,
SG-SUP-002,independent,SUP,Reply và message,P0,"customer, SUPPORT, assigned staff",EMULATOR,Ticket A/B; order A/B; private note and public message fixtures.,A và authorized staff gửi replyTicket/orderConversation message,Thread đúng entity; actor/time đúng; text validation; một message mỗi operation.,"Dùng invariant của nhóm và I1–I10 trong README; đối chiếu trước/sau, không chỉ response.","Độc lập: chạy với namespace sạch; biên/multiple variants trong steps phải có result con riêng, mọi variant pass mới PASS case.","functions/src/order-conversation.ts
packages/domain/order-conversation.ts
functions/src/workspace.ts
src/features/support/Support.tsx
src/features/support/OrderConversation.tsx","tests/browser/release-crm-keyboard-zoom031.spec.ts
tests/rules/conversation-role-array026.test.ts
tests/rules/order-conversation.test.ts
tests/unit/conversation-authority026.test.ts
tests/unit/order-conversation.test.ts",PROPOSED_TEST_ORACLE_SOURCE_REFERENCED_NOT_EXECUTED,NOT_RUN,,,,NONE,,,,
SG-SUP-003,independent,SUP,Private note,P0,"customer, SUPPORT, assigned staff",EMULATOR,Ticket A/B; order A/B; private note and public message fixtures.,"Staff note nội bộ
customer đọc conversation/messages","Không lộ notes qua callable, Rules, cache hoặc realtime.","Dùng invariant của nhóm và I1–I10 trong README; đối chiếu trước/sau, không chỉ response.","Độc lập: chạy với namespace sạch; biên/multiple variants trong steps phải có result con riêng, mọi variant pass mới PASS case.","functions/src/order-conversation.ts
packages/domain/order-conversation.ts
functions/src/workspace.ts
src/features/support/Support.tsx
src/features/support/OrderConversation.tsx","tests/browser/release-crm-keyboard-zoom031.spec.ts
tests/rules/conversation-role-array026.test.ts
tests/rules/order-conversation.test.ts
tests/unit/conversation-authority026.test.ts
tests/unit/order-conversation.test.ts",PROPOSED_TEST_ORACLE_SOURCE_REFERENCED_NOT_EXECUTED,NOT_RUN,,,,NONE,,,,
SG-SUP-004,independent,SUP,Assign conversation,P0,"customer, SUPPORT, assigned staff",EMULATOR,Ticket A/B; order A/B; private note and public message fixtures.,"Assign active staff phù hợp
thử revoked/missing target",Assignment hợp lệ và có version/audit; target sai bị deny.,"Dùng invariant của nhóm và I1–I10 trong README; đối chiếu trước/sau, không chỉ response.","Độc lập: chạy với namespace sạch; biên/multiple variants trong steps phải có result con riêng, mọi variant pass mới PASS case.","functions/src/order-conversation.ts
packages/domain/order-conversation.ts
functions/src/workspace.ts
src/features/support/Support.tsx
src/features/support/OrderConversation.tsx","tests/browser/release-crm-keyboard-zoom031.spec.ts
tests/rules/conversation-role-array026.test.ts
tests/rules/order-conversation.test.ts
tests/unit/conversation-authority026.test.ts
tests/unit/order-conversation.test.ts",PROPOSED_TEST_ORACLE_SOURCE_REFERENCED_NOT_EXECUTED,NOT_RUN,,,,NONE,,,,
SG-SUP-005,independent,SUP,Messages bounded window và older-history gap,P0,"customer, SUPPORT, assigned staff",EMULATOR,Ticket A/B; order A/B; private note and public message fixtures.,"Seed 60 order-conversation messages cùng timestamp; gọi readOrderConversation.
Đối chiếu newest bounded window/ordering; thử cursor field ngoài schema.
Nếu ticketMessages hỗ trợ paging, chạy pagination riêng theo source; ghi gap older order-conversation history.","Current readOrderConversation đọc limit51 và trả tối đa50 messages, không cursor paging. Window phải đúng ordering/owner; cursor ngoài schema bị từ chối. Không gọi window là toàn bộ lịch sử; older-history paging ghi NOT_IMPLEMENTED nếu acceptance cần, không giả đã có.","Dùng invariant của nhóm và I1–I10 trong README; đối chiếu trước/sau, không chỉ response.","Độc lập: chạy với namespace sạch; biên/multiple variants trong steps phải có result con riêng, mọi variant pass mới PASS case.","functions/src/order-conversation.ts
packages/domain/order-conversation.ts
functions/src/workspace.ts
src/features/support/Support.tsx
src/features/support/OrderConversation.tsx","tests/browser/release-crm-keyboard-zoom031.spec.ts
tests/rules/conversation-role-array026.test.ts
tests/rules/order-conversation.test.ts
tests/unit/conversation-authority026.test.ts
tests/unit/order-conversation.test.ts",PROPOSED_TEST_ORACLE_SOURCE_REFERENCED_NOT_EXECUTED,NOT_RUN,,,,NONE,,,,
SG-SUP-006,independent,SUP,Cross-owner thread,P0,"customer, SUPPORT, assigned staff",EMULATOR,Ticket A/B; order A/B; private note and public message fixtures.,"A mở/reply ticket B
sửa orderId/conversationId
try direct Rules",Deny toàn bộ; không leak existence hoặc nội dung.,"Dùng invariant của nhóm và I1–I10 trong README; đối chiếu trước/sau, không chỉ response.","Độc lập: chạy với namespace sạch; biên/multiple variants trong steps phải có result con riêng, mọi variant pass mới PASS case.","functions/src/order-conversation.ts
packages/domain/order-conversation.ts
functions/src/workspace.ts
src/features/support/Support.tsx
src/features/support/OrderConversation.tsx","tests/browser/release-crm-keyboard-zoom031.spec.ts
tests/rules/conversation-role-array026.test.ts
tests/rules/order-conversation.test.ts
tests/unit/conversation-authority026.test.ts
tests/unit/order-conversation.test.ts",PROPOSED_TEST_ORACLE_SOURCE_REFERENCED_NOT_EXECUTED,NOT_RUN,,,,NONE,,,,
SG-SUP-007,independent,SUP,Retry send,P0,"customer, SUPPORT, assigned staff",EMULATOR,Ticket A/B; order A/B; private note and public message fixtures.,"Gửi cùng operationId khi ack mất
gửi khác text với ID cũ",Một message; payload mismatch bị từ chối; draft có thể phục hồi.,"Dùng invariant của nhóm và I1–I10 trong README; đối chiếu trước/sau, không chỉ response.","Độc lập: chạy với namespace sạch; biên/multiple variants trong steps phải có result con riêng, mọi variant pass mới PASS case.","functions/src/order-conversation.ts
packages/domain/order-conversation.ts
functions/src/workspace.ts
src/features/support/Support.tsx
src/features/support/OrderConversation.tsx","tests/browser/release-crm-keyboard-zoom031.spec.ts
tests/rules/conversation-role-array026.test.ts
tests/rules/order-conversation.test.ts
tests/unit/conversation-authority026.test.ts
tests/unit/order-conversation.test.ts",PROPOSED_TEST_ORACLE_SOURCE_REFERENCED_NOT_EXECUTED,NOT_RUN,,,,NONE,,,,
SG-SUP-008,independent,SUP,Dependency fail,P0,"customer, SUPPORT, assigned staff",EMULATOR,Ticket A/B; order A/B; private note and public message fixtures.,"Fail load hoặc send
navigate order khác
retry",Không gửi nội dung sang thread mới; error/retry giữ context và không báo success giả.,"Dùng invariant của nhóm và I1–I10 trong README; đối chiếu trước/sau, không chỉ response.","Độc lập: chạy với namespace sạch; biên/multiple variants trong steps phải có result con riêng, mọi variant pass mới PASS case.","functions/src/order-conversation.ts
packages/domain/order-conversation.ts
functions/src/workspace.ts
src/features/support/Support.tsx
src/features/support/OrderConversation.tsx","tests/browser/release-crm-keyboard-zoom031.spec.ts
tests/rules/conversation-role-array026.test.ts
tests/rules/order-conversation.test.ts
tests/unit/conversation-authority026.test.ts
tests/unit/order-conversation.test.ts",PROPOSED_TEST_ORACLE_SOURCE_REFERENCED_NOT_EXECUTED,NOT_RUN,,,,NONE,,,,
SG-MEDIA-001,independent,MEDIA,Upload order image,P0,"customer, staff theo handler, CONTENT_EDITOR",EMULATOR,"Ảnh synthetic JPEG/PNG/WebP hợp lệ, oversized, polyglot, metadata EXIF; parent published/draft.","Upload synthetic image đúng owner/order
list/read server",Ảnh gắn đúng order và scope; không public hóa private object.,"Dùng invariant của nhóm và I1–I10 trong README; đối chiếu trước/sau, không chỉ response.","Độc lập: chạy với namespace sạch; biên/multiple variants trong steps phải có result con riêng, mọi variant pass mới PASS case.","functions/src/order-media.ts
functions/src/media.ts
packages/domain/media.ts
functions/src/ai/product-images.ts
src/features/orders/OrderImages.tsx","tests/browser/release-crm-keyboard-zoom031.spec.ts
tests/browser/release-hardening.spec.ts
tests/browser/release-image-disclosure-hardening.spec.ts
tests/browser/release-studio-complete027.spec.ts
tests/browser/release-studio-media027.spec.ts
tests/rules/order-media.test.ts
tests/rules/remaining-authority026.test.ts
tests/rules/staff-role-array026.test.ts
tests/unit/ask-content.test.ts
tests/unit/blog-studio-media027.test.ts
tests/unit/blog-studio-service027.test.ts
tests/unit/campaign-banners-service076.test.ts
tests/unit/campaign-banners076.test.ts
tests/unit/media.test.ts
tests/unit/product-images.test.ts",PROPOSED_TEST_ORACLE_SOURCE_REFERENCED_NOT_EXECUTED,NOT_RUN,,,,NONE,,,,
SG-MEDIA-002,independent,MEDIA,Cross-owner media,P0,"customer, staff theo handler, CONTENT_EDITOR",EMULATOR,"Ảnh synthetic JPEG/PNG/WebP hợp lệ, oversized, polyglot, metadata EXIF; parent published/draft.","A list/read/upload ảnh order B
guest đọc URL private",Deny không leak bytes/path; Storage direct luôn deny theo rules hiện hành.,"Dùng invariant của nhóm và I1–I10 trong README; đối chiếu trước/sau, không chỉ response.","Độc lập: chạy với namespace sạch; biên/multiple variants trong steps phải có result con riêng, mọi variant pass mới PASS case.","functions/src/order-media.ts
functions/src/media.ts
packages/domain/media.ts
functions/src/ai/product-images.ts
src/features/orders/OrderImages.tsx","tests/browser/release-crm-keyboard-zoom031.spec.ts
tests/browser/release-hardening.spec.ts
tests/browser/release-image-disclosure-hardening.spec.ts
tests/browser/release-studio-complete027.spec.ts
tests/browser/release-studio-media027.spec.ts
tests/rules/order-media.test.ts
tests/rules/remaining-authority026.test.ts
tests/rules/staff-role-array026.test.ts
tests/unit/ask-content.test.ts
tests/unit/blog-studio-media027.test.ts
tests/unit/blog-studio-service027.test.ts
tests/unit/campaign-banners-service076.test.ts
tests/unit/campaign-banners076.test.ts
tests/unit/media.test.ts
tests/unit/product-images.test.ts",PROPOSED_TEST_ORACLE_SOURCE_REFERENCED_NOT_EXECUTED,NOT_RUN,,,,NONE,,,,
SG-MEDIA-003,independent,MEDIA,MIME và magic mismatch,P0,"customer, staff theo handler, CONTENT_EDITOR",EMULATOR,"Ảnh synthetic JPEG/PNG/WebP hợp lệ, oversized, polyglot, metadata EXIF; parent published/draft.",Upload MIME JPEG nhưng bytes HTML/SVG/polyglot/truncated,Verifier/sanitizer reject hoặc normalize an toàn; không thực thi payload.,"Dùng invariant của nhóm và I1–I10 trong README; đối chiếu trước/sau, không chỉ response.","Độc lập: chạy với namespace sạch; biên/multiple variants trong steps phải có result con riêng, mọi variant pass mới PASS case.","functions/src/order-media.ts
functions/src/media.ts
packages/domain/media.ts
functions/src/ai/product-images.ts
src/features/orders/OrderImages.tsx","tests/browser/release-crm-keyboard-zoom031.spec.ts
tests/browser/release-hardening.spec.ts
tests/browser/release-image-disclosure-hardening.spec.ts
tests/browser/release-studio-complete027.spec.ts
tests/browser/release-studio-media027.spec.ts
tests/rules/order-media.test.ts
tests/rules/remaining-authority026.test.ts
tests/rules/staff-role-array026.test.ts
tests/unit/ask-content.test.ts
tests/unit/blog-studio-media027.test.ts
tests/unit/blog-studio-service027.test.ts
tests/unit/campaign-banners-service076.test.ts
tests/unit/campaign-banners076.test.ts
tests/unit/media.test.ts
tests/unit/product-images.test.ts",PROPOSED_TEST_ORACLE_SOURCE_REFERENCED_NOT_EXECUTED,NOT_RUN,,,,NONE,,,,
SG-MEDIA-004,independent,MEDIA,Size và dimension limit,P0,"customer, staff theo handler, CONTENT_EDITOR",EMULATOR,"Ảnh synthetic JPEG/PNG/WebP hợp lệ, oversized, polyglot, metadata EXIF; parent published/draft.","Ảnh tại/ngoài giới hạn byte và pixels của schema/decoder
decoded bomb fixture",Từ chối vượt giới hạn trước chi phí quá lớn; lỗi an toàn.,"Dùng invariant của nhóm và I1–I10 trong README; đối chiếu trước/sau, không chỉ response.","Độc lập: chạy với namespace sạch; biên/multiple variants trong steps phải có result con riêng, mọi variant pass mới PASS case.","functions/src/order-media.ts
functions/src/media.ts
packages/domain/media.ts
functions/src/ai/product-images.ts
src/features/orders/OrderImages.tsx","tests/browser/release-crm-keyboard-zoom031.spec.ts
tests/browser/release-hardening.spec.ts
tests/browser/release-image-disclosure-hardening.spec.ts
tests/browser/release-studio-complete027.spec.ts
tests/browser/release-studio-media027.spec.ts
tests/rules/order-media.test.ts
tests/rules/remaining-authority026.test.ts
tests/rules/staff-role-array026.test.ts
tests/unit/ask-content.test.ts
tests/unit/blog-studio-media027.test.ts
tests/unit/blog-studio-service027.test.ts
tests/unit/campaign-banners-service076.test.ts
tests/unit/campaign-banners076.test.ts
tests/unit/media.test.ts
tests/unit/product-images.test.ts",PROPOSED_TEST_ORACLE_SOURCE_REFERENCED_NOT_EXECUTED,NOT_RUN,,,,NONE,,,,
SG-MEDIA-005,independent,MEDIA,Metadata,P0,"customer, staff theo handler, CONTENT_EDITOR",EMULATOR,"Ảnh synthetic JPEG/PNG/WebP hợp lệ, oversized, polyglot, metadata EXIF; parent published/draft.","Upload image có EXIF GPS/comment fixture
read normalized output",Metadata không cần thiết được xử lý theo sanitizer; evidence không giữ PII.,"Dùng invariant của nhóm và I1–I10 trong README; đối chiếu trước/sau, không chỉ response.","Độc lập: chạy với namespace sạch; biên/multiple variants trong steps phải có result con riêng, mọi variant pass mới PASS case.","functions/src/order-media.ts
functions/src/media.ts
packages/domain/media.ts
functions/src/ai/product-images.ts
src/features/orders/OrderImages.tsx","tests/browser/release-crm-keyboard-zoom031.spec.ts
tests/browser/release-hardening.spec.ts
tests/browser/release-image-disclosure-hardening.spec.ts
tests/browser/release-studio-complete027.spec.ts
tests/browser/release-studio-media027.spec.ts
tests/rules/order-media.test.ts
tests/rules/remaining-authority026.test.ts
tests/rules/staff-role-array026.test.ts
tests/unit/ask-content.test.ts
tests/unit/blog-studio-media027.test.ts
tests/unit/blog-studio-service027.test.ts
tests/unit/campaign-banners-service076.test.ts
tests/unit/campaign-banners076.test.ts
tests/unit/media.test.ts
tests/unit/product-images.test.ts",PROPOSED_TEST_ORACLE_SOURCE_REFERENCED_NOT_EXECUTED,NOT_RUN,,,,NONE,,,,
SG-MEDIA-006,independent,MEDIA,Unpublish parent,P0,"customer, staff theo handler, CONTENT_EDITOR",EMULATOR,"Ảnh synthetic JPEG/PNG/WebP hợp lệ, oversized, polyglot, metadata EXIF; parent published/draft.","Upload content image
publish parent
unpublish
tải publicImage lại","Public media recheck parent, không phục vụ draft bằng URL cũ.","Dùng invariant của nhóm và I1–I10 trong README; đối chiếu trước/sau, không chỉ response.","Độc lập: chạy với namespace sạch; biên/multiple variants trong steps phải có result con riêng, mọi variant pass mới PASS case.","functions/src/order-media.ts
functions/src/media.ts
packages/domain/media.ts
functions/src/ai/product-images.ts
src/features/orders/OrderImages.tsx","tests/browser/release-crm-keyboard-zoom031.spec.ts
tests/browser/release-hardening.spec.ts
tests/browser/release-image-disclosure-hardening.spec.ts
tests/browser/release-studio-complete027.spec.ts
tests/browser/release-studio-media027.spec.ts
tests/rules/order-media.test.ts
tests/rules/remaining-authority026.test.ts
tests/rules/staff-role-array026.test.ts
tests/unit/ask-content.test.ts
tests/unit/blog-studio-media027.test.ts
tests/unit/blog-studio-service027.test.ts
tests/unit/campaign-banners-service076.test.ts
tests/unit/campaign-banners076.test.ts
tests/unit/media.test.ts
tests/unit/product-images.test.ts",PROPOSED_TEST_ORACLE_SOURCE_REFERENCED_NOT_EXECUTED,NOT_RUN,,,,NONE,,,,
SG-MEDIA-007,independent,MEDIA,Retry upload,P0,"customer, staff theo handler, CONTENT_EDITOR",EMULATOR,"Ảnh synthetic JPEG/PNG/WebP hợp lệ, oversized, polyglot, metadata EXIF; parent published/draft.","Làm mất response upload
retry theo operation contract
kiểm tra references",Không tạo liên kết ảnh sai hoặc orphan không có khả năng xử lý; không báo uploaded trước ack.,"Dùng invariant của nhóm và I1–I10 trong README; đối chiếu trước/sau, không chỉ response.","Độc lập: chạy với namespace sạch; biên/multiple variants trong steps phải có result con riêng, mọi variant pass mới PASS case.","functions/src/order-media.ts
functions/src/media.ts
packages/domain/media.ts
functions/src/ai/product-images.ts
src/features/orders/OrderImages.tsx","tests/browser/release-crm-keyboard-zoom031.spec.ts
tests/browser/release-hardening.spec.ts
tests/browser/release-image-disclosure-hardening.spec.ts
tests/browser/release-studio-complete027.spec.ts
tests/browser/release-studio-media027.spec.ts
tests/rules/order-media.test.ts
tests/rules/remaining-authority026.test.ts
tests/rules/staff-role-array026.test.ts
tests/unit/ask-content.test.ts
tests/unit/blog-studio-media027.test.ts
tests/unit/blog-studio-service027.test.ts
tests/unit/campaign-banners-service076.test.ts
tests/unit/campaign-banners076.test.ts
tests/unit/media.test.ts
tests/unit/product-images.test.ts",PROPOSED_TEST_ORACLE_SOURCE_REFERENCED_NOT_EXECUTED,NOT_RUN,,,,NONE,,,,
SG-MEDIA-008,independent,MEDIA,AI image intake fail,P0,"customer, staff theo handler, CONTENT_EDITOR",EMULATOR,"Ảnh synthetic JPEG/PNG/WebP hợp lệ, oversized, polyglot, metadata EXIF; parent published/draft.","ImageIntake nhận ảnh lỗi hoặc unsupported
thử lại với ảnh hợp lệ",Không hallucinate hàng đã xác minh; ảnh/reference không trở thành purchase consent.,"Dùng invariant của nhóm và I1–I10 trong README; đối chiếu trước/sau, không chỉ response.","Độc lập: chạy với namespace sạch; biên/multiple variants trong steps phải có result con riêng, mọi variant pass mới PASS case.","functions/src/order-media.ts
functions/src/media.ts
packages/domain/media.ts
functions/src/ai/product-images.ts
src/features/orders/OrderImages.tsx","tests/browser/release-crm-keyboard-zoom031.spec.ts
tests/browser/release-hardening.spec.ts
tests/browser/release-image-disclosure-hardening.spec.ts
tests/browser/release-studio-complete027.spec.ts
tests/browser/release-studio-media027.spec.ts
tests/rules/order-media.test.ts
tests/rules/remaining-authority026.test.ts
tests/rules/staff-role-array026.test.ts
tests/unit/ask-content.test.ts
tests/unit/blog-studio-media027.test.ts
tests/unit/blog-studio-service027.test.ts
tests/unit/campaign-banners-service076.test.ts
tests/unit/campaign-banners076.test.ts
tests/unit/media.test.ts
tests/unit/product-images.test.ts",PROPOSED_TEST_ORACLE_SOURCE_REFERENCED_NOT_EXECUTED,NOT_RUN,,,,NONE,,,,
SG-ASK-001,independent,ASK,Paid AI luôn đóng hiện tại,P0,"guest/customer theo từng read path, fake AI adapter",EMULATOR,Published/draft knowledge; vi/en prompts; fake generation; AI paid gate đóng.,"Gọi assertPaidAskReadiness với policy hợp lệ và 2 pilot UID
gọi ask paid path",Vẫn unavailable; không gọi paid provider hoặc coi server settings là approval.,"Dùng invariant của nhóm và I1–I10 trong README; đối chiếu trước/sau, không chỉ response.","Độc lập: chạy với namespace sạch; biên/multiple variants trong steps phải có result con riêng, mọi variant pass mới PASS case.","functions/src/ai/ask.ts
functions/src/ai/ask-paid-gate.ts
functions/src/ai/knowledge-retrieval.ts
packages/domain/ask-language-query.ts
packages/domain/ask-response-composer.ts
src/features/ask/Ask.tsx","tests/browser/ask-integration-owned049.ts
tests/browser/release-ask-cache027.spec.ts
tests/browser/release-ask-changes-states026.spec.ts
tests/browser/release-ask-changes026.spec.ts
tests/browser/release-ask-hydration026.spec.ts
tests/browser/release-ask-integration049.spec.ts
tests/browser/release-ask-product-content057.spec.ts
tests/browser/release-ask-quota-copy055.spec.ts
tests/browser/release-ask-source-labels062.spec.ts
tests/browser/release-ask-support-entry.spec.ts
tests/browser/release-ask-taskflow.spec.ts
tests/browser/release-ask-timeline063.spec.ts
tests/browser/release-ask-tracking-rates027.spec.ts
tests/browser/release-catalog-fallback027.spec.ts
tests/browser/release-commerce-context058.spec.ts
tests/browser/release-crm-taskflow.spec.ts
tests/browser/release-studio-reference-parity027.spec.ts
tests/rules/ask-hardening.test.ts
tests/rules/ask-payment.test.ts
tests/rules/ask-workflow.test.ts
tests/rules/server.test.ts
tests/unit/ask-business-contract026.test.ts
tests/unit/ask-commerce-context-fence046.test.ts
tests/unit/ask-content.test.ts
tests/unit/ask-english-tracking061.test.ts
tests/unit/ask-hybrid-policy038.test.ts
tests/unit/ask-knowledge.test.ts
tests/unit/ask-language-integration044.test.ts
tests/unit/ask-language-query040.test.ts
tests/unit/ask-links.test.ts
tests/unit/ask-read-task-plan038.test.ts
tests/unit/ask-response-composer038.test.ts
tests/unit/ask-task-frame.test.ts
tests/unit/ask-transport.test.ts
tests/unit/ask-workflow.test.ts",PROPOSED_TEST_ORACLE_SOURCE_REFERENCED_NOT_EXECUTED,NOT_RUN,,,,NONE,,,,
SG-ASK-002,independent,ASK,Retrieval published,P0,"guest/customer theo từng read path, fake AI adapter",EMULATOR,Published/draft knowledge; vi/en prompts; fake generation; AI paid gate đóng.,"Retrieve câu hỏi khớp products/posts/pages published
seed draft matching mạnh hơn","Chỉ kiến thức công bố; trả nguồn có thể kiểm chứng, không lấy private notes.","Dùng invariant của nhóm và I1–I10 trong README; đối chiếu trước/sau, không chỉ response.","Độc lập: chạy với namespace sạch; biên/multiple variants trong steps phải có result con riêng, mọi variant pass mới PASS case.","functions/src/ai/ask.ts
functions/src/ai/ask-paid-gate.ts
functions/src/ai/knowledge-retrieval.ts
packages/domain/ask-language-query.ts
packages/domain/ask-response-composer.ts
src/features/ask/Ask.tsx","tests/browser/ask-integration-owned049.ts
tests/browser/release-ask-cache027.spec.ts
tests/browser/release-ask-changes-states026.spec.ts
tests/browser/release-ask-changes026.spec.ts
tests/browser/release-ask-hydration026.spec.ts
tests/browser/release-ask-integration049.spec.ts
tests/browser/release-ask-product-content057.spec.ts
tests/browser/release-ask-quota-copy055.spec.ts
tests/browser/release-ask-source-labels062.spec.ts
tests/browser/release-ask-support-entry.spec.ts
tests/browser/release-ask-taskflow.spec.ts
tests/browser/release-ask-timeline063.spec.ts
tests/browser/release-ask-tracking-rates027.spec.ts
tests/browser/release-catalog-fallback027.spec.ts
tests/browser/release-commerce-context058.spec.ts
tests/browser/release-crm-taskflow.spec.ts
tests/browser/release-studio-reference-parity027.spec.ts
tests/rules/ask-hardening.test.ts
tests/rules/ask-payment.test.ts
tests/rules/ask-workflow.test.ts
tests/rules/server.test.ts
tests/unit/ask-business-contract026.test.ts
tests/unit/ask-commerce-context-fence046.test.ts
tests/unit/ask-content.test.ts
tests/unit/ask-english-tracking061.test.ts
tests/unit/ask-hybrid-policy038.test.ts
tests/unit/ask-knowledge.test.ts
tests/unit/ask-language-integration044.test.ts
tests/unit/ask-language-query040.test.ts
tests/unit/ask-links.test.ts
tests/unit/ask-read-task-plan038.test.ts
tests/unit/ask-response-composer038.test.ts
tests/unit/ask-task-frame.test.ts
tests/unit/ask-transport.test.ts
tests/unit/ask-workflow.test.ts",PROPOSED_TEST_ORACLE_SOURCE_REFERENCED_NOT_EXECUTED,NOT_RUN,,,,NONE,,,,
SG-ASK-003,independent,ASK,Không có nguồn,P0,"guest/customer theo từng read path, fake AI adapter",EMULATOR,Published/draft knowledge; vi/en prompts; fake generation; AI paid gate đóng.,Hỏi thông tin ngoài knowledge hoặc nguồn đã unpublish,Không tự bịa giá/cam kết; phân biệt thiếu nguồn với lỗi dịch vụ; dẫn đường phù hợp.,"Dùng invariant của nhóm và I1–I10 trong README; đối chiếu trước/sau, không chỉ response.","Độc lập: chạy với namespace sạch; biên/multiple variants trong steps phải có result con riêng, mọi variant pass mới PASS case.","functions/src/ai/ask.ts
functions/src/ai/ask-paid-gate.ts
functions/src/ai/knowledge-retrieval.ts
packages/domain/ask-language-query.ts
packages/domain/ask-response-composer.ts
src/features/ask/Ask.tsx","tests/browser/ask-integration-owned049.ts
tests/browser/release-ask-cache027.spec.ts
tests/browser/release-ask-changes-states026.spec.ts
tests/browser/release-ask-changes026.spec.ts
tests/browser/release-ask-hydration026.spec.ts
tests/browser/release-ask-integration049.spec.ts
tests/browser/release-ask-product-content057.spec.ts
tests/browser/release-ask-quota-copy055.spec.ts
tests/browser/release-ask-source-labels062.spec.ts
tests/browser/release-ask-support-entry.spec.ts
tests/browser/release-ask-taskflow.spec.ts
tests/browser/release-ask-timeline063.spec.ts
tests/browser/release-ask-tracking-rates027.spec.ts
tests/browser/release-catalog-fallback027.spec.ts
tests/browser/release-commerce-context058.spec.ts
tests/browser/release-crm-taskflow.spec.ts
tests/browser/release-studio-reference-parity027.spec.ts
tests/rules/ask-hardening.test.ts
tests/rules/ask-payment.test.ts
tests/rules/ask-workflow.test.ts
tests/rules/server.test.ts
tests/unit/ask-business-contract026.test.ts
tests/unit/ask-commerce-context-fence046.test.ts
tests/unit/ask-content.test.ts
tests/unit/ask-english-tracking061.test.ts
tests/unit/ask-hybrid-policy038.test.ts
tests/unit/ask-knowledge.test.ts
tests/unit/ask-language-integration044.test.ts
tests/unit/ask-language-query040.test.ts
tests/unit/ask-links.test.ts
tests/unit/ask-read-task-plan038.test.ts
tests/unit/ask-response-composer038.test.ts
tests/unit/ask-task-frame.test.ts
tests/unit/ask-transport.test.ts
tests/unit/ask-workflow.test.ts",PROPOSED_TEST_ORACLE_SOURCE_REFERENCED_NOT_EXECUTED,NOT_RUN,,,,NONE,,,,
SG-ASK-004,independent,ASK,VI/EN task meaning,P0,"guest/customer theo từng read path, fake AI adapter",EMULATOR,Published/draft knowledge; vi/en prompts; fake generation; AI paid gate đóng.,Hỏi cùng shipping/tracking/catalog task bằng Việt/Anh và accents,Intent/entity đúng; ngôn ngữ output nhất quán; money/unit không thay đổi.,"Dùng invariant của nhóm và I1–I10 trong README; đối chiếu trước/sau, không chỉ response.","Độc lập: chạy với namespace sạch; biên/multiple variants trong steps phải có result con riêng, mọi variant pass mới PASS case.","functions/src/ai/ask.ts
functions/src/ai/ask-paid-gate.ts
functions/src/ai/knowledge-retrieval.ts
packages/domain/ask-language-query.ts
packages/domain/ask-response-composer.ts
src/features/ask/Ask.tsx","tests/browser/ask-integration-owned049.ts
tests/browser/release-ask-cache027.spec.ts
tests/browser/release-ask-changes-states026.spec.ts
tests/browser/release-ask-changes026.spec.ts
tests/browser/release-ask-hydration026.spec.ts
tests/browser/release-ask-integration049.spec.ts
tests/browser/release-ask-product-content057.spec.ts
tests/browser/release-ask-quota-copy055.spec.ts
tests/browser/release-ask-source-labels062.spec.ts
tests/browser/release-ask-support-entry.spec.ts
tests/browser/release-ask-taskflow.spec.ts
tests/browser/release-ask-timeline063.spec.ts
tests/browser/release-ask-tracking-rates027.spec.ts
tests/browser/release-catalog-fallback027.spec.ts
tests/browser/release-commerce-context058.spec.ts
tests/browser/release-crm-taskflow.spec.ts
tests/browser/release-studio-reference-parity027.spec.ts
tests/rules/ask-hardening.test.ts
tests/rules/ask-payment.test.ts
tests/rules/ask-workflow.test.ts
tests/rules/server.test.ts
tests/unit/ask-business-contract026.test.ts
tests/unit/ask-commerce-context-fence046.test.ts
tests/unit/ask-content.test.ts
tests/unit/ask-english-tracking061.test.ts
tests/unit/ask-hybrid-policy038.test.ts
tests/unit/ask-knowledge.test.ts
tests/unit/ask-language-integration044.test.ts
tests/unit/ask-language-query040.test.ts
tests/unit/ask-links.test.ts
tests/unit/ask-read-task-plan038.test.ts
tests/unit/ask-response-composer038.test.ts
tests/unit/ask-task-frame.test.ts
tests/unit/ask-transport.test.ts
tests/unit/ask-workflow.test.ts",PROPOSED_TEST_ORACLE_SOURCE_REFERENCED_NOT_EXECUTED,NOT_RUN,,,,NONE,,,,
SG-ASK-005,independent,ASK,Prompt injection nguồn,P0,"guest/customer theo từng read path, fake AI adapter",EMULATOR,Published/draft knowledge; vi/en prompts; fake generation; AI paid gate đóng.,"Seed public content yêu cầu bỏ luật/lộ private data
query đọc nguồn đó","Nội dung được coi là dữ liệu; không tăng quyền, gọi tool nhạy cảm hoặc lộ prompt/PII.","Dùng invariant của nhóm và I1–I10 trong README; đối chiếu trước/sau, không chỉ response.","Độc lập: chạy với namespace sạch; biên/multiple variants trong steps phải có result con riêng, mọi variant pass mới PASS case.","functions/src/ai/ask.ts
functions/src/ai/ask-paid-gate.ts
functions/src/ai/knowledge-retrieval.ts
packages/domain/ask-language-query.ts
packages/domain/ask-response-composer.ts
src/features/ask/Ask.tsx","tests/browser/ask-integration-owned049.ts
tests/browser/release-ask-cache027.spec.ts
tests/browser/release-ask-changes-states026.spec.ts
tests/browser/release-ask-changes026.spec.ts
tests/browser/release-ask-hydration026.spec.ts
tests/browser/release-ask-integration049.spec.ts
tests/browser/release-ask-product-content057.spec.ts
tests/browser/release-ask-quota-copy055.spec.ts
tests/browser/release-ask-source-labels062.spec.ts
tests/browser/release-ask-support-entry.spec.ts
tests/browser/release-ask-taskflow.spec.ts
tests/browser/release-ask-timeline063.spec.ts
tests/browser/release-ask-tracking-rates027.spec.ts
tests/browser/release-catalog-fallback027.spec.ts
tests/browser/release-commerce-context058.spec.ts
tests/browser/release-crm-taskflow.spec.ts
tests/browser/release-studio-reference-parity027.spec.ts
tests/rules/ask-hardening.test.ts
tests/rules/ask-payment.test.ts
tests/rules/ask-workflow.test.ts
tests/rules/server.test.ts
tests/unit/ask-business-contract026.test.ts
tests/unit/ask-commerce-context-fence046.test.ts
tests/unit/ask-content.test.ts
tests/unit/ask-english-tracking061.test.ts
tests/unit/ask-hybrid-policy038.test.ts
tests/unit/ask-knowledge.test.ts
tests/unit/ask-language-integration044.test.ts
tests/unit/ask-language-query040.test.ts
tests/unit/ask-links.test.ts
tests/unit/ask-read-task-plan038.test.ts
tests/unit/ask-response-composer038.test.ts
tests/unit/ask-task-frame.test.ts
tests/unit/ask-transport.test.ts
tests/unit/ask-workflow.test.ts",PROPOSED_TEST_ORACLE_SOURCE_REFERENCED_NOT_EXECUTED,NOT_RUN,,,,NONE,,,,
SG-ASK-006,independent,ASK,Quota và unavailable,P0,"guest/customer theo từng read path, fake AI adapter",EMULATOR,Published/draft knowledge; vi/en prompts; fake generation; AI paid gate đóng.,"Fake adapter quota exceeded, timeout, malformed stream
retry",Giải thích đúng trạng thái; không nói đã trả phí/gửi mua hàng; retry có giới hạn.,"Dùng invariant của nhóm và I1–I10 trong README; đối chiếu trước/sau, không chỉ response.","Độc lập: chạy với namespace sạch; biên/multiple variants trong steps phải có result con riêng, mọi variant pass mới PASS case.","functions/src/ai/ask.ts
functions/src/ai/ask-paid-gate.ts
functions/src/ai/knowledge-retrieval.ts
packages/domain/ask-language-query.ts
packages/domain/ask-response-composer.ts
src/features/ask/Ask.tsx","tests/browser/ask-integration-owned049.ts
tests/browser/release-ask-cache027.spec.ts
tests/browser/release-ask-changes-states026.spec.ts
tests/browser/release-ask-changes026.spec.ts
tests/browser/release-ask-hydration026.spec.ts
tests/browser/release-ask-integration049.spec.ts
tests/browser/release-ask-product-content057.spec.ts
tests/browser/release-ask-quota-copy055.spec.ts
tests/browser/release-ask-source-labels062.spec.ts
tests/browser/release-ask-support-entry.spec.ts
tests/browser/release-ask-taskflow.spec.ts
tests/browser/release-ask-timeline063.spec.ts
tests/browser/release-ask-tracking-rates027.spec.ts
tests/browser/release-catalog-fallback027.spec.ts
tests/browser/release-commerce-context058.spec.ts
tests/browser/release-crm-taskflow.spec.ts
tests/browser/release-studio-reference-parity027.spec.ts
tests/rules/ask-hardening.test.ts
tests/rules/ask-payment.test.ts
tests/rules/ask-workflow.test.ts
tests/rules/server.test.ts
tests/unit/ask-business-contract026.test.ts
tests/unit/ask-commerce-context-fence046.test.ts
tests/unit/ask-content.test.ts
tests/unit/ask-english-tracking061.test.ts
tests/unit/ask-hybrid-policy038.test.ts
tests/unit/ask-knowledge.test.ts
tests/unit/ask-language-integration044.test.ts
tests/unit/ask-language-query040.test.ts
tests/unit/ask-links.test.ts
tests/unit/ask-read-task-plan038.test.ts
tests/unit/ask-response-composer038.test.ts
tests/unit/ask-task-frame.test.ts
tests/unit/ask-transport.test.ts
tests/unit/ask-workflow.test.ts",PROPOSED_TEST_ORACLE_SOURCE_REFERENCED_NOT_EXECUTED,NOT_RUN,,,,NONE,,,,
SG-ASK-007,independent,ASK,Stream cancel,P0,"guest/customer theo từng read path, fake AI adapter",EMULATOR,Published/draft knowledge; vi/en prompts; fake generation; AI paid gate đóng.,"Start fake stream
close Ask/unmount
đổi account
finish chunks cũ",Hủy/ignore đúng lifecycle; không nối message cũ sang session mới.,"Dùng invariant của nhóm và I1–I10 trong README; đối chiếu trước/sau, không chỉ response.","Độc lập: chạy với namespace sạch; biên/multiple variants trong steps phải có result con riêng, mọi variant pass mới PASS case.","functions/src/ai/ask.ts
functions/src/ai/ask-paid-gate.ts
functions/src/ai/knowledge-retrieval.ts
packages/domain/ask-language-query.ts
packages/domain/ask-response-composer.ts
src/features/ask/Ask.tsx","tests/browser/ask-integration-owned049.ts
tests/browser/release-ask-cache027.spec.ts
tests/browser/release-ask-changes-states026.spec.ts
tests/browser/release-ask-changes026.spec.ts
tests/browser/release-ask-hydration026.spec.ts
tests/browser/release-ask-integration049.spec.ts
tests/browser/release-ask-product-content057.spec.ts
tests/browser/release-ask-quota-copy055.spec.ts
tests/browser/release-ask-source-labels062.spec.ts
tests/browser/release-ask-support-entry.spec.ts
tests/browser/release-ask-taskflow.spec.ts
tests/browser/release-ask-timeline063.spec.ts
tests/browser/release-ask-tracking-rates027.spec.ts
tests/browser/release-catalog-fallback027.spec.ts
tests/browser/release-commerce-context058.spec.ts
tests/browser/release-crm-taskflow.spec.ts
tests/browser/release-studio-reference-parity027.spec.ts
tests/rules/ask-hardening.test.ts
tests/rules/ask-payment.test.ts
tests/rules/ask-workflow.test.ts
tests/rules/server.test.ts
tests/unit/ask-business-contract026.test.ts
tests/unit/ask-commerce-context-fence046.test.ts
tests/unit/ask-content.test.ts
tests/unit/ask-english-tracking061.test.ts
tests/unit/ask-hybrid-policy038.test.ts
tests/unit/ask-knowledge.test.ts
tests/unit/ask-language-integration044.test.ts
tests/unit/ask-language-query040.test.ts
tests/unit/ask-links.test.ts
tests/unit/ask-read-task-plan038.test.ts
tests/unit/ask-response-composer038.test.ts
tests/unit/ask-task-frame.test.ts
tests/unit/ask-transport.test.ts
tests/unit/ask-workflow.test.ts",PROPOSED_TEST_ORACLE_SOURCE_REFERENCED_NOT_EXECUTED,NOT_RUN,,,,NONE,,,,
SG-ASK-008,independent,ASK,Action do AI gợi ý,P0,"guest/customer theo từng read path, fake AI adapter",EMULATOR,Published/draft knowledge; vi/en prompts; fake generation; AI paid gate đóng.,Model fake đề xuất accept/pay/dispatch không có click người dùng,Không tự thay order hoặc tiền; human confirmation và server command authority bắt buộc.,"Dùng invariant của nhóm và I1–I10 trong README; đối chiếu trước/sau, không chỉ response.","Độc lập: chạy với namespace sạch; biên/multiple variants trong steps phải có result con riêng, mọi variant pass mới PASS case.","functions/src/ai/ask.ts
functions/src/ai/ask-paid-gate.ts
functions/src/ai/knowledge-retrieval.ts
packages/domain/ask-language-query.ts
packages/domain/ask-response-composer.ts
src/features/ask/Ask.tsx","tests/browser/ask-integration-owned049.ts
tests/browser/release-ask-cache027.spec.ts
tests/browser/release-ask-changes-states026.spec.ts
tests/browser/release-ask-changes026.spec.ts
tests/browser/release-ask-hydration026.spec.ts
tests/browser/release-ask-integration049.spec.ts
tests/browser/release-ask-product-content057.spec.ts
tests/browser/release-ask-quota-copy055.spec.ts
tests/browser/release-ask-source-labels062.spec.ts
tests/browser/release-ask-support-entry.spec.ts
tests/browser/release-ask-taskflow.spec.ts
tests/browser/release-ask-timeline063.spec.ts
tests/browser/release-ask-tracking-rates027.spec.ts
tests/browser/release-catalog-fallback027.spec.ts
tests/browser/release-commerce-context058.spec.ts
tests/browser/release-crm-taskflow.spec.ts
tests/browser/release-studio-reference-parity027.spec.ts
tests/rules/ask-hardening.test.ts
tests/rules/ask-payment.test.ts
tests/rules/ask-workflow.test.ts
tests/rules/server.test.ts
tests/unit/ask-business-contract026.test.ts
tests/unit/ask-commerce-context-fence046.test.ts
tests/unit/ask-content.test.ts
tests/unit/ask-english-tracking061.test.ts
tests/unit/ask-hybrid-policy038.test.ts
tests/unit/ask-knowledge.test.ts
tests/unit/ask-language-integration044.test.ts
tests/unit/ask-language-query040.test.ts
tests/unit/ask-links.test.ts
tests/unit/ask-read-task-plan038.test.ts
tests/unit/ask-response-composer038.test.ts
tests/unit/ask-task-frame.test.ts
tests/unit/ask-transport.test.ts
tests/unit/ask-workflow.test.ts",PROPOSED_TEST_ORACLE_SOURCE_REFERENCED_NOT_EXECUTED,NOT_RUN,,,,NONE,,,,
SG-ASK-009,independent,ASK,Citations links,P0,"guest/customer theo từng read path, fake AI adapter",EMULATOR,Published/draft knowledge; vi/en prompts; fake generation; AI paid gate đóng.,"Fake result URL javascript hoặc slug unpublished
kiểm tra composer và click",Link an toàn/đúng nguồn; không nâng unsupported source thành verified.,"Dùng invariant của nhóm và I1–I10 trong README; đối chiếu trước/sau, không chỉ response.","Độc lập: chạy với namespace sạch; biên/multiple variants trong steps phải có result con riêng, mọi variant pass mới PASS case.","functions/src/ai/ask.ts
functions/src/ai/ask-paid-gate.ts
functions/src/ai/knowledge-retrieval.ts
packages/domain/ask-language-query.ts
packages/domain/ask-response-composer.ts
src/features/ask/Ask.tsx","tests/browser/ask-integration-owned049.ts
tests/browser/release-ask-cache027.spec.ts
tests/browser/release-ask-changes-states026.spec.ts
tests/browser/release-ask-changes026.spec.ts
tests/browser/release-ask-hydration026.spec.ts
tests/browser/release-ask-integration049.spec.ts
tests/browser/release-ask-product-content057.spec.ts
tests/browser/release-ask-quota-copy055.spec.ts
tests/browser/release-ask-source-labels062.spec.ts
tests/browser/release-ask-support-entry.spec.ts
tests/browser/release-ask-taskflow.spec.ts
tests/browser/release-ask-timeline063.spec.ts
tests/browser/release-ask-tracking-rates027.spec.ts
tests/browser/release-catalog-fallback027.spec.ts
tests/browser/release-commerce-context058.spec.ts
tests/browser/release-crm-taskflow.spec.ts
tests/browser/release-studio-reference-parity027.spec.ts
tests/rules/ask-hardening.test.ts
tests/rules/ask-payment.test.ts
tests/rules/ask-workflow.test.ts
tests/rules/server.test.ts
tests/unit/ask-business-contract026.test.ts
tests/unit/ask-commerce-context-fence046.test.ts
tests/unit/ask-content.test.ts
tests/unit/ask-english-tracking061.test.ts
tests/unit/ask-hybrid-policy038.test.ts
tests/unit/ask-knowledge.test.ts
tests/unit/ask-language-integration044.test.ts
tests/unit/ask-language-query040.test.ts
tests/unit/ask-links.test.ts
tests/unit/ask-read-task-plan038.test.ts
tests/unit/ask-response-composer038.test.ts
tests/unit/ask-task-frame.test.ts
tests/unit/ask-transport.test.ts
tests/unit/ask-workflow.test.ts",PROPOSED_TEST_ORACLE_SOURCE_REFERENCED_NOT_EXECUTED,NOT_RUN,,,,NONE,,,,
SG-ASK-010,independent,ASK,Context order bị stale,P0,"guest/customer theo từng read path, fake AI adapter",EMULATOR,Published/draft knowledge; vi/en prompts; fake generation; AI paid gate đóng.,"A hỏi order O1
chuyển O2
delay O1 response
đổi sang B",Không trả context O1/B sai; private context chỉ từ authorized read.,"Dùng invariant của nhóm và I1–I10 trong README; đối chiếu trước/sau, không chỉ response.","Độc lập: chạy với namespace sạch; biên/multiple variants trong steps phải có result con riêng, mọi variant pass mới PASS case.","functions/src/ai/ask.ts
functions/src/ai/ask-paid-gate.ts
functions/src/ai/knowledge-retrieval.ts
packages/domain/ask-language-query.ts
packages/domain/ask-response-composer.ts
src/features/ask/Ask.tsx","tests/browser/ask-integration-owned049.ts
tests/browser/release-ask-cache027.spec.ts
tests/browser/release-ask-changes-states026.spec.ts
tests/browser/release-ask-changes026.spec.ts
tests/browser/release-ask-hydration026.spec.ts
tests/browser/release-ask-integration049.spec.ts
tests/browser/release-ask-product-content057.spec.ts
tests/browser/release-ask-quota-copy055.spec.ts
tests/browser/release-ask-source-labels062.spec.ts
tests/browser/release-ask-support-entry.spec.ts
tests/browser/release-ask-taskflow.spec.ts
tests/browser/release-ask-timeline063.spec.ts
tests/browser/release-ask-tracking-rates027.spec.ts
tests/browser/release-catalog-fallback027.spec.ts
tests/browser/release-commerce-context058.spec.ts
tests/browser/release-crm-taskflow.spec.ts
tests/browser/release-studio-reference-parity027.spec.ts
tests/rules/ask-hardening.test.ts
tests/rules/ask-payment.test.ts
tests/rules/ask-workflow.test.ts
tests/rules/server.test.ts
tests/unit/ask-business-contract026.test.ts
tests/unit/ask-commerce-context-fence046.test.ts
tests/unit/ask-content.test.ts
tests/unit/ask-english-tracking061.test.ts
tests/unit/ask-hybrid-policy038.test.ts
tests/unit/ask-knowledge.test.ts
tests/unit/ask-language-integration044.test.ts
tests/unit/ask-language-query040.test.ts
tests/unit/ask-links.test.ts
tests/unit/ask-read-task-plan038.test.ts
tests/unit/ask-response-composer038.test.ts
tests/unit/ask-task-frame.test.ts
tests/unit/ask-transport.test.ts
tests/unit/ask-workflow.test.ts",PROPOSED_TEST_ORACLE_SOURCE_REFERENCED_NOT_EXECUTED,NOT_RUN,,,,NONE,,,,
SG-ASKFLOW-001,independent,ASKFLOW,Draft đến order,P0,customer A/B,EMULATOR,Ask conversation versioned; custom/catalog draft; recipient; accepted quote.,"saveDraft
saveRecipient
submit request bằng action workflow
resume",Một conversation liên kết đúng một authoritative order; không tạo order khi chỉ saveDraft.,"Dùng invariant của nhóm và I1–I10 trong README; đối chiếu trước/sau, không chỉ response.","Độc lập: chạy với namespace sạch; biên/multiple variants trong steps phải có result con riêng, mọi variant pass mới PASS case.","functions/src/ai/ask-workflow.ts
packages/domain/ask-workflow.ts
packages/domain/ask-task-frame.ts
src/features/ask/Commerce.tsx","tests/browser/release-catalog-fallback027.spec.ts
tests/rules/ask-hardening.test.ts
tests/rules/ask-workflow.test.ts
tests/unit/ask-business-contract026.test.ts
tests/unit/ask-commerce-context-fence046.test.ts
tests/unit/ask-english-tracking061.test.ts
tests/unit/ask-task-frame.test.ts
tests/unit/ask-workflow.test.ts",PROPOSED_TEST_ORACLE_SOURCE_REFERENCED_NOT_EXECUTED,NOT_RUN,,,,NONE,,,,
SG-ASKFLOW-002,independent,ASKFLOW,Catalog chat checkout,P0,customer A/B,EMULATOR,Ask conversation versioned; custom/catalog draft; recipient; accepted quote.,"Chọn product/variant/qty
catalogCheckout workflow
mở account và CRM",Cùng order ID/snapshot; không biến catalog thành custom hoặc bắt acceptQuote lại.,"Dùng invariant của nhóm và I1–I10 trong README; đối chiếu trước/sau, không chỉ response.","Độc lập: chạy với namespace sạch; biên/multiple variants trong steps phải có result con riêng, mọi variant pass mới PASS case.","functions/src/ai/ask-workflow.ts
packages/domain/ask-workflow.ts
packages/domain/ask-task-frame.ts
src/features/ask/Commerce.tsx","tests/browser/release-catalog-fallback027.spec.ts
tests/rules/ask-hardening.test.ts
tests/rules/ask-workflow.test.ts
tests/unit/ask-business-contract026.test.ts
tests/unit/ask-commerce-context-fence046.test.ts
tests/unit/ask-english-tracking061.test.ts
tests/unit/ask-task-frame.test.ts
tests/unit/ask-workflow.test.ts",PROPOSED_TEST_ORACLE_SOURCE_REFERENCED_NOT_EXECUTED,NOT_RUN,,,,NONE,,,,
SG-ASKFLOW-003,independent,ASKFLOW,Recipient bắt buộc,P0,customer A/B,EMULATOR,Ask conversation versioned; custom/catalog draft; recipient; accepted quote.,"acceptQuote khi chưa recipientSaved
lưu recipient rồi thử lại",Không chấp thuận thiếu delivery context; address snapshot owner đúng.,"Dùng invariant của nhóm và I1–I10 trong README; đối chiếu trước/sau, không chỉ response.","Độc lập: chạy với namespace sạch; biên/multiple variants trong steps phải có result con riêng, mọi variant pass mới PASS case.","functions/src/ai/ask-workflow.ts
packages/domain/ask-workflow.ts
packages/domain/ask-task-frame.ts
src/features/ask/Commerce.tsx","tests/browser/release-catalog-fallback027.spec.ts
tests/rules/ask-hardening.test.ts
tests/rules/ask-workflow.test.ts
tests/unit/ask-business-contract026.test.ts
tests/unit/ask-commerce-context-fence046.test.ts
tests/unit/ask-english-tracking061.test.ts
tests/unit/ask-task-frame.test.ts
tests/unit/ask-workflow.test.ts",PROPOSED_TEST_ORACLE_SOURCE_REFERENCED_NOT_EXECUTED,NOT_RUN,,,,NONE,,,,
SG-ASKFLOW-004,independent,ASKFLOW,Resume và hydrate,P0,customer A/B,EMULATOR,Ask conversation versioned; custom/catalog draft; recipient; accepted quote.,"Reload browser
currentAskConversation/resume current conversation
đổi account",Khôi phục đúng version/context cho current owner; không lấy cache UID cũ.,"Dùng invariant của nhóm và I1–I10 trong README; đối chiếu trước/sau, không chỉ response.","Độc lập: chạy với namespace sạch; biên/multiple variants trong steps phải có result con riêng, mọi variant pass mới PASS case.","functions/src/ai/ask-workflow.ts
packages/domain/ask-workflow.ts
packages/domain/ask-task-frame.ts
src/features/ask/Commerce.tsx","tests/browser/release-catalog-fallback027.spec.ts
tests/rules/ask-hardening.test.ts
tests/rules/ask-workflow.test.ts
tests/unit/ask-business-contract026.test.ts
tests/unit/ask-commerce-context-fence046.test.ts
tests/unit/ask-english-tracking061.test.ts
tests/unit/ask-task-frame.test.ts
tests/unit/ask-workflow.test.ts",PROPOSED_TEST_ORACLE_SOURCE_REFERENCED_NOT_EXECUTED,NOT_RUN,,,,NONE,,,,
SG-ASKFLOW-005,independent,ASKFLOW,Workflow version race,P0,customer A/B,EMULATOR,Ask conversation versioned; custom/catalog draft; recipient; accepted quote.,"Hai tab saveDraft/action với conversation version cũ
payload khác",Conflict không merge sai hoặc bỏ consent; reload giữ draft để người dùng quyết định.,"Dùng invariant của nhóm và I1–I10 trong README; đối chiếu trước/sau, không chỉ response.","Độc lập: chạy với namespace sạch; biên/multiple variants trong steps phải có result con riêng, mọi variant pass mới PASS case.","functions/src/ai/ask-workflow.ts
packages/domain/ask-workflow.ts
packages/domain/ask-task-frame.ts
src/features/ask/Commerce.tsx","tests/browser/release-catalog-fallback027.spec.ts
tests/rules/ask-hardening.test.ts
tests/rules/ask-workflow.test.ts
tests/unit/ask-business-contract026.test.ts
tests/unit/ask-commerce-context-fence046.test.ts
tests/unit/ask-english-tracking061.test.ts
tests/unit/ask-task-frame.test.ts
tests/unit/ask-workflow.test.ts",PROPOSED_TEST_ORACLE_SOURCE_REFERENCED_NOT_EXECUTED,NOT_RUN,,,,NONE,,,,
SG-ASKFLOW-006,independent,ASKFLOW,Handoff to support,P0,customer A/B,EMULATOR,Ask conversation versioned; custom/catalog draft; recipient; accepted quote.,"Ask chuyển sang support của order
gửi message
xem staff thread",Đúng order/conversation; không tạo ticket trùng chỉ do open/close.,"Dùng invariant của nhóm và I1–I10 trong README; đối chiếu trước/sau, không chỉ response.","Độc lập: chạy với namespace sạch; biên/multiple variants trong steps phải có result con riêng, mọi variant pass mới PASS case.","functions/src/ai/ask-workflow.ts
packages/domain/ask-workflow.ts
packages/domain/ask-task-frame.ts
src/features/ask/Commerce.tsx","tests/browser/release-catalog-fallback027.spec.ts
tests/rules/ask-hardening.test.ts
tests/rules/ask-workflow.test.ts
tests/unit/ask-business-contract026.test.ts
tests/unit/ask-commerce-context-fence046.test.ts
tests/unit/ask-english-tracking061.test.ts
tests/unit/ask-task-frame.test.ts
tests/unit/ask-workflow.test.ts",PROPOSED_TEST_ORACLE_SOURCE_REFERENCED_NOT_EXECUTED,NOT_RUN,,,,NONE,,,,
SG-ASKFLOW-007,independent,ASKFLOW,Read task và write task,P0,customer A/B,EMULATOR,Ask conversation versioned; custom/catalog draft; recipient; accepted quote.,"Hỏi invoice/tracking/rates
kiểm tra reads
thử text mô tả như đã thanh toán",Read không mutate; lời chat không verify funds/consent.,"Dùng invariant của nhóm và I1–I10 trong README; đối chiếu trước/sau, không chỉ response.","Độc lập: chạy với namespace sạch; biên/multiple variants trong steps phải có result con riêng, mọi variant pass mới PASS case.","functions/src/ai/ask-workflow.ts
packages/domain/ask-workflow.ts
packages/domain/ask-task-frame.ts
src/features/ask/Commerce.tsx","tests/browser/release-catalog-fallback027.spec.ts
tests/rules/ask-hardening.test.ts
tests/rules/ask-workflow.test.ts
tests/unit/ask-business-contract026.test.ts
tests/unit/ask-commerce-context-fence046.test.ts
tests/unit/ask-english-tracking061.test.ts
tests/unit/ask-task-frame.test.ts
tests/unit/ask-workflow.test.ts",PROPOSED_TEST_ORACLE_SOURCE_REFERENCED_NOT_EXECUTED,NOT_RUN,,,,NONE,,,,
SG-ASKFLOW-008,independent,ASKFLOW,Bound order draft,P0,customer A/B,EMULATOR,Ask conversation versioned; custom/catalog draft; recipient; accepted quote.,"Conversation đã có orderId
cố saveDraft thay hàng mới",Không rewrite order đã bound; dùng workflow mới/đúng change contract.,"Dùng invariant của nhóm và I1–I10 trong README; đối chiếu trước/sau, không chỉ response.","Độc lập: chạy với namespace sạch; biên/multiple variants trong steps phải có result con riêng, mọi variant pass mới PASS case.","functions/src/ai/ask-workflow.ts
packages/domain/ask-workflow.ts
packages/domain/ask-task-frame.ts
src/features/ask/Commerce.tsx","tests/browser/release-catalog-fallback027.spec.ts
tests/rules/ask-hardening.test.ts
tests/rules/ask-workflow.test.ts
tests/unit/ask-business-contract026.test.ts
tests/unit/ask-commerce-context-fence046.test.ts
tests/unit/ask-english-tracking061.test.ts
tests/unit/ask-task-frame.test.ts
tests/unit/ask-workflow.test.ts",PROPOSED_TEST_ORACLE_SOURCE_REFERENCED_NOT_EXECUTED,NOT_RUN,,,,NONE,,,,
SG-ASKFLOW-009,independent,ASKFLOW,Operation replay context,P0,customer A/B,EMULATOR,Ask conversation versioned; custom/catalog draft; recipient; accepted quote.,Replay action sau revoke/lock hoặc đổi owner fixture,Recheck current authority trước trả prior result; không lộ result cũ.,"Dùng invariant của nhóm và I1–I10 trong README; đối chiếu trước/sau, không chỉ response.","Độc lập: chạy với namespace sạch; biên/multiple variants trong steps phải có result con riêng, mọi variant pass mới PASS case.","functions/src/ai/ask-workflow.ts
packages/domain/ask-workflow.ts
packages/domain/ask-task-frame.ts
src/features/ask/Commerce.tsx","tests/browser/release-catalog-fallback027.spec.ts
tests/rules/ask-hardening.test.ts
tests/rules/ask-workflow.test.ts
tests/unit/ask-business-contract026.test.ts
tests/unit/ask-commerce-context-fence046.test.ts
tests/unit/ask-english-tracking061.test.ts
tests/unit/ask-task-frame.test.ts
tests/unit/ask-workflow.test.ts",PROPOSED_TEST_ORACLE_SOURCE_REFERENCED_NOT_EXECUTED,NOT_RUN,,,,NONE,,,,
SG-RATES-001,independent,RATES,Publish versioned rates,P0,"guest/customer reads, OWNER admin",EMULATOR,"Reference/published/unavailable rate snapshots; VN_US, US_VN; vietnam,texas_cali,oregon.","Owner save valid config rồi publish
public đọc snapshot",Version/source/conditions đúng; draft không xuất hiện như published.,"Dùng invariant của nhóm và I1–I10 trong README; đối chiếu trước/sau, không chỉ response.","Độc lập: chạy với namespace sạch; biên/multiple variants trong steps phải có result con riêng, mọi variant pass mới PASS case.","functions/src/shipping-rates.ts
packages/domain/shipping-rates.ts
src/features/shipping/ShippingRates.tsx
src/features/ask/ShippingQuote.tsx","tests/browser/ask-integration-owned049.ts
tests/browser/owned-commerce058.ts
tests/browser/release-ask-tracking-rates027.spec.ts
tests/browser/release-crm-keyboard-zoom031.spec.ts
tests/browser/release-fees-editor027.spec.ts
tests/rules/shipping-rates027.test.ts
tests/unit/ask-english-tracking061.test.ts
tests/unit/ask-task-frame.test.ts
tests/unit/shipping-question027.test.ts
tests/unit/shipping-rates027.test.ts",PROPOSED_TEST_ORACLE_SOURCE_REFERENCED_NOT_EXECUTED,NOT_RUN,,,,NONE,,,,
SG-RATES-002,independent,RATES,Không có giá công bố,P0,"guest/customer reads, OWNER admin",EMULATOR,"Reference/published/unavailable rate snapshots; VN_US, US_VN; vietnam,texas_cali,oregon.","Public đọc khi config null/unavailable
Ask shipping quote",Nêu không đủ dữ liệu; không thay bằng zero hoặc cam kết cước.,"Dùng invariant của nhóm và I1–I10 trong README; đối chiếu trước/sau, không chỉ response.","Độc lập: chạy với namespace sạch; biên/multiple variants trong steps phải có result con riêng, mọi variant pass mới PASS case.","functions/src/shipping-rates.ts
packages/domain/shipping-rates.ts
src/features/shipping/ShippingRates.tsx
src/features/ask/ShippingQuote.tsx","tests/browser/ask-integration-owned049.ts
tests/browser/owned-commerce058.ts
tests/browser/release-ask-tracking-rates027.spec.ts
tests/browser/release-crm-keyboard-zoom031.spec.ts
tests/browser/release-fees-editor027.spec.ts
tests/rules/shipping-rates027.test.ts
tests/unit/ask-english-tracking061.test.ts
tests/unit/ask-task-frame.test.ts
tests/unit/shipping-question027.test.ts
tests/unit/shipping-rates027.test.ts",PROPOSED_TEST_ORACLE_SOURCE_REFERENCED_NOT_EXECUTED,NOT_RUN,,,,NONE,,,,
SG-RATES-003,independent,RATES,VN exact bracket,P0,"guest/customer reads, OWNER admin",EMULATOR,"Reference/published/unavailable rate snapshots; VN_US, US_VN; vietnam,texas_cali,oregon.","VN_US total row 1000g
thử 999g,1000g,1001g",Chỉ exact published bracket cho estimate; không tự nội suy/làm tròn bậc.,"Dùng invariant của nhóm và I1–I10 trong README; đối chiếu trước/sau, không chỉ response.","Độc lập: chạy với namespace sạch; biên/multiple variants trong steps phải có result con riêng, mọi variant pass mới PASS case.","functions/src/shipping-rates.ts
packages/domain/shipping-rates.ts
src/features/shipping/ShippingRates.tsx
src/features/ask/ShippingQuote.tsx","tests/browser/ask-integration-owned049.ts
tests/browser/owned-commerce058.ts
tests/browser/release-ask-tracking-rates027.spec.ts
tests/browser/release-crm-keyboard-zoom031.spec.ts
tests/browser/release-fees-editor027.spec.ts
tests/rules/shipping-rates027.test.ts
tests/unit/ask-english-tracking061.test.ts
tests/unit/ask-task-frame.test.ts
tests/unit/shipping-question027.test.ts
tests/unit/shipping-rates027.test.ts",PROPOSED_TEST_ORACLE_SOURCE_REFERENCED_NOT_EXECUTED,NOT_RUN,,,,NONE,,,,
SG-RATES-004,independent,RATES,US minimum 1kg,P0,"guest/customer reads, OWNER admin",EMULATOR,"Reference/published/unavailable rate snapshots; VN_US, US_VN; vietnam,texas_cali,oregon.","US_VN chọn rowId texas_cali per_kg
thử weight=1,999,1000,1001g",Chargeable tối thiểu 1000g; freight integer hoặc quote_required; currency USD không tự FX.,"Dùng invariant của nhóm và I1–I10 trong README; đối chiếu trước/sau, không chỉ response.","Độc lập: chạy với namespace sạch; biên/multiple variants trong steps phải có result con riêng, mọi variant pass mới PASS case.","functions/src/shipping-rates.ts
packages/domain/shipping-rates.ts
src/features/shipping/ShippingRates.tsx
src/features/ask/ShippingQuote.tsx","tests/browser/ask-integration-owned049.ts
tests/browser/owned-commerce058.ts
tests/browser/release-ask-tracking-rates027.spec.ts
tests/browser/release-crm-keyboard-zoom031.spec.ts
tests/browser/release-fees-editor027.spec.ts
tests/rules/shipping-rates027.test.ts
tests/unit/ask-english-tracking061.test.ts
tests/unit/ask-task-frame.test.ts
tests/unit/shipping-question027.test.ts
tests/unit/shipping-rates027.test.ts",PROPOSED_TEST_ORACLE_SOURCE_REFERENCED_NOT_EXECUTED,NOT_RUN,,,,NONE,,,,
SG-RATES-005,independent,RATES,Oregon ambiguity,P0,"guest/customer reads, OWNER admin",EMULATOR,"Reference/published/unavailable rate snapshots; VN_US, US_VN; vietnam,texas_cali,oregon.",Quote warehouse oregon với row giá hợp lệ,Luôn quote_required theo current domain; không tự cộng ghi chú $2/kg.,"Dùng invariant của nhóm và I1–I10 trong README; đối chiếu trước/sau, không chỉ response.","Độc lập: chạy với namespace sạch; biên/multiple variants trong steps phải có result con riêng, mọi variant pass mới PASS case.","functions/src/shipping-rates.ts
packages/domain/shipping-rates.ts
src/features/shipping/ShippingRates.tsx
src/features/ask/ShippingQuote.tsx","tests/browser/ask-integration-owned049.ts
tests/browser/owned-commerce058.ts
tests/browser/release-ask-tracking-rates027.spec.ts
tests/browser/release-crm-keyboard-zoom031.spec.ts
tests/browser/release-fees-editor027.spec.ts
tests/rules/shipping-rates027.test.ts
tests/unit/ask-english-tracking061.test.ts
tests/unit/ask-task-frame.test.ts
tests/unit/shipping-question027.test.ts
tests/unit/shipping-rates027.test.ts",PROPOSED_TEST_ORACLE_SOURCE_REFERENCED_NOT_EXECUTED,NOT_RUN,,,,NONE,,,,
SG-RATES-006,independent,RATES,Schema rate config,P0,"guest/customer reads, OWNER admin",EMULATOR,"Reference/published/unavailable rate snapshots; VN_US, US_VN; vietnam,texas_cali,oregon.","Duplicate row IDs, max<min, direction/warehouse/currency mismatch, quote có amount",Reject từng biến thể; không publish bảng sai hoặc mập mờ.,"Dùng invariant của nhóm và I1–I10 trong README; đối chiếu trước/sau, không chỉ response.","Độc lập: chạy với namespace sạch; biên/multiple variants trong steps phải có result con riêng, mọi variant pass mới PASS case.","functions/src/shipping-rates.ts
packages/domain/shipping-rates.ts
src/features/shipping/ShippingRates.tsx
src/features/ask/ShippingQuote.tsx","tests/browser/ask-integration-owned049.ts
tests/browser/owned-commerce058.ts
tests/browser/release-ask-tracking-rates027.spec.ts
tests/browser/release-crm-keyboard-zoom031.spec.ts
tests/browser/release-fees-editor027.spec.ts
tests/rules/shipping-rates027.test.ts
tests/unit/ask-english-tracking061.test.ts
tests/unit/ask-task-frame.test.ts
tests/unit/shipping-question027.test.ts
tests/unit/shipping-rates027.test.ts",PROPOSED_TEST_ORACLE_SOURCE_REFERENCED_NOT_EXECUTED,NOT_RUN,,,,NONE,,,,
SG-RATES-007,independent,RATES,Nguồn rate URL,P0,"guest/customer reads, OWNER admin",EMULATOR,"Reference/published/unavailable rate snapshots; VN_US, US_VN; vietnam,texas_cali,oregon.","Save URL HTTP, hostname khác, userinfo và www.vietcargo.vn HTTPS",Chỉ nguồn HTTPS hostname đúng không credential; không có SSRF từ URL tùy ý.,"Dùng invariant của nhóm và I1–I10 trong README; đối chiếu trước/sau, không chỉ response.","Độc lập: chạy với namespace sạch; biên/multiple variants trong steps phải có result con riêng, mọi variant pass mới PASS case.","functions/src/shipping-rates.ts
packages/domain/shipping-rates.ts
src/features/shipping/ShippingRates.tsx
src/features/ask/ShippingQuote.tsx","tests/browser/ask-integration-owned049.ts
tests/browser/owned-commerce058.ts
tests/browser/release-ask-tracking-rates027.spec.ts
tests/browser/release-crm-keyboard-zoom031.spec.ts
tests/browser/release-fees-editor027.spec.ts
tests/rules/shipping-rates027.test.ts
tests/unit/ask-english-tracking061.test.ts
tests/unit/ask-task-frame.test.ts
tests/unit/shipping-question027.test.ts
tests/unit/shipping-rates027.test.ts",PROPOSED_TEST_ORACLE_SOURCE_REFERENCED_NOT_EXECUTED,NOT_RUN,,,,NONE,,,,
SG-RATES-008,independent,RATES,Concurrent publish,P0,"guest/customer reads, OWNER admin",EMULATOR,"Reference/published/unavailable rate snapshots; VN_US, US_VN; vietnam,texas_cali,oregon.","Hai owner save/publish expectedVersion cũ
reload customer quote",Một config/version; quote ghi scope/source hiện hành; không update draft vào public.,"Dùng invariant của nhóm và I1–I10 trong README; đối chiếu trước/sau, không chỉ response.","Độc lập: chạy với namespace sạch; biên/multiple variants trong steps phải có result con riêng, mọi variant pass mới PASS case.","functions/src/shipping-rates.ts
packages/domain/shipping-rates.ts
src/features/shipping/ShippingRates.tsx
src/features/ask/ShippingQuote.tsx","tests/browser/ask-integration-owned049.ts
tests/browser/owned-commerce058.ts
tests/browser/release-ask-tracking-rates027.spec.ts
tests/browser/release-crm-keyboard-zoom031.spec.ts
tests/browser/release-fees-editor027.spec.ts
tests/rules/shipping-rates027.test.ts
tests/unit/ask-english-tracking061.test.ts
tests/unit/ask-task-frame.test.ts
tests/unit/shipping-question027.test.ts
tests/unit/shipping-rates027.test.ts",PROPOSED_TEST_ORACLE_SOURCE_REFERENCED_NOT_EXECUTED,NOT_RUN,,,,NONE,,,,
SG-CONTENT-001,independent,CONTENT,Save content draft,P0,"CONTENT_EDITOR, OWNER",EMULATOR,Published/draft products/posts/campaigns; config variants và scheduling fixtures.,"Editor saveContent đúng schema
public đọc
publish có version",Draft private; published projection đúng loại/slug/version.,"Dùng invariant của nhóm và I1–I10 trong README; đối chiếu trước/sau, không chỉ response.","Độc lập: chạy với namespace sạch; biên/multiple variants trong steps phải có result con riêng, mọi variant pass mới PASS case.","functions/src/workspace.ts
packages/domain/public-content.ts
src/features/content/ContentEditor.tsx
src/features/content/Campaigns.tsx",tests/unit/campaign-contextual.test.ts,PROPOSED_TEST_ORACLE_SOURCE_REFERENCED_NOT_EXECUTED,NOT_RUN,,,,NONE,,,,
SG-CONTENT-002,independent,CONTENT,Product fields bán hàng,P0,"CONTENT_EDITOR, OWNER",EMULATOR,Published/draft products/posts/campaigns; config variants và scheduling fixtures.,Save product thiếu price/terms/options hoặc orderable với variants ambiguous,Không cho checkout sản phẩm không đủ contract; UI chỉ trạng thái đúng.,"Dùng invariant của nhóm và I1–I10 trong README; đối chiếu trước/sau, không chỉ response.","Độc lập: chạy với namespace sạch; biên/multiple variants trong steps phải có result con riêng, mọi variant pass mới PASS case.","functions/src/workspace.ts
packages/domain/public-content.ts
src/features/content/ContentEditor.tsx
src/features/content/Campaigns.tsx",tests/unit/campaign-contextual.test.ts,PROPOSED_TEST_ORACLE_SOURCE_REFERENCED_NOT_EXECUTED,NOT_RUN,,,,NONE,,,,
SG-CONTENT-003,independent,CONTENT,Slug trùng và version,P0,"CONTENT_EDITOR, OWNER",EMULATOR,Published/draft products/posts/campaigns; config variants và scheduling fixtures.,"Hai editor tạo cùng slug
edit bản stale",Không ghi đè nội dung khác; conflict/version history đúng source.,"Dùng invariant của nhóm và I1–I10 trong README; đối chiếu trước/sau, không chỉ response.","Độc lập: chạy với namespace sạch; biên/multiple variants trong steps phải có result con riêng, mọi variant pass mới PASS case.","functions/src/workspace.ts
packages/domain/public-content.ts
src/features/content/ContentEditor.tsx
src/features/content/Campaigns.tsx",tests/unit/campaign-contextual.test.ts,PROPOSED_TEST_ORACLE_SOURCE_REFERENCED_NOT_EXECUTED,NOT_RUN,,,,NONE,,,,
SG-CONTENT-004,independent,CONTENT,Campaign lifecycle,P0,"CONTENT_EDITOR, OWNER",EMULATOR,Published/draft products/posts/campaigns; config variants và scheduling fixtures.,"saveCampaign draft/published/inactive với targets hợp lệ
public refresh","Visibility đúng trạng thái, thời gian và audience contract; không lộ draft.","Dùng invariant của nhóm và I1–I10 trong README; đối chiếu trước/sau, không chỉ response.","Độc lập: chạy với namespace sạch; biên/multiple variants trong steps phải có result con riêng, mọi variant pass mới PASS case.","functions/src/workspace.ts
packages/domain/public-content.ts
src/features/content/ContentEditor.tsx
src/features/content/Campaigns.tsx",tests/unit/campaign-contextual.test.ts,PROPOSED_TEST_ORACLE_SOURCE_REFERENCED_NOT_EXECUTED,NOT_RUN,,,,NONE,,,,
SG-CONTENT-005,independent,CONTENT,Role content,P0,"CONTENT_EDITOR, OWNER",EMULATOR,Published/draft products/posts/campaigns; config variants và scheduling fixtures.,"CONTENT_EDITOR sửa pricing policy/staff access
FINANCE sửa content",Deny ngoài grants; không lấy menu làm security proof.,"Dùng invariant của nhóm và I1–I10 trong README; đối chiếu trước/sau, không chỉ response.","Độc lập: chạy với namespace sạch; biên/multiple variants trong steps phải có result con riêng, mọi variant pass mới PASS case.","functions/src/workspace.ts
packages/domain/public-content.ts
src/features/content/ContentEditor.tsx
src/features/content/Campaigns.tsx",tests/unit/campaign-contextual.test.ts,PROPOSED_TEST_ORACLE_SOURCE_REFERENCED_NOT_EXECUTED,NOT_RUN,,,,NONE,,,,
SG-CONTENT-006,independent,CONTENT,HTML sanitize,P0,"CONTENT_EDITOR, OWNER",EMULATOR,Published/draft products/posts/campaigns; config variants và scheduling fixtures.,"Save content có script, javascript link, dangerous iframe và SVG",Published HTML an toàn theo sanitizer; không executable injection.,"Dùng invariant của nhóm và I1–I10 trong README; đối chiếu trước/sau, không chỉ response.","Độc lập: chạy với namespace sạch; biên/multiple variants trong steps phải có result con riêng, mọi variant pass mới PASS case.","functions/src/workspace.ts
packages/domain/public-content.ts
src/features/content/ContentEditor.tsx
src/features/content/Campaigns.tsx",tests/unit/campaign-contextual.test.ts,PROPOSED_TEST_ORACLE_SOURCE_REFERENCED_NOT_EXECUTED,NOT_RUN,,,,NONE,,,,
SG-CONTENT-007,independent,CONTENT,Parent image consistency,P0,"CONTENT_EDITOR, OWNER",EMULATOR,Published/draft products/posts/campaigns; config variants và scheduling fixtures.,"Đổi cover/media
publish
retire old content
load image URL cũ",Projection và image authority nhất quán; không orphan public media từ draft.,"Dùng invariant của nhóm và I1–I10 trong README; đối chiếu trước/sau, không chỉ response.","Độc lập: chạy với namespace sạch; biên/multiple variants trong steps phải có result con riêng, mọi variant pass mới PASS case.","functions/src/workspace.ts
packages/domain/public-content.ts
src/features/content/ContentEditor.tsx
src/features/content/Campaigns.tsx",tests/unit/campaign-contextual.test.ts,PROPOSED_TEST_ORACLE_SOURCE_REFERENCED_NOT_EXECUTED,NOT_RUN,,,,NONE,,,,
SG-CONTENT-008,independent,CONTENT,Load/save failure,P0,"CONTENT_EDITOR, OWNER",EMULATOR,Published/draft products/posts/campaigns; config variants và scheduling fixtures.,"Fail upload/save/version request
retry
đổi entity",Giữ draft; không flash success hoặc overwrite content entity mới.,"Dùng invariant của nhóm và I1–I10 trong README; đối chiếu trước/sau, không chỉ response.","Độc lập: chạy với namespace sạch; biên/multiple variants trong steps phải có result con riêng, mọi variant pass mới PASS case.","functions/src/workspace.ts
packages/domain/public-content.ts
src/features/content/ContentEditor.tsx
src/features/content/Campaigns.tsx",tests/unit/campaign-contextual.test.ts,PROPOSED_TEST_ORACLE_SOURCE_REFERENCED_NOT_EXECUTED,NOT_RUN,,,,NONE,,,,
SG-BANNER-001,independent,BANNER,Admin và public snapshot,P1,"OWNER, CONTENT_EDITOR theo handler, guest",EMULATOR,"Banner draft/published, schedule windows; desktop/mobile asset fixtures.","websiteBannerAdmin đọc
websiteBannerCommand save/publish theo schema
campaignBannersPublic đọc",Public chỉ bản được công bố/đến hạn theo contract; admin giữ draft state riêng.,"Dùng invariant của nhóm và I1–I10 trong README; đối chiếu trước/sau, không chỉ response.","Độc lập: chạy với namespace sạch; biên/multiple variants trong steps phải có result con riêng, mọi variant pass mới PASS case.","functions/src/campaign-banners.ts
packages/domain/campaign-banners.ts
src/features/content/WebsiteBanners.tsx
src/features/content/CampaignBanner.tsx","tests/unit/campaign-banners-service076.test.ts
tests/unit/campaign-banners076.test.ts
tests/unit/release-preflight067.test.ts",PROPOSED_TEST_ORACLE_SOURCE_REFERENCED_NOT_EXECUTED,NOT_RUN,,,,NONE,,,,
SG-BANNER-002,independent,BANNER,Preview quyền,P1,"OWNER, CONTENT_EDITOR theo handler, guest",EMULATOR,"Banner draft/published, schedule windows; desktop/mobile asset fixtures.","websiteBannerPreview với staff hợp lệ
guest/A thử preview private ID",Preview không trở thành public endpoint bypass; identity hiện hành được check.,"Dùng invariant của nhóm và I1–I10 trong README; đối chiếu trước/sau, không chỉ response.","Độc lập: chạy với namespace sạch; biên/multiple variants trong steps phải có result con riêng, mọi variant pass mới PASS case.","functions/src/campaign-banners.ts
packages/domain/campaign-banners.ts
src/features/content/WebsiteBanners.tsx
src/features/content/CampaignBanner.tsx","tests/unit/campaign-banners-service076.test.ts
tests/unit/campaign-banners076.test.ts
tests/unit/release-preflight067.test.ts",PROPOSED_TEST_ORACLE_SOURCE_REFERENCED_NOT_EXECUTED,NOT_RUN,,,,NONE,,,,
SG-BANNER-003,independent,BANNER,Schedule boundary,P1,"OWNER, CONTENT_EDITOR theo handler, guest",EMULATOR,"Banner draft/published, schedule windows; desktop/mobile asset fixtures.","Clock trước start, đúng start, đúng end và sau end",Visibility đúng boundary source; không chạy provider job ngoài release gate.,"Dùng invariant của nhóm và I1–I10 trong README; đối chiếu trước/sau, không chỉ response.","Độc lập: chạy với namespace sạch; biên/multiple variants trong steps phải có result con riêng, mọi variant pass mới PASS case.","functions/src/campaign-banners.ts
packages/domain/campaign-banners.ts
src/features/content/WebsiteBanners.tsx
src/features/content/CampaignBanner.tsx","tests/unit/campaign-banners-service076.test.ts
tests/unit/campaign-banners076.test.ts
tests/unit/release-preflight067.test.ts",PROPOSED_TEST_ORACLE_SOURCE_REFERENCED_NOT_EXECUTED,NOT_RUN,,,,NONE,,,,
SG-BANNER-004,independent,BANNER,Link unsafe,P1,"OWNER, CONTENT_EDITOR theo handler, guest",EMULATOR,"Banner draft/published, schedule windows; desktop/mobile asset fixtures.",Banner target javascript/data hoặc external URL không hợp lệ,Reject/disable link an toàn; không click chạy code.,"Dùng invariant của nhóm và I1–I10 trong README; đối chiếu trước/sau, không chỉ response.","Độc lập: chạy với namespace sạch; biên/multiple variants trong steps phải có result con riêng, mọi variant pass mới PASS case.","functions/src/campaign-banners.ts
packages/domain/campaign-banners.ts
src/features/content/WebsiteBanners.tsx
src/features/content/CampaignBanner.tsx","tests/unit/campaign-banners-service076.test.ts
tests/unit/campaign-banners076.test.ts
tests/unit/release-preflight067.test.ts",PROPOSED_TEST_ORACLE_SOURCE_REFERENCED_NOT_EXECUTED,NOT_RUN,,,,NONE,,,,
SG-BANNER-005,independent,BANNER,Version conflict,P1,"OWNER, CONTENT_EDITOR theo handler, guest",EMULATOR,"Banner draft/published, schedule windows; desktop/mobile asset fixtures.",Hai editor save draft rồi publish stale,Không publish nhầm draft mới; yêu cầu reload/confirm đúng version.,"Dùng invariant của nhóm và I1–I10 trong README; đối chiếu trước/sau, không chỉ response.","Độc lập: chạy với namespace sạch; biên/multiple variants trong steps phải có result con riêng, mọi variant pass mới PASS case.","functions/src/campaign-banners.ts
packages/domain/campaign-banners.ts
src/features/content/WebsiteBanners.tsx
src/features/content/CampaignBanner.tsx","tests/unit/campaign-banners-service076.test.ts
tests/unit/campaign-banners076.test.ts
tests/unit/release-preflight067.test.ts",PROPOSED_TEST_ORACLE_SOURCE_REFERENCED_NOT_EXECUTED,NOT_RUN,,,,NONE,,,,
SG-BANNER-006,independent,BANNER,Fallback media,P1,"OWNER, CONTENT_EDITOR theo handler, guest",EMULATOR,"Banner draft/published, schedule windows; desktop/mobile asset fixtures.","Ảnh banner fail
desktop/mobile thay viewport
nội dung dài",Không che CTA hoặc mất nghĩa; fallback đủ contrast và không layout jump lớn.,"Dùng invariant của nhóm và I1–I10 trong README; đối chiếu trước/sau, không chỉ response.","Độc lập: chạy với namespace sạch; biên/multiple variants trong steps phải có result con riêng, mọi variant pass mới PASS case.","functions/src/campaign-banners.ts
packages/domain/campaign-banners.ts
src/features/content/WebsiteBanners.tsx
src/features/content/CampaignBanner.tsx","tests/unit/campaign-banners-service076.test.ts
tests/unit/campaign-banners076.test.ts
tests/unit/release-preflight067.test.ts",PROPOSED_TEST_ORACLE_SOURCE_REFERENCED_NOT_EXECUTED,NOT_RUN,,,,NONE,,,,
SG-BANNER-007,independent,BANNER,Unpublish,P1,"OWNER, CONTENT_EDITOR theo handler, guest",EMULATOR,"Banner draft/published, schedule windows; desktop/mobile asset fixtures.","Unpublish đang public
refresh cache/route
kiểm tra image access",Visibility được thu hồi theo contract cache; private preview không leak.,"Dùng invariant của nhóm và I1–I10 trong README; đối chiếu trước/sau, không chỉ response.","Độc lập: chạy với namespace sạch; biên/multiple variants trong steps phải có result con riêng, mọi variant pass mới PASS case.","functions/src/campaign-banners.ts
packages/domain/campaign-banners.ts
src/features/content/WebsiteBanners.tsx
src/features/content/CampaignBanner.tsx","tests/unit/campaign-banners-service076.test.ts
tests/unit/campaign-banners076.test.ts
tests/unit/release-preflight067.test.ts",PROPOSED_TEST_ORACLE_SOURCE_REFERENCED_NOT_EXECUTED,NOT_RUN,,,,NONE,,,,
SG-BANNER-008,independent,BANNER,Reduced motion banner,P1,"OWNER, CONTENT_EDITOR theo handler, guest",EMULATOR,"Banner draft/published, schedule windows; desktop/mobile asset fixtures.","Bật reduced motion
hover/focus carousel nếu có
unmount","Theo UI thực tế, animation không bắt người dùng theo chuyển động; cleanup đúng.","Dùng invariant của nhóm và I1–I10 trong README; đối chiếu trước/sau, không chỉ response.","Độc lập: chạy với namespace sạch; biên/multiple variants trong steps phải có result con riêng, mọi variant pass mới PASS case.","functions/src/campaign-banners.ts
packages/domain/campaign-banners.ts
src/features/content/WebsiteBanners.tsx
src/features/content/CampaignBanner.tsx","tests/unit/campaign-banners-service076.test.ts
tests/unit/campaign-banners076.test.ts
tests/unit/release-preflight067.test.ts",PROPOSED_TEST_ORACLE_SOURCE_REFERENCED_NOT_EXECUTED,NOT_RUN,,,,NONE,,,,
SG-STUDIO-001,independent,STUDIO,Draft và save,P0,"OWNER, CONTENT_EDITOR và editorial roles theo studioAuthority",EMULATOR,Draft/review/published/archived; 2 writers; media/code/table/mermaid synthetic.,"Tạo draft
sửa title/slug/body/cover
save
reload",Nội dung đúng schema và owner/editorial authority; không auto-publish draft.,"Dùng invariant của nhóm và I1–I10 trong README; đối chiếu trước/sau, không chỉ response.","Độc lập: chạy với namespace sạch; biên/multiple variants trong steps phải có result con riêng, mọi variant pass mới PASS case.","functions/src/blog-studio.ts
packages/domain/blog-studio.ts
src/features/content/studio/Studio.tsx
src/features/content/studio/source-editor.tsx","tests/browser/release-crm-keyboard-zoom031.spec.ts
tests/browser/release-studio-complete027.spec.ts
tests/browser/release-studio-component-reference032.spec.ts
tests/browser/release-studio-mechanics027.spec.ts
tests/browser/release-studio-moderation027.spec.ts
tests/browser/release-studio-recovery027.spec.ts
tests/browser/release-studio-reference-parity027.spec.ts
tests/rules/blog-comments027.test.ts
tests/rules/blog-studio-advanced027.test.ts
tests/rules/blog-studio027.test.ts
tests/unit/blog-studio-advanced027.test.ts
tests/unit/blog-studio-media027.test.ts
tests/unit/blog-studio-service027.test.ts
tests/unit/blog-studio027.test.ts
tests/unit/studio-editor027.test.ts
tests/unit/studio-publication-parity027.test.ts
tests/unit/studio-source-port027.test.ts
tests/unit/studio-source-services027.test.ts",PROPOSED_TEST_ORACLE_SOURCE_REFERENCED_NOT_EXECUTED,NOT_RUN,,,,NONE,,,,
SG-STUDIO-002,independent,STUDIO,Review và publication,P0,"OWNER, CONTENT_EDITOR và editorial roles theo studioAuthority",EMULATOR,Draft/review/published/archived; 2 writers; media/code/table/mermaid synthetic.,"Submit review/publish theo action source
reader mở posts slug",Chỉ publisher được phép publish; public snapshot khớp bản đã duyệt.,"Dùng invariant của nhóm và I1–I10 trong README; đối chiếu trước/sau, không chỉ response.","Độc lập: chạy với namespace sạch; biên/multiple variants trong steps phải có result con riêng, mọi variant pass mới PASS case.","functions/src/blog-studio.ts
packages/domain/blog-studio.ts
src/features/content/studio/Studio.tsx
src/features/content/studio/source-editor.tsx","tests/browser/release-crm-keyboard-zoom031.spec.ts
tests/browser/release-studio-complete027.spec.ts
tests/browser/release-studio-component-reference032.spec.ts
tests/browser/release-studio-mechanics027.spec.ts
tests/browser/release-studio-moderation027.spec.ts
tests/browser/release-studio-recovery027.spec.ts
tests/browser/release-studio-reference-parity027.spec.ts
tests/rules/blog-comments027.test.ts
tests/rules/blog-studio-advanced027.test.ts
tests/rules/blog-studio027.test.ts
tests/unit/blog-studio-advanced027.test.ts
tests/unit/blog-studio-media027.test.ts
tests/unit/blog-studio-service027.test.ts
tests/unit/blog-studio027.test.ts
tests/unit/studio-editor027.test.ts
tests/unit/studio-publication-parity027.test.ts
tests/unit/studio-source-port027.test.ts
tests/unit/studio-source-services027.test.ts",PROPOSED_TEST_ORACLE_SOURCE_REFERENCED_NOT_EXECUTED,NOT_RUN,,,,NONE,,,,
SG-STUDIO-003,independent,STUDIO,Autosave conflict,P0,"OWNER, CONTENT_EDITOR và editorial roles theo studioAuthority",EMULATOR,Draft/review/published/archived; 2 writers; media/code/table/mermaid synthetic.,"Hai editor cùng draft
save stale version
reload recovery",Không overwrite bản khác; conflict/unsaved state rõ; phục hồi không tự publish.,"Dùng invariant của nhóm và I1–I10 trong README; đối chiếu trước/sau, không chỉ response.","Độc lập: chạy với namespace sạch; biên/multiple variants trong steps phải có result con riêng, mọi variant pass mới PASS case.","functions/src/blog-studio.ts
packages/domain/blog-studio.ts
src/features/content/studio/Studio.tsx
src/features/content/studio/source-editor.tsx","tests/browser/release-crm-keyboard-zoom031.spec.ts
tests/browser/release-studio-complete027.spec.ts
tests/browser/release-studio-component-reference032.spec.ts
tests/browser/release-studio-mechanics027.spec.ts
tests/browser/release-studio-moderation027.spec.ts
tests/browser/release-studio-recovery027.spec.ts
tests/browser/release-studio-reference-parity027.spec.ts
tests/rules/blog-comments027.test.ts
tests/rules/blog-studio-advanced027.test.ts
tests/rules/blog-studio027.test.ts
tests/unit/blog-studio-advanced027.test.ts
tests/unit/blog-studio-media027.test.ts
tests/unit/blog-studio-service027.test.ts
tests/unit/blog-studio027.test.ts
tests/unit/studio-editor027.test.ts
tests/unit/studio-publication-parity027.test.ts
tests/unit/studio-source-port027.test.ts
tests/unit/studio-source-services027.test.ts",PROPOSED_TEST_ORACLE_SOURCE_REFERENCED_NOT_EXECUTED,NOT_RUN,,,,NONE,,,,
SG-STUDIO-004,independent,STUDIO,Rich editor roundtrip,P0,"OWNER, CONTENT_EDITOR và editorial roles theo studioAuthority",EMULATOR,Draft/review/published/archived; 2 writers; media/code/table/mermaid synthetic.,"Nhập heading,table,code,link,image,mermaid
save và reopen/public preview",Cấu trúc roundtrip đúng; code không thi hành; Mermaid/SVG được sanitize.,"Dùng invariant của nhóm và I1–I10 trong README; đối chiếu trước/sau, không chỉ response.","Độc lập: chạy với namespace sạch; biên/multiple variants trong steps phải có result con riêng, mọi variant pass mới PASS case.","functions/src/blog-studio.ts
packages/domain/blog-studio.ts
src/features/content/studio/Studio.tsx
src/features/content/studio/source-editor.tsx","tests/browser/release-crm-keyboard-zoom031.spec.ts
tests/browser/release-studio-complete027.spec.ts
tests/browser/release-studio-component-reference032.spec.ts
tests/browser/release-studio-mechanics027.spec.ts
tests/browser/release-studio-moderation027.spec.ts
tests/browser/release-studio-recovery027.spec.ts
tests/browser/release-studio-reference-parity027.spec.ts
tests/rules/blog-comments027.test.ts
tests/rules/blog-studio-advanced027.test.ts
tests/rules/blog-studio027.test.ts
tests/unit/blog-studio-advanced027.test.ts
tests/unit/blog-studio-media027.test.ts
tests/unit/blog-studio-service027.test.ts
tests/unit/blog-studio027.test.ts
tests/unit/studio-editor027.test.ts
tests/unit/studio-publication-parity027.test.ts
tests/unit/studio-source-port027.test.ts
tests/unit/studio-source-services027.test.ts",PROPOSED_TEST_ORACLE_SOURCE_REFERENCED_NOT_EXECUTED,NOT_RUN,,,,NONE,,,,
SG-STUDIO-005,independent,STUDIO,Schedule và cancel,P0,"OWNER, CONTENT_EDITOR và editorial roles theo studioAuthority",EMULATOR,Draft/review/published/archived; 2 writers; media/code/table/mermaid synthetic.,"Schedule future hợp lệ
cancelSchedule
clock qua hạn ở approved demo",Canceled không publish; schedule timezone/version chính xác; production schedule hiện gate đóng.,"Dùng invariant của nhóm và I1–I10 trong README; đối chiếu trước/sau, không chỉ response.","Độc lập: chạy với namespace sạch; biên/multiple variants trong steps phải có result con riêng, mọi variant pass mới PASS case.","functions/src/blog-studio.ts
packages/domain/blog-studio.ts
src/features/content/studio/Studio.tsx
src/features/content/studio/source-editor.tsx","tests/browser/release-crm-keyboard-zoom031.spec.ts
tests/browser/release-studio-complete027.spec.ts
tests/browser/release-studio-component-reference032.spec.ts
tests/browser/release-studio-mechanics027.spec.ts
tests/browser/release-studio-moderation027.spec.ts
tests/browser/release-studio-recovery027.spec.ts
tests/browser/release-studio-reference-parity027.spec.ts
tests/rules/blog-comments027.test.ts
tests/rules/blog-studio-advanced027.test.ts
tests/rules/blog-studio027.test.ts
tests/unit/blog-studio-advanced027.test.ts
tests/unit/blog-studio-media027.test.ts
tests/unit/blog-studio-service027.test.ts
tests/unit/blog-studio027.test.ts
tests/unit/studio-editor027.test.ts
tests/unit/studio-publication-parity027.test.ts
tests/unit/studio-source-port027.test.ts
tests/unit/studio-source-services027.test.ts",PROPOSED_TEST_ORACLE_SOURCE_REFERENCED_NOT_EXECUTED,NOT_RUN,,,,NONE,,,,
SG-STUDIO-006,independent,STUDIO,Archive và slug,P0,"OWNER, CONTENT_EDITOR và editorial roles theo studioAuthority",EMULATOR,Draft/review/published/archived; 2 writers; media/code/table/mermaid synthetic.,"Archive published
đổi slug hợp lệ rồi publish theo contract
mở URL cũ/mới",Không lộ archived draft; route/slug collision đúng policy source.,"Dùng invariant của nhóm và I1–I10 trong README; đối chiếu trước/sau, không chỉ response.","Độc lập: chạy với namespace sạch; biên/multiple variants trong steps phải có result con riêng, mọi variant pass mới PASS case.","functions/src/blog-studio.ts
packages/domain/blog-studio.ts
src/features/content/studio/Studio.tsx
src/features/content/studio/source-editor.tsx","tests/browser/release-crm-keyboard-zoom031.spec.ts
tests/browser/release-studio-complete027.spec.ts
tests/browser/release-studio-component-reference032.spec.ts
tests/browser/release-studio-mechanics027.spec.ts
tests/browser/release-studio-moderation027.spec.ts
tests/browser/release-studio-recovery027.spec.ts
tests/browser/release-studio-reference-parity027.spec.ts
tests/rules/blog-comments027.test.ts
tests/rules/blog-studio-advanced027.test.ts
tests/rules/blog-studio027.test.ts
tests/unit/blog-studio-advanced027.test.ts
tests/unit/blog-studio-media027.test.ts
tests/unit/blog-studio-service027.test.ts
tests/unit/blog-studio027.test.ts
tests/unit/studio-editor027.test.ts
tests/unit/studio-publication-parity027.test.ts
tests/unit/studio-source-port027.test.ts
tests/unit/studio-source-services027.test.ts",PROPOSED_TEST_ORACLE_SOURCE_REFERENCED_NOT_EXECUTED,NOT_RUN,,,,NONE,,,,
SG-STUDIO-007,independent,STUDIO,Media upload/read,P0,"OWNER, CONTENT_EDITOR và editorial roles theo studioAuthority",EMULATOR,Draft/review/published/archived; 2 writers; media/code/table/mermaid synthetic.,"studioMediaUpload valid bytes
studioMediaRead đúng editorial rights
invalid/oversized",Sanitize/limits đúng; role/parent permission đúng.,"Dùng invariant của nhóm và I1–I10 trong README; đối chiếu trước/sau, không chỉ response.","Độc lập: chạy với namespace sạch; biên/multiple variants trong steps phải có result con riêng, mọi variant pass mới PASS case.","functions/src/blog-studio.ts
packages/domain/blog-studio.ts
src/features/content/studio/Studio.tsx
src/features/content/studio/source-editor.tsx","tests/browser/release-crm-keyboard-zoom031.spec.ts
tests/browser/release-studio-complete027.spec.ts
tests/browser/release-studio-component-reference032.spec.ts
tests/browser/release-studio-mechanics027.spec.ts
tests/browser/release-studio-moderation027.spec.ts
tests/browser/release-studio-recovery027.spec.ts
tests/browser/release-studio-reference-parity027.spec.ts
tests/rules/blog-comments027.test.ts
tests/rules/blog-studio-advanced027.test.ts
tests/rules/blog-studio027.test.ts
tests/unit/blog-studio-advanced027.test.ts
tests/unit/blog-studio-media027.test.ts
tests/unit/blog-studio-service027.test.ts
tests/unit/blog-studio027.test.ts
tests/unit/studio-editor027.test.ts
tests/unit/studio-publication-parity027.test.ts
tests/unit/studio-source-port027.test.ts
tests/unit/studio-source-services027.test.ts",PROPOSED_TEST_ORACLE_SOURCE_REFERENCED_NOT_EXECUTED,NOT_RUN,,,,NONE,,,,
SG-STUDIO-008,independent,STUDIO,Preview safe,P0,"OWNER, CONTENT_EDITOR và editorial roles theo studioAuthority",EMULATOR,Draft/review/published/archived; 2 writers; media/code/table/mermaid synthetic.,"Mở preview có external link/popup
deny popup
hủy editor",Preview không mutate; link an toàn; có fallback khi popup blocked.,"Dùng invariant của nhóm và I1–I10 trong README; đối chiếu trước/sau, không chỉ response.","Độc lập: chạy với namespace sạch; biên/multiple variants trong steps phải có result con riêng, mọi variant pass mới PASS case.","functions/src/blog-studio.ts
packages/domain/blog-studio.ts
src/features/content/studio/Studio.tsx
src/features/content/studio/source-editor.tsx","tests/browser/release-crm-keyboard-zoom031.spec.ts
tests/browser/release-studio-complete027.spec.ts
tests/browser/release-studio-component-reference032.spec.ts
tests/browser/release-studio-mechanics027.spec.ts
tests/browser/release-studio-moderation027.spec.ts
tests/browser/release-studio-recovery027.spec.ts
tests/browser/release-studio-reference-parity027.spec.ts
tests/rules/blog-comments027.test.ts
tests/rules/blog-studio-advanced027.test.ts
tests/rules/blog-studio027.test.ts
tests/unit/blog-studio-advanced027.test.ts
tests/unit/blog-studio-media027.test.ts
tests/unit/blog-studio-service027.test.ts
tests/unit/blog-studio027.test.ts
tests/unit/studio-editor027.test.ts
tests/unit/studio-publication-parity027.test.ts
tests/unit/studio-source-port027.test.ts
tests/unit/studio-source-services027.test.ts",PROPOSED_TEST_ORACLE_SOURCE_REFERENCED_NOT_EXECUTED,NOT_RUN,,,,NONE,,,,
SG-STUDIO-009,independent,STUDIO,Empty/error recovery,P0,"OWNER, CONTENT_EDITOR và editorial roles theo studioAuthority",EMULATOR,Draft/review/published/archived; 2 writers; media/code/table/mermaid synthetic.,"Fail studio list/save/media
retry và recover draft
switch identity",Phân biệt trạng thái; không rò dữ liệu editorial của phiên cũ.,"Dùng invariant của nhóm và I1–I10 trong README; đối chiếu trước/sau, không chỉ response.","Độc lập: chạy với namespace sạch; biên/multiple variants trong steps phải có result con riêng, mọi variant pass mới PASS case.","functions/src/blog-studio.ts
packages/domain/blog-studio.ts
src/features/content/studio/Studio.tsx
src/features/content/studio/source-editor.tsx","tests/browser/release-crm-keyboard-zoom031.spec.ts
tests/browser/release-studio-complete027.spec.ts
tests/browser/release-studio-component-reference032.spec.ts
tests/browser/release-studio-mechanics027.spec.ts
tests/browser/release-studio-moderation027.spec.ts
tests/browser/release-studio-recovery027.spec.ts
tests/browser/release-studio-reference-parity027.spec.ts
tests/rules/blog-comments027.test.ts
tests/rules/blog-studio-advanced027.test.ts
tests/rules/blog-studio027.test.ts
tests/unit/blog-studio-advanced027.test.ts
tests/unit/blog-studio-media027.test.ts
tests/unit/blog-studio-service027.test.ts
tests/unit/blog-studio027.test.ts
tests/unit/studio-editor027.test.ts
tests/unit/studio-publication-parity027.test.ts
tests/unit/studio-source-port027.test.ts
tests/unit/studio-source-services027.test.ts",PROPOSED_TEST_ORACLE_SOURCE_REFERENCED_NOT_EXECUTED,NOT_RUN,,,,NONE,,,,
SG-STUDIOADV-001,independent,STUDIOADV,Taxonomy normalize,P0,Editorial manager/publisher/writer theo source,EMULATOR,Members active/revoked; taxonomy accents/case duplicates; reports open/resolved; paginated posts.,"categoryCreate tên có dấu/case/NFC khác nhưng cùng taxonomyKey
catalogUpdate",Không duplicate key normalized; version conflict đúng; public category không hỏng.,"Dùng invariant của nhóm và I1–I10 trong README; đối chiếu trước/sau, không chỉ response.","Độc lập: chạy với namespace sạch; biên/multiple variants trong steps phải có result con riêng, mọi variant pass mới PASS case.","functions/src/blog-studio-advanced.ts
packages/domain/blog-studio-advanced.ts
functions/src/blog-studio-access.ts","tests/browser/release-crm-keyboard-zoom031.spec.ts
tests/rules/blog-studio-advanced027.test.ts
tests/unit/blog-studio-advanced027.test.ts
tests/unit/studio-source-services027.test.ts",PROPOSED_TEST_ORACLE_SOURCE_REFERENCED_NOT_EXECUTED,NOT_RUN,,,,NONE,,,,
SG-STUDIOADV-002,independent,STUDIOADV,Member save/revoke,P0,Editorial manager/publisher/writer theo source,EMULATOR,Members active/revoked; taxonomy accents/case duplicates; reports open/resolved; paginated posts.,"memberSave scope hợp lệ
memberRevoke
member cũ gọi studioRead/Command",Authority hiện hành được recheck; revocation không xóa public posts tùy ý.,"Dùng invariant của nhóm và I1–I10 trong README; đối chiếu trước/sau, không chỉ response.","Độc lập: chạy với namespace sạch; biên/multiple variants trong steps phải có result con riêng, mọi variant pass mới PASS case.","functions/src/blog-studio-advanced.ts
packages/domain/blog-studio-advanced.ts
functions/src/blog-studio-access.ts","tests/browser/release-crm-keyboard-zoom031.spec.ts
tests/rules/blog-studio-advanced027.test.ts
tests/unit/blog-studio-advanced027.test.ts
tests/unit/studio-source-services027.test.ts",PROPOSED_TEST_ORACLE_SOURCE_REFERENCED_NOT_EXECUTED,NOT_RUN,,,,NONE,,,,
SG-STUDIOADV-003,independent,STUDIOADV,Last manager policy,P0,Editorial manager/publisher/writer theo source,EMULATOR,Members active/revoked; taxonomy accents/case duplicates; reports open/resolved; paginated posts.,Revoke/change manager hoặc chính mình với fixture theo guard source,Không vượt invariant quản trị nguồn; nếu source thiếu policy ghi requirement gap để owner quyết định.,"Dùng invariant của nhóm và I1–I10 trong README; đối chiếu trước/sau, không chỉ response.","Độc lập: chạy với namespace sạch; biên/multiple variants trong steps phải có result con riêng, mọi variant pass mới PASS case.","functions/src/blog-studio-advanced.ts
packages/domain/blog-studio-advanced.ts
functions/src/blog-studio-access.ts","tests/browser/release-crm-keyboard-zoom031.spec.ts
tests/rules/blog-studio-advanced027.test.ts
tests/unit/blog-studio-advanced027.test.ts
tests/unit/studio-source-services027.test.ts",PROPOSED_TEST_ORACLE_SOURCE_REFERENCED_NOT_EXECUTED,NOT_RUN,,,,NONE,,,,
SG-STUDIOADV-004,independent,STUDIOADV,Advanced reads,P0,Editorial manager/publisher/writer theo source,EMULATOR,Members active/revoked; taxonomy accents/case duplicates; reports open/resolved; paginated posts.,"studioAdvancedRead kinds list,summary,catalog,members,assignable,export,reports",Từng kind đúng authority/projection; summary không giả total từ page.,"Dùng invariant của nhóm và I1–I10 trong README; đối chiếu trước/sau, không chỉ response.","Độc lập: chạy với namespace sạch; biên/multiple variants trong steps phải có result con riêng, mọi variant pass mới PASS case.","functions/src/blog-studio-advanced.ts
packages/domain/blog-studio-advanced.ts
functions/src/blog-studio-access.ts","tests/browser/release-crm-keyboard-zoom031.spec.ts
tests/rules/blog-studio-advanced027.test.ts
tests/unit/blog-studio-advanced027.test.ts
tests/unit/studio-source-services027.test.ts",PROPOSED_TEST_ORACLE_SOURCE_REFERENCED_NOT_EXECUTED,NOT_RUN,,,,NONE,,,,
SG-STUDIOADV-005,independent,STUDIOADV,Cursor invalid,P0,Editorial manager/publisher/writer theo source,EMULATOR,Members active/revoked; taxonomy accents/case duplicates; reports open/resolved; paginated posts.,"Gửi cursor malformed/base64 dài
timestamp sai
id có separators","Reject an toàn, không crash/fallback đọc toàn bộ database.","Dùng invariant của nhóm và I1–I10 trong README; đối chiếu trước/sau, không chỉ response.","Độc lập: chạy với namespace sạch; biên/multiple variants trong steps phải có result con riêng, mọi variant pass mới PASS case.","functions/src/blog-studio-advanced.ts
packages/domain/blog-studio-advanced.ts
functions/src/blog-studio-access.ts","tests/browser/release-crm-keyboard-zoom031.spec.ts
tests/rules/blog-studio-advanced027.test.ts
tests/unit/blog-studio-advanced027.test.ts
tests/unit/studio-source-services027.test.ts",PROPOSED_TEST_ORACLE_SOURCE_REFERENCED_NOT_EXECUTED,NOT_RUN,,,,NONE,,,,
SG-STUDIOADV-006,independent,STUDIOADV,Report resolve,P0,Editorial manager/publisher/writer theo source,EMULATOR,Members active/revoked; taxonomy accents/case duplicates; reports open/resolved; paginated posts.,"reportResolve current report version
retry
wrong role",Một resolution có reason/history theo schema; deny role sai.,"Dùng invariant của nhóm và I1–I10 trong README; đối chiếu trước/sau, không chỉ response.","Độc lập: chạy với namespace sạch; biên/multiple variants trong steps phải có result con riêng, mọi variant pass mới PASS case.","functions/src/blog-studio-advanced.ts
packages/domain/blog-studio-advanced.ts
functions/src/blog-studio-access.ts","tests/browser/release-crm-keyboard-zoom031.spec.ts
tests/rules/blog-studio-advanced027.test.ts
tests/unit/blog-studio-advanced027.test.ts
tests/unit/studio-source-services027.test.ts",PROPOSED_TEST_ORACLE_SOURCE_REFERENCED_NOT_EXECUTED,NOT_RUN,,,,NONE,,,,
SG-STUDIOADV-007,independent,STUDIOADV,CSV export,P0,Editorial manager/publisher/writer theo source,EMULATOR,Members active/revoked; taxonomy accents/case duplicates; reports open/resolved; paginated posts.,"Export fields có dấu, newline, quotes, =,+,@,- ở đầu",CSV escape đúng; không formula injection; export chỉ scope có authority.,"Dùng invariant của nhóm và I1–I10 trong README; đối chiếu trước/sau, không chỉ response.","Độc lập: chạy với namespace sạch; biên/multiple variants trong steps phải có result con riêng, mọi variant pass mới PASS case.","functions/src/blog-studio-advanced.ts
packages/domain/blog-studio-advanced.ts
functions/src/blog-studio-access.ts","tests/browser/release-crm-keyboard-zoom031.spec.ts
tests/rules/blog-studio-advanced027.test.ts
tests/unit/blog-studio-advanced027.test.ts
tests/unit/studio-source-services027.test.ts",PROPOSED_TEST_ORACLE_SOURCE_REFERENCED_NOT_EXECUTED,NOT_RUN,,,,NONE,,,,
SG-STUDIOADV-008,independent,STUDIOADV,Avatar identity,P0,Editorial manager/publisher/writer theo source,EMULATOR,Members active/revoked; taxonomy accents/case duplicates; reports open/resolved; paginated posts.,"Bind Google avatar đúng host
thử userinfo, port, hostname suffix giả",Chỉ URL theo googleStudioAvatar guard; không tin avatar tự gửi là identity.,"Dùng invariant của nhóm và I1–I10 trong README; đối chiếu trước/sau, không chỉ response.","Độc lập: chạy với namespace sạch; biên/multiple variants trong steps phải có result con riêng, mọi variant pass mới PASS case.","functions/src/blog-studio-advanced.ts
packages/domain/blog-studio-advanced.ts
functions/src/blog-studio-access.ts","tests/browser/release-crm-keyboard-zoom031.spec.ts
tests/rules/blog-studio-advanced027.test.ts
tests/unit/blog-studio-advanced027.test.ts
tests/unit/studio-source-services027.test.ts",PROPOSED_TEST_ORACLE_SOURCE_REFERENCED_NOT_EXECUTED,NOT_RUN,,,,NONE,,,,
SG-COMMENT-001,independent,COMMENT,Submit và list,P0,"customer A/B, editorial moderator, guest public read",EMULATOR,Published/unpublished parent posts; top-level/replies/deleted comments; report fixtures.,"A submit comment trên published parent
public list",Đúng author từ identity; parent/status hợp lệ; không public private identity fields.,"Dùng invariant của nhóm và I1–I10 trong README; đối chiếu trước/sau, không chỉ response.","Độc lập: chạy với namespace sạch; biên/multiple variants trong steps phải có result con riêng, mọi variant pass mới PASS case.","functions/src/blog-comments.ts
packages/domain/blog-comments.ts
src/features/content/BlogComments.tsx","tests/browser/release-blog-comments027.spec.ts
tests/rules/blog-comment-commands027.test.ts
tests/rules/blog-comments027.test.ts
tests/unit/blog-comments-ui027.test.ts
tests/unit/blog-comments027.test.ts",PROPOSED_TEST_ORACLE_SOURCE_REFERENCED_NOT_EXECUTED,NOT_RUN,,,,NONE,,,,
SG-COMMENT-002,independent,COMMENT,Reply lineage,P0,"customer A/B, editorial moderator, guest public read",EMULATOR,Published/unpublished parent posts; top-level/replies/deleted comments; report fixtures.,"Reply vào comment đúng post
thử parent ở post khác hoặc missing",Chặn cross-post/invalid nesting; không nối thread sai.,"Dùng invariant của nhóm và I1–I10 trong README; đối chiếu trước/sau, không chỉ response.","Độc lập: chạy với namespace sạch; biên/multiple variants trong steps phải có result con riêng, mọi variant pass mới PASS case.","functions/src/blog-comments.ts
packages/domain/blog-comments.ts
src/features/content/BlogComments.tsx","tests/browser/release-blog-comments027.spec.ts
tests/rules/blog-comment-commands027.test.ts
tests/rules/blog-comments027.test.ts
tests/unit/blog-comments-ui027.test.ts
tests/unit/blog-comments027.test.ts",PROPOSED_TEST_ORACLE_SOURCE_REFERENCED_NOT_EXECUTED,NOT_RUN,,,,NONE,,,,
SG-COMMENT-003,independent,COMMENT,Edit/delete owner,P0,"customer A/B, editorial moderator, guest public read",EMULATOR,Published/unpublished parent posts; top-level/replies/deleted comments; report fixtures.,"A edit/delete own
B edit/delete A
replay operation",Chỉ author/authority theo contract; delete state giữ lineage phù hợp.,"Dùng invariant của nhóm và I1–I10 trong README; đối chiếu trước/sau, không chỉ response.","Độc lập: chạy với namespace sạch; biên/multiple variants trong steps phải có result con riêng, mọi variant pass mới PASS case.","functions/src/blog-comments.ts
packages/domain/blog-comments.ts
src/features/content/BlogComments.tsx","tests/browser/release-blog-comments027.spec.ts
tests/rules/blog-comment-commands027.test.ts
tests/rules/blog-comments027.test.ts
tests/unit/blog-comments-ui027.test.ts
tests/unit/blog-comments027.test.ts",PROPOSED_TEST_ORACLE_SOURCE_REFERENCED_NOT_EXECUTED,NOT_RUN,,,,NONE,,,,
SG-COMMENT-004,independent,COMMENT,Moderation status,P0,"customer A/B, editorial moderator, guest public read",EMULATOR,Published/unpublished parent posts; top-level/replies/deleted comments; report fixtures.,"Moderator ẩn/duyệt comment theo current roles
list public",Hidden/unapproved không xuất hiện public; không tin role cache.,"Dùng invariant của nhóm và I1–I10 trong README; đối chiếu trước/sau, không chỉ response.","Độc lập: chạy với namespace sạch; biên/multiple variants trong steps phải có result con riêng, mọi variant pass mới PASS case.","functions/src/blog-comments.ts
packages/domain/blog-comments.ts
src/features/content/BlogComments.tsx","tests/browser/release-blog-comments027.spec.ts
tests/rules/blog-comment-commands027.test.ts
tests/rules/blog-comments027.test.ts
tests/unit/blog-comments-ui027.test.ts
tests/unit/blog-comments027.test.ts",PROPOSED_TEST_ORACLE_SOURCE_REFERENCED_NOT_EXECUTED,NOT_RUN,,,,NONE,,,,
SG-COMMENT-005,independent,COMMENT,Reports dedupe,P0,"customer A/B, editorial moderator, guest public read",EMULATOR,Published/unpublished parent posts; top-level/replies/deleted comments; report fixtures.,"A report comment
retry
report target bị xóa/không tồn tại",Không duplicate report sai context; reason/schema đúng.,"Dùng invariant của nhóm và I1–I10 trong README; đối chiếu trước/sau, không chỉ response.","Độc lập: chạy với namespace sạch; biên/multiple variants trong steps phải có result con riêng, mọi variant pass mới PASS case.","functions/src/blog-comments.ts
packages/domain/blog-comments.ts
src/features/content/BlogComments.tsx","tests/browser/release-blog-comments027.spec.ts
tests/rules/blog-comment-commands027.test.ts
tests/rules/blog-comments027.test.ts
tests/unit/blog-comments-ui027.test.ts
tests/unit/blog-comments027.test.ts",PROPOSED_TEST_ORACLE_SOURCE_REFERENCED_NOT_EXECUTED,NOT_RUN,,,,NONE,,,,
SG-COMMENT-006,independent,COMMENT,Pagination replies,P0,"customer A/B, editorial moderator, guest public read",EMULATOR,Published/unpublished parent posts; top-level/replies/deleted comments; report fixtures.,"List newest/oldest và cursor nhiều ties
load replies",Không trùng/bỏ; page bounded; không trộn parent filters.,"Dùng invariant của nhóm và I1–I10 trong README; đối chiếu trước/sau, không chỉ response.","Độc lập: chạy với namespace sạch; biên/multiple variants trong steps phải có result con riêng, mọi variant pass mới PASS case.","functions/src/blog-comments.ts
packages/domain/blog-comments.ts
src/features/content/BlogComments.tsx","tests/browser/release-blog-comments027.spec.ts
tests/rules/blog-comment-commands027.test.ts
tests/rules/blog-comments027.test.ts
tests/unit/blog-comments-ui027.test.ts
tests/unit/blog-comments027.test.ts",PROPOSED_TEST_ORACLE_SOURCE_REFERENCED_NOT_EXECUTED,NOT_RUN,,,,NONE,,,,
SG-COMMENT-007,independent,COMMENT,Parent unpublish,P0,"customer A/B, editorial moderator, guest public read",EMULATOR,Published/unpublished parent posts; top-level/replies/deleted comments; report fixtures.,"Post published có comments
unpublish
list/submit bằng ID cũ",Không leak comment/post private qua endpoint cũ.,"Dùng invariant của nhóm và I1–I10 trong README; đối chiếu trước/sau, không chỉ response.","Độc lập: chạy với namespace sạch; biên/multiple variants trong steps phải có result con riêng, mọi variant pass mới PASS case.","functions/src/blog-comments.ts
packages/domain/blog-comments.ts
src/features/content/BlogComments.tsx","tests/browser/release-blog-comments027.spec.ts
tests/rules/blog-comment-commands027.test.ts
tests/rules/blog-comments027.test.ts
tests/unit/blog-comments-ui027.test.ts
tests/unit/blog-comments027.test.ts",PROPOSED_TEST_ORACLE_SOURCE_REFERENCED_NOT_EXECUTED,NOT_RUN,,,,NONE,,,,
SG-COMMENT-008,independent,COMMENT,Hostile comment text,P0,"customer A/B, editorial moderator, guest public read",EMULATOR,Published/unpublished parent posts; top-level/replies/deleted comments; report fixtures.,Submit HTML/script/link giả và Unicode dài sát boundary,Render text/sanitize an toàn; validate length; không chạy script.,"Dùng invariant của nhóm và I1–I10 trong README; đối chiếu trước/sau, không chỉ response.","Độc lập: chạy với namespace sạch; biên/multiple variants trong steps phải có result con riêng, mọi variant pass mới PASS case.","functions/src/blog-comments.ts
packages/domain/blog-comments.ts
src/features/content/BlogComments.tsx","tests/browser/release-blog-comments027.spec.ts
tests/rules/blog-comment-commands027.test.ts
tests/rules/blog-comments027.test.ts
tests/unit/blog-comments-ui027.test.ts
tests/unit/blog-comments027.test.ts",PROPOSED_TEST_ORACLE_SOURCE_REFERENCED_NOT_EXECUTED,NOT_RUN,,,,NONE,,,,
SG-HISTORY-001,independent,HISTORY,Order history projection,P0,"customer own, operational roles theo handler",EMULATOR,"Orders có quote, acceptance,payment,changes,shipment; audit events synthetic.","A orderHistory
staff đúng scope
compare timeline/source references",Lịch sử đúng order và actor/time/state; private operational notes không lộ khách.,"Dùng invariant của nhóm và I1–I10 trong README; đối chiếu trước/sau, không chỉ response.","Độc lập: chạy với namespace sạch; biên/multiple variants trong steps phải có result con riêng, mọi variant pass mới PASS case.","functions/src/order-history.ts
functions/src/index.ts
src/features/crm/Activity.tsx","tests/rules/private-read-authority026.test.ts
tests/rules/staff-role-array026.test.ts
tests/unit/activity-contextual.test.ts",PROPOSED_TEST_ORACLE_SOURCE_REFERENCED_NOT_EXECUTED,NOT_RUN,,,,NONE,,,,
SG-HISTORY-002,independent,HISTORY,History pagination,P0,"customer own, operational roles theo handler",EMULATOR,"Orders có quote, acceptance,payment,changes,shipment; audit events synthetic.","Seed nhiều events cùng timestamp
next/back
concurrent event",Cursor giữ deterministic order; không trả unbounded history.,"Dùng invariant của nhóm và I1–I10 trong README; đối chiếu trước/sau, không chỉ response.","Độc lập: chạy với namespace sạch; biên/multiple variants trong steps phải có result con riêng, mọi variant pass mới PASS case.","functions/src/order-history.ts
functions/src/index.ts
src/features/crm/Activity.tsx","tests/rules/private-read-authority026.test.ts
tests/rules/staff-role-array026.test.ts
tests/unit/activity-contextual.test.ts",PROPOSED_TEST_ORACLE_SOURCE_REFERENCED_NOT_EXECUTED,NOT_RUN,,,,NONE,,,,
SG-HISTORY-003,independent,HISTORY,Reject không ghi success,P0,"customer own, operational roles theo handler",EMULATOR,"Orders có quote, acceptance,payment,changes,shipment; audit events synthetic.","Gọi mutation invalid/forbidden/conflict
đọc timeline và audit",Không có event business thành công hoặc ledger do reject; security audit tùy policy nguồn.,"Dùng invariant của nhóm và I1–I10 trong README; đối chiếu trước/sau, không chỉ response.","Độc lập: chạy với namespace sạch; biên/multiple variants trong steps phải có result con riêng, mọi variant pass mới PASS case.","functions/src/order-history.ts
functions/src/index.ts
src/features/crm/Activity.tsx","tests/rules/private-read-authority026.test.ts
tests/rules/staff-role-array026.test.ts
tests/unit/activity-contextual.test.ts",PROPOSED_TEST_ORACLE_SOURCE_REFERENCED_NOT_EXECUTED,NOT_RUN,,,,NONE,,,,
SG-HISTORY-004,independent,HISTORY,Financial immutability,P0,"customer own, operational roles theo handler",EMULATOR,"Orders có quote, acceptance,payment,changes,shipment; audit events synthetic.",Sau verify/refund/reverse thử direct update/delete financial entry,Rules deny và business flow append correction; không rewrite entry gốc.,"Dùng invariant của nhóm và I1–I10 trong README; đối chiếu trước/sau, không chỉ response.","Độc lập: chạy với namespace sạch; biên/multiple variants trong steps phải có result con riêng, mọi variant pass mới PASS case.","functions/src/order-history.ts
functions/src/index.ts
src/features/crm/Activity.tsx","tests/rules/private-read-authority026.test.ts
tests/rules/staff-role-array026.test.ts
tests/unit/activity-contextual.test.ts",PROPOSED_TEST_ORACLE_SOURCE_REFERENCED_NOT_EXECUTED,NOT_RUN,,,,NONE,,,,
SG-HISTORY-005,independent,HISTORY,Activity context,P0,"customer own, operational roles theo handler",EMULATOR,"Orders có quote, acceptance,payment,changes,shipment; audit events synthetic.","Mở activity link order/return/invoice
record bị revoke/removed","Link đúng entity, fallback safe; không mở entity ngoài rights.","Dùng invariant của nhóm và I1–I10 trong README; đối chiếu trước/sau, không chỉ response.","Độc lập: chạy với namespace sạch; biên/multiple variants trong steps phải có result con riêng, mọi variant pass mới PASS case.","functions/src/order-history.ts
functions/src/index.ts
src/features/crm/Activity.tsx","tests/rules/private-read-authority026.test.ts
tests/rules/staff-role-array026.test.ts
tests/unit/activity-contextual.test.ts",PROPOSED_TEST_ORACLE_SOURCE_REFERENCED_NOT_EXECUTED,NOT_RUN,,,,NONE,,,,
SG-HISTORY-006,independent,HISTORY,Actor spoof,P0,"customer own, operational roles theo handler",EMULATOR,"Orders có quote, acceptance,payment,changes,shipment; audit events synthetic.",Gửi actor/name/createdAt client trong command strict hoặc evidence,Actor/time do server; không giả staff/customer identity.,"Dùng invariant của nhóm và I1–I10 trong README; đối chiếu trước/sau, không chỉ response.","Độc lập: chạy với namespace sạch; biên/multiple variants trong steps phải có result con riêng, mọi variant pass mới PASS case.","functions/src/order-history.ts
functions/src/index.ts
src/features/crm/Activity.tsx","tests/rules/private-read-authority026.test.ts
tests/rules/staff-role-array026.test.ts
tests/unit/activity-contextual.test.ts",PROPOSED_TEST_ORACLE_SOURCE_REFERENCED_NOT_EXECUTED,NOT_RUN,,,,NONE,,,,
SG-HISTORY-007,independent,HISTORY,Sensitive log,P0,"customer own, operational roles theo handler",EMULATOR,"Orders có quote, acceptance,payment,changes,shipment; audit events synthetic.","Force validation/provider error bằng synthetic payload
inspect captured logs đã redact","Không token,secret,share URL,địa chỉ đầy đủ hoặc raw AI private transcript.","Dùng invariant của nhóm và I1–I10 trong README; đối chiếu trước/sau, không chỉ response.","Độc lập: chạy với namespace sạch; biên/multiple variants trong steps phải có result con riêng, mọi variant pass mới PASS case.","functions/src/order-history.ts
functions/src/index.ts
src/features/crm/Activity.tsx","tests/rules/private-read-authority026.test.ts
tests/rules/staff-role-array026.test.ts
tests/unit/activity-contextual.test.ts",PROPOSED_TEST_ORACLE_SOURCE_REFERENCED_NOT_EXECUTED,NOT_RUN,,,,NONE,,,,
SG-HISTORY-008,independent,HISTORY,Audit reconstruction,P0,"customer own, operational roles theo handler",EMULATOR,"Orders có quote, acceptance,payment,changes,shipment; audit events synthetic.","Thực hiện quote→accept→payment→shipment
đối chiếu versions/history",Có lineage đủ đối soát thay đổi; thiếu evidence ghi FAILED thay vì suy diễn.,"Dùng invariant của nhóm và I1–I10 trong README; đối chiếu trước/sau, không chỉ response.","Độc lập: chạy với namespace sạch; biên/multiple variants trong steps phải có result con riêng, mọi variant pass mới PASS case.","functions/src/order-history.ts
functions/src/index.ts
src/features/crm/Activity.tsx","tests/rules/private-read-authority026.test.ts
tests/rules/staff-role-array026.test.ts
tests/unit/activity-contextual.test.ts",PROPOSED_TEST_ORACLE_SOURCE_REFERENCED_NOT_EXECUTED,NOT_RUN,,,,NONE,,,,
SG-OPS-001,independent,OPS,Demo identity fail closed,P1,"operator test environment, OWNER",EMULATOR,Emulator canonical demo-satsunicgo; local snapshot synthetic; staging chỉ khi có authorization riêng.,"Run demo check/harness với wrong project, nonloopback host và conflicting project vars",Không seed/reset/maintenance vào cloud hoặc database khác.,"Dùng invariant của nhóm và I1–I10 trong README; đối chiếu trước/sau, không chỉ response.","Độc lập: chạy với namespace sạch; biên/multiple variants trong steps phải có result con riêng, mọi variant pass mới PASS case.","scripts/emulator-test.mjs
tests/http/restore-fixture.mjs
scripts/release/preflight.mjs
scripts/release/bootstrap-owner.mjs
functions/src/provider-release-gate.ts","tests/http/bootstrap-owner075.mjs
tests/http/restore-fixture.mjs
tests/unit/bootstrap-owner075.test.mjs
tests/unit/email-delivery-security.test.ts
tests/unit/provider-release-gate067.test.ts
tests/unit/release-preflight067.test.ts",PROPOSED_TEST_ORACLE_SOURCE_REFERENCED_NOT_EXECUTED,NOT_RUN,,,,NONE,,,,
SG-OPS-002,independent,OPS,Bootstrap owner preview,P1,"operator test environment, OWNER",EMULATOR,Emulator canonical demo-satsunicgo; local snapshot synthetic; staging chỉ khi có authorization riêng.,"Chạy CLI help/dry-run theo source với UID fixture
thử target/project không hợp lệ",Không grant cloud quyền bằng mặc định; authorization và target binding được kiểm tra.,"Dùng invariant của nhóm và I1–I10 trong README; đối chiếu trước/sau, không chỉ response.","Độc lập: chạy với namespace sạch; biên/multiple variants trong steps phải có result con riêng, mọi variant pass mới PASS case.","scripts/emulator-test.mjs
tests/http/restore-fixture.mjs
scripts/release/preflight.mjs
scripts/release/bootstrap-owner.mjs
functions/src/provider-release-gate.ts","tests/http/bootstrap-owner075.mjs
tests/http/restore-fixture.mjs
tests/unit/bootstrap-owner075.test.mjs
tests/unit/email-delivery-security.test.ts
tests/unit/provider-release-gate067.test.ts
tests/unit/release-preflight067.test.ts",PROPOSED_TEST_ORACLE_SOURCE_REFERENCED_NOT_EXECUTED,NOT_RUN,,,,NONE,,,,
SG-OPS-003,independent,OPS,Backup restore synthetic,P1,"operator test environment, OWNER",EMULATOR,Emulator canonical demo-satsunicgo; local snapshot synthetic; staging chỉ khi có authorization riêng.,"Ở emulator tạo fixture orders/ledger/allocations
chạy restore fixture
compare IDs/hash/counts",Lineage và totals giữ đúng; không coi restore fixture là backup production proof.,"Dùng invariant của nhóm và I1–I10 trong README; đối chiếu trước/sau, không chỉ response.","Độc lập: chạy với namespace sạch; biên/multiple variants trong steps phải có result con riêng, mọi variant pass mới PASS case.","scripts/emulator-test.mjs
tests/http/restore-fixture.mjs
scripts/release/preflight.mjs
scripts/release/bootstrap-owner.mjs
functions/src/provider-release-gate.ts","tests/http/bootstrap-owner075.mjs
tests/http/restore-fixture.mjs
tests/unit/bootstrap-owner075.test.mjs
tests/unit/email-delivery-security.test.ts
tests/unit/provider-release-gate067.test.ts
tests/unit/release-preflight067.test.ts",PROPOSED_TEST_ORACLE_SOURCE_REFERENCED_NOT_EXECUTED,NOT_RUN,,,,NONE,,,,
SG-OPS-004,independent,OPS,Restore partial failure,P1,"operator test environment, OWNER",EMULATOR,Emulator canonical demo-satsunicgo; local snapshot synthetic; staging chỉ khi có authorization riêng.,"Inject failure giữa các bước restore vào database demo cô lập
kiểm tra resumability",Không báo hoàn tất khi partial; không làm mất source snapshot; phục hồi có kiểm tra.,"Dùng invariant của nhóm và I1–I10 trong README; đối chiếu trước/sau, không chỉ response.","Độc lập: chạy với namespace sạch; biên/multiple variants trong steps phải có result con riêng, mọi variant pass mới PASS case.","scripts/emulator-test.mjs
tests/http/restore-fixture.mjs
scripts/release/preflight.mjs
scripts/release/bootstrap-owner.mjs
functions/src/provider-release-gate.ts","tests/http/bootstrap-owner075.mjs
tests/http/restore-fixture.mjs
tests/unit/bootstrap-owner075.test.mjs
tests/unit/email-delivery-security.test.ts
tests/unit/provider-release-gate067.test.ts
tests/unit/release-preflight067.test.ts",PROPOSED_TEST_ORACLE_SOURCE_REFERENCED_NOT_EXECUTED,NOT_RUN,,,,NONE,,,,
SG-OPS-005,independent,OPS,Preflight release gate,P1,"operator test environment, OWNER",EMULATOR,Emulator canonical demo-satsunicgo; local snapshot synthetic; staging chỉ khi có authorization riêng.,Chạy check-public-config offline fixture và preflight harness trên candidate manifest,Provider disabled vẫn được ghi rõ; build/HTTP200 không thành provider readiness.,"Dùng invariant của nhóm và I1–I10 trong README; đối chiếu trước/sau, không chỉ response.","Độc lập: chạy với namespace sạch; biên/multiple variants trong steps phải có result con riêng, mọi variant pass mới PASS case.","scripts/emulator-test.mjs
tests/http/restore-fixture.mjs
scripts/release/preflight.mjs
scripts/release/bootstrap-owner.mjs
functions/src/provider-release-gate.ts","tests/http/bootstrap-owner075.mjs
tests/http/restore-fixture.mjs
tests/unit/bootstrap-owner075.test.mjs
tests/unit/email-delivery-security.test.ts
tests/unit/provider-release-gate067.test.ts
tests/unit/release-preflight067.test.ts",PROPOSED_TEST_ORACLE_SOURCE_REFERENCED_NOT_EXECUTED,NOT_RUN,,,,NONE,,,,
SG-OPS-006,independent,OPS,Environment UI isolation,P1,"operator test environment, OWNER",EMULATOR,Emulator canonical demo-satsunicgo; local snapshot synthetic; staging chỉ khi có authorization riêng.,"Mở build thiếu Firebase config
emulator config đúng/sai
kiểm tra login demo visibility",Không hiện demo login cho non-demo; UI lỗi cấu hình không lộ values nhạy cảm.,"Dùng invariant của nhóm và I1–I10 trong README; đối chiếu trước/sau, không chỉ response.","Độc lập: chạy với namespace sạch; biên/multiple variants trong steps phải có result con riêng, mọi variant pass mới PASS case.","scripts/emulator-test.mjs
tests/http/restore-fixture.mjs
scripts/release/preflight.mjs
scripts/release/bootstrap-owner.mjs
functions/src/provider-release-gate.ts","tests/http/bootstrap-owner075.mjs
tests/http/restore-fixture.mjs
tests/unit/bootstrap-owner075.test.mjs
tests/unit/email-delivery-security.test.ts
tests/unit/provider-release-gate067.test.ts
tests/unit/release-preflight067.test.ts",PROPOSED_TEST_ORACLE_SOURCE_REFERENCED_NOT_EXECUTED,NOT_RUN,,,,NONE,,,,
SG-OPS-007,independent,OPS,Rollback rehearsal,P1,"operator test environment, OWNER",EMULATOR,Emulator canonical demo-satsunicgo; local snapshot synthetic; staging chỉ khi có authorization riêng.,"Dùng local artifact trước/sau và synthetic data
kiểm tra source-artifact identity/restore path",Rollback plan có artifact identity và tác động data; cloud rollback NOT_RUN khi chưa cấp quyền.,"Dùng invariant của nhóm và I1–I10 trong README; đối chiếu trước/sau, không chỉ response.","Độc lập: chạy với namespace sạch; biên/multiple variants trong steps phải có result con riêng, mọi variant pass mới PASS case.","scripts/emulator-test.mjs
tests/http/restore-fixture.mjs
scripts/release/preflight.mjs
scripts/release/bootstrap-owner.mjs
functions/src/provider-release-gate.ts","tests/http/bootstrap-owner075.mjs
tests/http/restore-fixture.mjs
tests/unit/bootstrap-owner075.test.mjs
tests/unit/email-delivery-security.test.ts
tests/unit/provider-release-gate067.test.ts
tests/unit/release-preflight067.test.ts",PROPOSED_TEST_ORACLE_SOURCE_REFERENCED_NOT_EXECUTED,NOT_RUN,,,,NONE,,,,
SG-OPS-008,independent,OPS,Secret boundary artifact,P1,"operator test environment, OWNER",EMULATOR,Emulator canonical demo-satsunicgo; local snapshot synthetic; staging chỉ khi có authorization riêng.,"Scan tài liệu QA/artifact manifest keys và data fixture
kiểm tra chỉ hashes/path metadata",Không lưu credentials/raw PII; manifest không hash hoặc đọc file secrets/env.,"Dùng invariant của nhóm và I1–I10 trong README; đối chiếu trước/sau, không chỉ response.","Độc lập: chạy với namespace sạch; biên/multiple variants trong steps phải có result con riêng, mọi variant pass mới PASS case.","scripts/emulator-test.mjs
tests/http/restore-fixture.mjs
scripts/release/preflight.mjs
scripts/release/bootstrap-owner.mjs
functions/src/provider-release-gate.ts","tests/http/bootstrap-owner075.mjs
tests/http/restore-fixture.mjs
tests/unit/bootstrap-owner075.test.mjs
tests/unit/email-delivery-security.test.ts
tests/unit/provider-release-gate067.test.ts
tests/unit/release-preflight067.test.ts",PROPOSED_TEST_ORACLE_SOURCE_REFERENCED_NOT_EXECUTED,NOT_RUN,,,,NONE,,,,
SG-INT-001,integration,INT,Catalog đầy đủ vòng đời,P0,"customer, OWNER, BUYER, WAREHOUSE, FINANCE, SUPPORT, CONTENT_EDITOR",EMULATOR,"Mỗi ca tạo namespace riêng; A/B + 7 staff; O-CAT và O-CUSTOM; hai dòng [2,3]; fake provider cho core; provider thật cần approval riêng.","Publish product
customer checkout qty2
finance verify fixture
buyer mua
warehouse receive/pack
dispatch
delivered
confirmReceipt
issue document",Một order xuyên website/Ask/account/CRM/docs; giá all-inclusive; không quote lại hoặc thu balance lần hai; ledger và quantity conservation.,"Dùng invariant của nhóm và I1–I10 trong README; đối chiếu trước/sau, không chỉ response.","Độc lập: chạy với namespace sạch; biên/multiple variants trong steps phải có result con riêng, mọi variant pass mới PASS case.","src/app/App.tsx
functions/src/index.ts
functions/src/catalog-checkout.ts
functions/src/payments/payos.ts
functions/src/shipping.ts
functions/src/consolidation.ts
functions/src/invoices.ts
functions/src/membership.ts
functions/src/crm.ts
functions/src/ai/ask-workflow.ts
functions/src/email.ts","tests/browser/ask-integration-owned049.ts
tests/browser/fixtures.ts
tests/browser/owned-commerce058.ts
tests/browser/release-api.spec.ts
tests/browser/release-catalog-fallback027.spec.ts
tests/browser/release-crm-admin-positive030.spec.ts
tests/browser/release-crm-boundaries028.spec.ts
tests/browser/release-crm-hardening.spec.ts
tests/browser/release-crm-keyboard-zoom031.spec.ts
tests/browser/release-crm-populated026.spec.ts
tests/browser/release-crm-presentation026.spec.ts
tests/browser/release-crm-records026.spec.ts
tests/browser/release-crm-recovery028.spec.ts
tests/browser/release-crm-taskflow.spec.ts
tests/browser/release-crm-ux028.spec.ts
tests/browser/release-crm.spec.ts
tests/browser/release-finance-activity-positive031.spec.ts
tests/browser/release-membership-plan-pagination034.spec.ts
tests/browser/release-package-batch-positive028.spec.ts
tests/browser/release-staff-authority026.spec.ts
tests/rules/ask-hardening.test.ts
tests/rules/ask-payment.test.ts
tests/rules/ask-workflow.test.ts
tests/rules/backend-authority-hardening.test.ts
tests/rules/biz-hardening.test.ts
tests/rules/blog-studio-advanced027.test.ts
tests/rules/catalog-checkout.test.ts
tests/rules/catalog-payments.test.ts
tests/rules/crm-authority026.test.ts
tests/rules/crm-boundaries028.test.ts
tests/rules/crm-hardening.test.ts
tests/rules/email-delivery.test.ts
tests/rules/invoices.test.ts
tests/rules/manual-delivery-estimate064.test.ts
tests/rules/membership.test.ts
tests/rules/private-read-authority026.test.ts
tests/rules/remaining-authority026.test.ts
tests/rules/server.test.ts
tests/rules/shipping-lookup028.test.ts
tests/rules/shipping-rates027.test.ts
tests/rules/staff-role-array026.test.ts
tests/unit/activity-contextual.test.ts
tests/unit/ask-business-contract026.test.ts
tests/unit/ask-read-task-plan038.test.ts
tests/unit/ask-transport.test.ts
tests/unit/ask-workflow.test.ts
tests/unit/blog-studio-advanced027.test.ts
tests/unit/bootstrap-owner075.test.mjs
tests/unit/campaign-banners076.test.ts
tests/unit/catalog-checkout.test.ts
tests/unit/consolidation.test.ts
tests/unit/content-editor-state.test.ts
tests/unit/crm-ux028-eligibility.test.ts
tests/unit/crm.test.ts
tests/unit/customers-contextual.test.ts
tests/unit/domain.test.ts
tests/unit/email-content.test.ts
tests/unit/email-delivery-security.test.ts
tests/unit/invoice-statement-view.test.ts
tests/unit/invoices.test.ts
tests/unit/manual-delivery-estimate064.test.ts
tests/unit/membership-command.test.ts
tests/unit/membership-reminder-policy.test.ts
tests/unit/membership-term.test.ts
tests/unit/payos-signature.test.ts
tests/unit/provider-release-gate067.test.ts
tests/unit/shipping-contextual.test.ts
tests/unit/shipping-question027.test.ts
tests/unit/shipping-queue028.test.ts
tests/unit/shipping-rates027.test.ts
tests/unit/shipping.test.ts",PROPOSED_TEST_ORACLE_SOURCE_REFERENCED_NOT_EXECUTED,NOT_RUN,,,,NONE,,,,
SG-INT-002,integration,INT,Custom đầy đủ vòng đời,P0,"customer, OWNER, BUYER, WAREHOUSE, FINANCE, SUPPORT, CONTENT_EDITOR",EMULATOR,"Mỗi ca tạo namespace riêng; A/B + 7 staff; O-CAT và O-CUSTOM; hai dòng [2,3]; fake provider cho core; provider thật cần approval riêng.","Submit request 2 dòng
issue quote 100001
save recipient
accept
verify 50001
mua đủ
receive/pack
finalize 120001
approve
verify 70000
dispatch/deliver/confirm",Custom giữ hai kỳ thu; net collected=120001; giao đủ mới COMPLETED; consent/version/history đúng.,"Dùng invariant của nhóm và I1–I10 trong README; đối chiếu trước/sau, không chỉ response.","Độc lập: chạy với namespace sạch; biên/multiple variants trong steps phải có result con riêng, mọi variant pass mới PASS case.","src/app/App.tsx
functions/src/index.ts
functions/src/catalog-checkout.ts
functions/src/payments/payos.ts
functions/src/shipping.ts
functions/src/consolidation.ts
functions/src/invoices.ts
functions/src/membership.ts
functions/src/crm.ts
functions/src/ai/ask-workflow.ts
functions/src/email.ts","tests/browser/ask-integration-owned049.ts
tests/browser/fixtures.ts
tests/browser/owned-commerce058.ts
tests/browser/release-api.spec.ts
tests/browser/release-catalog-fallback027.spec.ts
tests/browser/release-crm-admin-positive030.spec.ts
tests/browser/release-crm-boundaries028.spec.ts
tests/browser/release-crm-hardening.spec.ts
tests/browser/release-crm-keyboard-zoom031.spec.ts
tests/browser/release-crm-populated026.spec.ts
tests/browser/release-crm-presentation026.spec.ts
tests/browser/release-crm-records026.spec.ts
tests/browser/release-crm-recovery028.spec.ts
tests/browser/release-crm-taskflow.spec.ts
tests/browser/release-crm-ux028.spec.ts
tests/browser/release-crm.spec.ts
tests/browser/release-finance-activity-positive031.spec.ts
tests/browser/release-membership-plan-pagination034.spec.ts
tests/browser/release-package-batch-positive028.spec.ts
tests/browser/release-staff-authority026.spec.ts
tests/rules/ask-hardening.test.ts
tests/rules/ask-payment.test.ts
tests/rules/ask-workflow.test.ts
tests/rules/backend-authority-hardening.test.ts
tests/rules/biz-hardening.test.ts
tests/rules/blog-studio-advanced027.test.ts
tests/rules/catalog-checkout.test.ts
tests/rules/catalog-payments.test.ts
tests/rules/crm-authority026.test.ts
tests/rules/crm-boundaries028.test.ts
tests/rules/crm-hardening.test.ts
tests/rules/email-delivery.test.ts
tests/rules/invoices.test.ts
tests/rules/manual-delivery-estimate064.test.ts
tests/rules/membership.test.ts
tests/rules/private-read-authority026.test.ts
tests/rules/remaining-authority026.test.ts
tests/rules/server.test.ts
tests/rules/shipping-lookup028.test.ts
tests/rules/shipping-rates027.test.ts
tests/rules/staff-role-array026.test.ts
tests/unit/activity-contextual.test.ts
tests/unit/ask-business-contract026.test.ts
tests/unit/ask-read-task-plan038.test.ts
tests/unit/ask-transport.test.ts
tests/unit/ask-workflow.test.ts
tests/unit/blog-studio-advanced027.test.ts
tests/unit/bootstrap-owner075.test.mjs
tests/unit/campaign-banners076.test.ts
tests/unit/catalog-checkout.test.ts
tests/unit/consolidation.test.ts
tests/unit/content-editor-state.test.ts
tests/unit/crm-ux028-eligibility.test.ts
tests/unit/crm.test.ts
tests/unit/customers-contextual.test.ts
tests/unit/domain.test.ts
tests/unit/email-content.test.ts
tests/unit/email-delivery-security.test.ts
tests/unit/invoice-statement-view.test.ts
tests/unit/invoices.test.ts
tests/unit/manual-delivery-estimate064.test.ts
tests/unit/membership-command.test.ts
tests/unit/membership-reminder-policy.test.ts
tests/unit/membership-term.test.ts
tests/unit/payos-signature.test.ts
tests/unit/provider-release-gate067.test.ts
tests/unit/shipping-contextual.test.ts
tests/unit/shipping-question027.test.ts
tests/unit/shipping-queue028.test.ts
tests/unit/shipping-rates027.test.ts
tests/unit/shipping.test.ts",PROPOSED_TEST_ORACLE_SOURCE_REFERENCED_NOT_EXECUTED,NOT_RUN,,,,NONE,,,,
SG-INT-003,integration,INT,Catalog partial payment,P0,"customer, OWNER, BUYER, WAREHOUSE, FINANCE, SUPPORT, CONTENT_EDITOR",EMULATOR,"Mỗi ca tạo namespace riêng; A/B + 7 staff; O-CAT và O-CUSTOM; hai dòng [2,3]; fake provider cho core; provider thật cần approval riêng.","Checkout 200002
verify 200001
thử claim
verify thêm 1
claim/pack",Thiếu 1 đồng chặn procurement; đủ tiền verified mới mua; không coi stage QUOTE_ACCEPTED là đã trả.,"Dùng invariant của nhóm và I1–I10 trong README; đối chiếu trước/sau, không chỉ response.","Độc lập: chạy với namespace sạch; biên/multiple variants trong steps phải có result con riêng, mọi variant pass mới PASS case.","src/app/App.tsx
functions/src/index.ts
functions/src/catalog-checkout.ts
functions/src/payments/payos.ts
functions/src/shipping.ts
functions/src/consolidation.ts
functions/src/invoices.ts
functions/src/membership.ts
functions/src/crm.ts
functions/src/ai/ask-workflow.ts
functions/src/email.ts","tests/browser/ask-integration-owned049.ts
tests/browser/fixtures.ts
tests/browser/owned-commerce058.ts
tests/browser/release-api.spec.ts
tests/browser/release-catalog-fallback027.spec.ts
tests/browser/release-crm-admin-positive030.spec.ts
tests/browser/release-crm-boundaries028.spec.ts
tests/browser/release-crm-hardening.spec.ts
tests/browser/release-crm-keyboard-zoom031.spec.ts
tests/browser/release-crm-populated026.spec.ts
tests/browser/release-crm-presentation026.spec.ts
tests/browser/release-crm-records026.spec.ts
tests/browser/release-crm-recovery028.spec.ts
tests/browser/release-crm-taskflow.spec.ts
tests/browser/release-crm-ux028.spec.ts
tests/browser/release-crm.spec.ts
tests/browser/release-finance-activity-positive031.spec.ts
tests/browser/release-membership-plan-pagination034.spec.ts
tests/browser/release-package-batch-positive028.spec.ts
tests/browser/release-staff-authority026.spec.ts
tests/rules/ask-hardening.test.ts
tests/rules/ask-payment.test.ts
tests/rules/ask-workflow.test.ts
tests/rules/backend-authority-hardening.test.ts
tests/rules/biz-hardening.test.ts
tests/rules/blog-studio-advanced027.test.ts
tests/rules/catalog-checkout.test.ts
tests/rules/catalog-payments.test.ts
tests/rules/crm-authority026.test.ts
tests/rules/crm-boundaries028.test.ts
tests/rules/crm-hardening.test.ts
tests/rules/email-delivery.test.ts
tests/rules/invoices.test.ts
tests/rules/manual-delivery-estimate064.test.ts
tests/rules/membership.test.ts
tests/rules/private-read-authority026.test.ts
tests/rules/remaining-authority026.test.ts
tests/rules/server.test.ts
tests/rules/shipping-lookup028.test.ts
tests/rules/shipping-rates027.test.ts
tests/rules/staff-role-array026.test.ts
tests/unit/activity-contextual.test.ts
tests/unit/ask-business-contract026.test.ts
tests/unit/ask-read-task-plan038.test.ts
tests/unit/ask-transport.test.ts
tests/unit/ask-workflow.test.ts
tests/unit/blog-studio-advanced027.test.ts
tests/unit/bootstrap-owner075.test.mjs
tests/unit/campaign-banners076.test.ts
tests/unit/catalog-checkout.test.ts
tests/unit/consolidation.test.ts
tests/unit/content-editor-state.test.ts
tests/unit/crm-ux028-eligibility.test.ts
tests/unit/crm.test.ts
tests/unit/customers-contextual.test.ts
tests/unit/domain.test.ts
tests/unit/email-content.test.ts
tests/unit/email-delivery-security.test.ts
tests/unit/invoice-statement-view.test.ts
tests/unit/invoices.test.ts
tests/unit/manual-delivery-estimate064.test.ts
tests/unit/membership-command.test.ts
tests/unit/membership-reminder-policy.test.ts
tests/unit/membership-term.test.ts
tests/unit/payos-signature.test.ts
tests/unit/provider-release-gate067.test.ts
tests/unit/shipping-contextual.test.ts
tests/unit/shipping-question027.test.ts
tests/unit/shipping-queue028.test.ts
tests/unit/shipping-rates027.test.ts
tests/unit/shipping.test.ts",PROPOSED_TEST_ORACLE_SOURCE_REFERENCED_NOT_EXECUTED,NOT_RUN,,,,NONE,,,,
SG-INT-004,integration,INT,Custom partial deposit,P0,"customer, OWNER, BUYER, WAREHOUSE, FINANCE, SUPPORT, CONTENT_EDITOR",EMULATOR,"Mỗi ca tạo namespace riêng; A/B + 7 staff; O-CAT và O-CUSTOM; hai dòng [2,3]; fake provider cho core; provider thật cần approval riêng.","Quote total100001
accept
verify50000
claim denied
verify1
claim",Deposit ceil=50001; một ledger mỗi bank; không mua từ số cọc thiếu.,"Dùng invariant của nhóm và I1–I10 trong README; đối chiếu trước/sau, không chỉ response.","Độc lập: chạy với namespace sạch; biên/multiple variants trong steps phải có result con riêng, mọi variant pass mới PASS case.","src/app/App.tsx
functions/src/index.ts
functions/src/catalog-checkout.ts
functions/src/payments/payos.ts
functions/src/shipping.ts
functions/src/consolidation.ts
functions/src/invoices.ts
functions/src/membership.ts
functions/src/crm.ts
functions/src/ai/ask-workflow.ts
functions/src/email.ts","tests/browser/ask-integration-owned049.ts
tests/browser/fixtures.ts
tests/browser/owned-commerce058.ts
tests/browser/release-api.spec.ts
tests/browser/release-catalog-fallback027.spec.ts
tests/browser/release-crm-admin-positive030.spec.ts
tests/browser/release-crm-boundaries028.spec.ts
tests/browser/release-crm-hardening.spec.ts
tests/browser/release-crm-keyboard-zoom031.spec.ts
tests/browser/release-crm-populated026.spec.ts
tests/browser/release-crm-presentation026.spec.ts
tests/browser/release-crm-records026.spec.ts
tests/browser/release-crm-recovery028.spec.ts
tests/browser/release-crm-taskflow.spec.ts
tests/browser/release-crm-ux028.spec.ts
tests/browser/release-crm.spec.ts
tests/browser/release-finance-activity-positive031.spec.ts
tests/browser/release-membership-plan-pagination034.spec.ts
tests/browser/release-package-batch-positive028.spec.ts
tests/browser/release-staff-authority026.spec.ts
tests/rules/ask-hardening.test.ts
tests/rules/ask-payment.test.ts
tests/rules/ask-workflow.test.ts
tests/rules/backend-authority-hardening.test.ts
tests/rules/biz-hardening.test.ts
tests/rules/blog-studio-advanced027.test.ts
tests/rules/catalog-checkout.test.ts
tests/rules/catalog-payments.test.ts
tests/rules/crm-authority026.test.ts
tests/rules/crm-boundaries028.test.ts
tests/rules/crm-hardening.test.ts
tests/rules/email-delivery.test.ts
tests/rules/invoices.test.ts
tests/rules/manual-delivery-estimate064.test.ts
tests/rules/membership.test.ts
tests/rules/private-read-authority026.test.ts
tests/rules/remaining-authority026.test.ts
tests/rules/server.test.ts
tests/rules/shipping-lookup028.test.ts
tests/rules/shipping-rates027.test.ts
tests/rules/staff-role-array026.test.ts
tests/unit/activity-contextual.test.ts
tests/unit/ask-business-contract026.test.ts
tests/unit/ask-read-task-plan038.test.ts
tests/unit/ask-transport.test.ts
tests/unit/ask-workflow.test.ts
tests/unit/blog-studio-advanced027.test.ts
tests/unit/bootstrap-owner075.test.mjs
tests/unit/campaign-banners076.test.ts
tests/unit/catalog-checkout.test.ts
tests/unit/consolidation.test.ts
tests/unit/content-editor-state.test.ts
tests/unit/crm-ux028-eligibility.test.ts
tests/unit/crm.test.ts
tests/unit/customers-contextual.test.ts
tests/unit/domain.test.ts
tests/unit/email-content.test.ts
tests/unit/email-delivery-security.test.ts
tests/unit/invoice-statement-view.test.ts
tests/unit/invoices.test.ts
tests/unit/manual-delivery-estimate064.test.ts
tests/unit/membership-command.test.ts
tests/unit/membership-reminder-policy.test.ts
tests/unit/membership-term.test.ts
tests/unit/payos-signature.test.ts
tests/unit/provider-release-gate067.test.ts
tests/unit/shipping-contextual.test.ts
tests/unit/shipping-question027.test.ts
tests/unit/shipping-queue028.test.ts
tests/unit/shipping-rates027.test.ts
tests/unit/shipping.test.ts",PROPOSED_TEST_ORACLE_SOURCE_REFERENCED_NOT_EXECUTED,NOT_RUN,,,,NONE,,,,
SG-INT-005,integration,INT,Quote race customer/staff,P0,"customer, OWNER, BUYER, WAREHOUSE, FINANCE, SUPPORT, CONTENT_EDITOR",EMULATOR,"Mỗi ca tạo namespace riêng; A/B + 7 staff; O-CAT và O-CUSTOM; hai dòng [2,3]; fake provider cho core; provider thật cần approval riêng.","A đọc v1
staff issue v2
A accept v1
refresh accept v2
finance verify",Không payment intent/acceptance gắn quote cũ; UI/DB cùng version.,"Dùng invariant của nhóm và I1–I10 trong README; đối chiếu trước/sau, không chỉ response.","Độc lập: chạy với namespace sạch; biên/multiple variants trong steps phải có result con riêng, mọi variant pass mới PASS case.","src/app/App.tsx
functions/src/index.ts
functions/src/catalog-checkout.ts
functions/src/payments/payos.ts
functions/src/shipping.ts
functions/src/consolidation.ts
functions/src/invoices.ts
functions/src/membership.ts
functions/src/crm.ts
functions/src/ai/ask-workflow.ts
functions/src/email.ts","tests/browser/ask-integration-owned049.ts
tests/browser/fixtures.ts
tests/browser/owned-commerce058.ts
tests/browser/release-api.spec.ts
tests/browser/release-catalog-fallback027.spec.ts
tests/browser/release-crm-admin-positive030.spec.ts
tests/browser/release-crm-boundaries028.spec.ts
tests/browser/release-crm-hardening.spec.ts
tests/browser/release-crm-keyboard-zoom031.spec.ts
tests/browser/release-crm-populated026.spec.ts
tests/browser/release-crm-presentation026.spec.ts
tests/browser/release-crm-records026.spec.ts
tests/browser/release-crm-recovery028.spec.ts
tests/browser/release-crm-taskflow.spec.ts
tests/browser/release-crm-ux028.spec.ts
tests/browser/release-crm.spec.ts
tests/browser/release-finance-activity-positive031.spec.ts
tests/browser/release-membership-plan-pagination034.spec.ts
tests/browser/release-package-batch-positive028.spec.ts
tests/browser/release-staff-authority026.spec.ts
tests/rules/ask-hardening.test.ts
tests/rules/ask-payment.test.ts
tests/rules/ask-workflow.test.ts
tests/rules/backend-authority-hardening.test.ts
tests/rules/biz-hardening.test.ts
tests/rules/blog-studio-advanced027.test.ts
tests/rules/catalog-checkout.test.ts
tests/rules/catalog-payments.test.ts
tests/rules/crm-authority026.test.ts
tests/rules/crm-boundaries028.test.ts
tests/rules/crm-hardening.test.ts
tests/rules/email-delivery.test.ts
tests/rules/invoices.test.ts
tests/rules/manual-delivery-estimate064.test.ts
tests/rules/membership.test.ts
tests/rules/private-read-authority026.test.ts
tests/rules/remaining-authority026.test.ts
tests/rules/server.test.ts
tests/rules/shipping-lookup028.test.ts
tests/rules/shipping-rates027.test.ts
tests/rules/staff-role-array026.test.ts
tests/unit/activity-contextual.test.ts
tests/unit/ask-business-contract026.test.ts
tests/unit/ask-read-task-plan038.test.ts
tests/unit/ask-transport.test.ts
tests/unit/ask-workflow.test.ts
tests/unit/blog-studio-advanced027.test.ts
tests/unit/bootstrap-owner075.test.mjs
tests/unit/campaign-banners076.test.ts
tests/unit/catalog-checkout.test.ts
tests/unit/consolidation.test.ts
tests/unit/content-editor-state.test.ts
tests/unit/crm-ux028-eligibility.test.ts
tests/unit/crm.test.ts
tests/unit/customers-contextual.test.ts
tests/unit/domain.test.ts
tests/unit/email-content.test.ts
tests/unit/email-delivery-security.test.ts
tests/unit/invoice-statement-view.test.ts
tests/unit/invoices.test.ts
tests/unit/manual-delivery-estimate064.test.ts
tests/unit/membership-command.test.ts
tests/unit/membership-reminder-policy.test.ts
tests/unit/membership-term.test.ts
tests/unit/payos-signature.test.ts
tests/unit/provider-release-gate067.test.ts
tests/unit/shipping-contextual.test.ts
tests/unit/shipping-question027.test.ts
tests/unit/shipping-queue028.test.ts
tests/unit/shipping-rates027.test.ts
tests/unit/shipping.test.ts",PROPOSED_TEST_ORACLE_SOURCE_REFERENCED_NOT_EXECUTED,NOT_RUN,,,,NONE,,,,
SG-INT-006,integration,INT,Catalog price race checkout,P0,"customer, OWNER, BUYER, WAREHOUSE, FINANCE, SUPPORT, CONTENT_EDITOR",EMULATOR,"Mỗi ca tạo namespace riêng; A/B + 7 staff; O-CAT và O-CUSTOM; hai dòng [2,3]; fake provider cho core; provider thật cần approval riêng.","A/B cùng mở v1
editor publish v2
A submit v1
B submit current",A conflict không tạo đơn giá cũ; B snapshot v2; account/CRM/docs khớp.,"Dùng invariant của nhóm và I1–I10 trong README; đối chiếu trước/sau, không chỉ response.","Độc lập: chạy với namespace sạch; biên/multiple variants trong steps phải có result con riêng, mọi variant pass mới PASS case.","src/app/App.tsx
functions/src/index.ts
functions/src/catalog-checkout.ts
functions/src/payments/payos.ts
functions/src/shipping.ts
functions/src/consolidation.ts
functions/src/invoices.ts
functions/src/membership.ts
functions/src/crm.ts
functions/src/ai/ask-workflow.ts
functions/src/email.ts","tests/browser/ask-integration-owned049.ts
tests/browser/fixtures.ts
tests/browser/owned-commerce058.ts
tests/browser/release-api.spec.ts
tests/browser/release-catalog-fallback027.spec.ts
tests/browser/release-crm-admin-positive030.spec.ts
tests/browser/release-crm-boundaries028.spec.ts
tests/browser/release-crm-hardening.spec.ts
tests/browser/release-crm-keyboard-zoom031.spec.ts
tests/browser/release-crm-populated026.spec.ts
tests/browser/release-crm-presentation026.spec.ts
tests/browser/release-crm-records026.spec.ts
tests/browser/release-crm-recovery028.spec.ts
tests/browser/release-crm-taskflow.spec.ts
tests/browser/release-crm-ux028.spec.ts
tests/browser/release-crm.spec.ts
tests/browser/release-finance-activity-positive031.spec.ts
tests/browser/release-membership-plan-pagination034.spec.ts
tests/browser/release-package-batch-positive028.spec.ts
tests/browser/release-staff-authority026.spec.ts
tests/rules/ask-hardening.test.ts
tests/rules/ask-payment.test.ts
tests/rules/ask-workflow.test.ts
tests/rules/backend-authority-hardening.test.ts
tests/rules/biz-hardening.test.ts
tests/rules/blog-studio-advanced027.test.ts
tests/rules/catalog-checkout.test.ts
tests/rules/catalog-payments.test.ts
tests/rules/crm-authority026.test.ts
tests/rules/crm-boundaries028.test.ts
tests/rules/crm-hardening.test.ts
tests/rules/email-delivery.test.ts
tests/rules/invoices.test.ts
tests/rules/manual-delivery-estimate064.test.ts
tests/rules/membership.test.ts
tests/rules/private-read-authority026.test.ts
tests/rules/remaining-authority026.test.ts
tests/rules/server.test.ts
tests/rules/shipping-lookup028.test.ts
tests/rules/shipping-rates027.test.ts
tests/rules/staff-role-array026.test.ts
tests/unit/activity-contextual.test.ts
tests/unit/ask-business-contract026.test.ts
tests/unit/ask-read-task-plan038.test.ts
tests/unit/ask-transport.test.ts
tests/unit/ask-workflow.test.ts
tests/unit/blog-studio-advanced027.test.ts
tests/unit/bootstrap-owner075.test.mjs
tests/unit/campaign-banners076.test.ts
tests/unit/catalog-checkout.test.ts
tests/unit/consolidation.test.ts
tests/unit/content-editor-state.test.ts
tests/unit/crm-ux028-eligibility.test.ts
tests/unit/crm.test.ts
tests/unit/customers-contextual.test.ts
tests/unit/domain.test.ts
tests/unit/email-content.test.ts
tests/unit/email-delivery-security.test.ts
tests/unit/invoice-statement-view.test.ts
tests/unit/invoices.test.ts
tests/unit/manual-delivery-estimate064.test.ts
tests/unit/membership-command.test.ts
tests/unit/membership-reminder-policy.test.ts
tests/unit/membership-term.test.ts
tests/unit/payos-signature.test.ts
tests/unit/provider-release-gate067.test.ts
tests/unit/shipping-contextual.test.ts
tests/unit/shipping-question027.test.ts
tests/unit/shipping-queue028.test.ts
tests/unit/shipping-rates027.test.ts
tests/unit/shipping.test.ts",PROPOSED_TEST_ORACLE_SOURCE_REFERENCED_NOT_EXECUTED,NOT_RUN,,,,NONE,,,,
SG-INT-007,integration,INT,Lost ack xuyên API/UI,P0,"customer, OWNER, BUYER, WAREHOUSE, FINANCE, SUPPORT, CONTENT_EDITOR",EMULATOR,"Mỗi ca tạo namespace riêng; A/B + 7 staff; O-CAT và O-CUSTOM; hai dòng [2,3]; fake provider cho core; provider thật cần approval riêng.","Submit/checkout commit nhưng cắt response
reload Ask/account
retry same operationId","Một order, một conversation binding; không hàng trùng trong CRM.","Dùng invariant của nhóm và I1–I10 trong README; đối chiếu trước/sau, không chỉ response.","Độc lập: chạy với namespace sạch; biên/multiple variants trong steps phải có result con riêng, mọi variant pass mới PASS case.","src/app/App.tsx
functions/src/index.ts
functions/src/catalog-checkout.ts
functions/src/payments/payos.ts
functions/src/shipping.ts
functions/src/consolidation.ts
functions/src/invoices.ts
functions/src/membership.ts
functions/src/crm.ts
functions/src/ai/ask-workflow.ts
functions/src/email.ts","tests/browser/ask-integration-owned049.ts
tests/browser/fixtures.ts
tests/browser/owned-commerce058.ts
tests/browser/release-api.spec.ts
tests/browser/release-catalog-fallback027.spec.ts
tests/browser/release-crm-admin-positive030.spec.ts
tests/browser/release-crm-boundaries028.spec.ts
tests/browser/release-crm-hardening.spec.ts
tests/browser/release-crm-keyboard-zoom031.spec.ts
tests/browser/release-crm-populated026.spec.ts
tests/browser/release-crm-presentation026.spec.ts
tests/browser/release-crm-records026.spec.ts
tests/browser/release-crm-recovery028.spec.ts
tests/browser/release-crm-taskflow.spec.ts
tests/browser/release-crm-ux028.spec.ts
tests/browser/release-crm.spec.ts
tests/browser/release-finance-activity-positive031.spec.ts
tests/browser/release-membership-plan-pagination034.spec.ts
tests/browser/release-package-batch-positive028.spec.ts
tests/browser/release-staff-authority026.spec.ts
tests/rules/ask-hardening.test.ts
tests/rules/ask-payment.test.ts
tests/rules/ask-workflow.test.ts
tests/rules/backend-authority-hardening.test.ts
tests/rules/biz-hardening.test.ts
tests/rules/blog-studio-advanced027.test.ts
tests/rules/catalog-checkout.test.ts
tests/rules/catalog-payments.test.ts
tests/rules/crm-authority026.test.ts
tests/rules/crm-boundaries028.test.ts
tests/rules/crm-hardening.test.ts
tests/rules/email-delivery.test.ts
tests/rules/invoices.test.ts
tests/rules/manual-delivery-estimate064.test.ts
tests/rules/membership.test.ts
tests/rules/private-read-authority026.test.ts
tests/rules/remaining-authority026.test.ts
tests/rules/server.test.ts
tests/rules/shipping-lookup028.test.ts
tests/rules/shipping-rates027.test.ts
tests/rules/staff-role-array026.test.ts
tests/unit/activity-contextual.test.ts
tests/unit/ask-business-contract026.test.ts
tests/unit/ask-read-task-plan038.test.ts
tests/unit/ask-transport.test.ts
tests/unit/ask-workflow.test.ts
tests/unit/blog-studio-advanced027.test.ts
tests/unit/bootstrap-owner075.test.mjs
tests/unit/campaign-banners076.test.ts
tests/unit/catalog-checkout.test.ts
tests/unit/consolidation.test.ts
tests/unit/content-editor-state.test.ts
tests/unit/crm-ux028-eligibility.test.ts
tests/unit/crm.test.ts
tests/unit/customers-contextual.test.ts
tests/unit/domain.test.ts
tests/unit/email-content.test.ts
tests/unit/email-delivery-security.test.ts
tests/unit/invoice-statement-view.test.ts
tests/unit/invoices.test.ts
tests/unit/manual-delivery-estimate064.test.ts
tests/unit/membership-command.test.ts
tests/unit/membership-reminder-policy.test.ts
tests/unit/membership-term.test.ts
tests/unit/payos-signature.test.ts
tests/unit/provider-release-gate067.test.ts
tests/unit/shipping-contextual.test.ts
tests/unit/shipping-question027.test.ts
tests/unit/shipping-queue028.test.ts
tests/unit/shipping-rates027.test.ts
tests/unit/shipping.test.ts",PROPOSED_TEST_ORACLE_SOURCE_REFERENCED_NOT_EXECUTED,NOT_RUN,,,,NONE,,,,
SG-INT-008,integration,INT,Hai finance phân bổ một bank,P0,"customer, OWNER, BUYER, WAREHOUSE, FINANCE, SUPPORT, CONTENT_EDITOR",EMULATOR,"Mỗi ca tạo namespace riêng; A/B + 7 staff; O-CAT và O-CUSTOM; hai dòng [2,3]; fake provider cho core; provider thật cần approval riêng.","Hai finance verify cùng bank vào hai orders đồng thời
mở dashboard/invoices",Chỉ một allocation; no double collected; loser có lỗi phục hồi rõ.,"Dùng invariant của nhóm và I1–I10 trong README; đối chiếu trước/sau, không chỉ response.","Độc lập: chạy với namespace sạch; biên/multiple variants trong steps phải có result con riêng, mọi variant pass mới PASS case.","src/app/App.tsx
functions/src/index.ts
functions/src/catalog-checkout.ts
functions/src/payments/payos.ts
functions/src/shipping.ts
functions/src/consolidation.ts
functions/src/invoices.ts
functions/src/membership.ts
functions/src/crm.ts
functions/src/ai/ask-workflow.ts
functions/src/email.ts","tests/browser/ask-integration-owned049.ts
tests/browser/fixtures.ts
tests/browser/owned-commerce058.ts
tests/browser/release-api.spec.ts
tests/browser/release-catalog-fallback027.spec.ts
tests/browser/release-crm-admin-positive030.spec.ts
tests/browser/release-crm-boundaries028.spec.ts
tests/browser/release-crm-hardening.spec.ts
tests/browser/release-crm-keyboard-zoom031.spec.ts
tests/browser/release-crm-populated026.spec.ts
tests/browser/release-crm-presentation026.spec.ts
tests/browser/release-crm-records026.spec.ts
tests/browser/release-crm-recovery028.spec.ts
tests/browser/release-crm-taskflow.spec.ts
tests/browser/release-crm-ux028.spec.ts
tests/browser/release-crm.spec.ts
tests/browser/release-finance-activity-positive031.spec.ts
tests/browser/release-membership-plan-pagination034.spec.ts
tests/browser/release-package-batch-positive028.spec.ts
tests/browser/release-staff-authority026.spec.ts
tests/rules/ask-hardening.test.ts
tests/rules/ask-payment.test.ts
tests/rules/ask-workflow.test.ts
tests/rules/backend-authority-hardening.test.ts
tests/rules/biz-hardening.test.ts
tests/rules/blog-studio-advanced027.test.ts
tests/rules/catalog-checkout.test.ts
tests/rules/catalog-payments.test.ts
tests/rules/crm-authority026.test.ts
tests/rules/crm-boundaries028.test.ts
tests/rules/crm-hardening.test.ts
tests/rules/email-delivery.test.ts
tests/rules/invoices.test.ts
tests/rules/manual-delivery-estimate064.test.ts
tests/rules/membership.test.ts
tests/rules/private-read-authority026.test.ts
tests/rules/remaining-authority026.test.ts
tests/rules/server.test.ts
tests/rules/shipping-lookup028.test.ts
tests/rules/shipping-rates027.test.ts
tests/rules/staff-role-array026.test.ts
tests/unit/activity-contextual.test.ts
tests/unit/ask-business-contract026.test.ts
tests/unit/ask-read-task-plan038.test.ts
tests/unit/ask-transport.test.ts
tests/unit/ask-workflow.test.ts
tests/unit/blog-studio-advanced027.test.ts
tests/unit/bootstrap-owner075.test.mjs
tests/unit/campaign-banners076.test.ts
tests/unit/catalog-checkout.test.ts
tests/unit/consolidation.test.ts
tests/unit/content-editor-state.test.ts
tests/unit/crm-ux028-eligibility.test.ts
tests/unit/crm.test.ts
tests/unit/customers-contextual.test.ts
tests/unit/domain.test.ts
tests/unit/email-content.test.ts
tests/unit/email-delivery-security.test.ts
tests/unit/invoice-statement-view.test.ts
tests/unit/invoices.test.ts
tests/unit/manual-delivery-estimate064.test.ts
tests/unit/membership-command.test.ts
tests/unit/membership-reminder-policy.test.ts
tests/unit/membership-term.test.ts
tests/unit/payos-signature.test.ts
tests/unit/provider-release-gate067.test.ts
tests/unit/shipping-contextual.test.ts
tests/unit/shipping-question027.test.ts
tests/unit/shipping-queue028.test.ts
tests/unit/shipping-rates027.test.ts
tests/unit/shipping.test.ts",PROPOSED_TEST_ORACLE_SOURCE_REFERENCED_NOT_EXECUTED,NOT_RUN,,,,NONE,,,,
SG-INT-009,integration,INT,Reconcile và webhook race,P0,"customer, OWNER, BUYER, WAREHOUSE, FINANCE, SUPPORT, CONTENT_EDITOR",EMULATOR,"Mỗi ca tạo namespace riêng; A/B + 7 staff; O-CAT và O-CUSTOM; hai dòng [2,3]; fake provider cho core; provider thật cần approval riêng.",Fake adapter verified event được apply qua webhook handler harness và reconcile cùng lúc,Receipt/ledger/order version tăng đúng một effect; provider live path vẫn gate đóng.,"Dùng invariant của nhóm và I1–I10 trong README; đối chiếu trước/sau, không chỉ response.","Độc lập: chạy với namespace sạch; biên/multiple variants trong steps phải có result con riêng, mọi variant pass mới PASS case.","src/app/App.tsx
functions/src/index.ts
functions/src/catalog-checkout.ts
functions/src/payments/payos.ts
functions/src/shipping.ts
functions/src/consolidation.ts
functions/src/invoices.ts
functions/src/membership.ts
functions/src/crm.ts
functions/src/ai/ask-workflow.ts
functions/src/email.ts","tests/browser/ask-integration-owned049.ts
tests/browser/fixtures.ts
tests/browser/owned-commerce058.ts
tests/browser/release-api.spec.ts
tests/browser/release-catalog-fallback027.spec.ts
tests/browser/release-crm-admin-positive030.spec.ts
tests/browser/release-crm-boundaries028.spec.ts
tests/browser/release-crm-hardening.spec.ts
tests/browser/release-crm-keyboard-zoom031.spec.ts
tests/browser/release-crm-populated026.spec.ts
tests/browser/release-crm-presentation026.spec.ts
tests/browser/release-crm-records026.spec.ts
tests/browser/release-crm-recovery028.spec.ts
tests/browser/release-crm-taskflow.spec.ts
tests/browser/release-crm-ux028.spec.ts
tests/browser/release-crm.spec.ts
tests/browser/release-finance-activity-positive031.spec.ts
tests/browser/release-membership-plan-pagination034.spec.ts
tests/browser/release-package-batch-positive028.spec.ts
tests/browser/release-staff-authority026.spec.ts
tests/rules/ask-hardening.test.ts
tests/rules/ask-payment.test.ts
tests/rules/ask-workflow.test.ts
tests/rules/backend-authority-hardening.test.ts
tests/rules/biz-hardening.test.ts
tests/rules/blog-studio-advanced027.test.ts
tests/rules/catalog-checkout.test.ts
tests/rules/catalog-payments.test.ts
tests/rules/crm-authority026.test.ts
tests/rules/crm-boundaries028.test.ts
tests/rules/crm-hardening.test.ts
tests/rules/email-delivery.test.ts
tests/rules/invoices.test.ts
tests/rules/manual-delivery-estimate064.test.ts
tests/rules/membership.test.ts
tests/rules/private-read-authority026.test.ts
tests/rules/remaining-authority026.test.ts
tests/rules/server.test.ts
tests/rules/shipping-lookup028.test.ts
tests/rules/shipping-rates027.test.ts
tests/rules/staff-role-array026.test.ts
tests/unit/activity-contextual.test.ts
tests/unit/ask-business-contract026.test.ts
tests/unit/ask-read-task-plan038.test.ts
tests/unit/ask-transport.test.ts
tests/unit/ask-workflow.test.ts
tests/unit/blog-studio-advanced027.test.ts
tests/unit/bootstrap-owner075.test.mjs
tests/unit/campaign-banners076.test.ts
tests/unit/catalog-checkout.test.ts
tests/unit/consolidation.test.ts
tests/unit/content-editor-state.test.ts
tests/unit/crm-ux028-eligibility.test.ts
tests/unit/crm.test.ts
tests/unit/customers-contextual.test.ts
tests/unit/domain.test.ts
tests/unit/email-content.test.ts
tests/unit/email-delivery-security.test.ts
tests/unit/invoice-statement-view.test.ts
tests/unit/invoices.test.ts
tests/unit/manual-delivery-estimate064.test.ts
tests/unit/membership-command.test.ts
tests/unit/membership-reminder-policy.test.ts
tests/unit/membership-term.test.ts
tests/unit/payos-signature.test.ts
tests/unit/provider-release-gate067.test.ts
tests/unit/shipping-contextual.test.ts
tests/unit/shipping-question027.test.ts
tests/unit/shipping-queue028.test.ts
tests/unit/shipping-rates027.test.ts
tests/unit/shipping.test.ts",PROPOSED_TEST_ORACLE_SOURCE_REFERENCED_NOT_EXECUTED,NOT_RUN,,,,NONE,,,,
SG-INT-010,integration,INT,Refund reservation trước dispatch,P0,"customer, OWNER, BUYER, WAREHOUSE, FINANCE, SUPPORT, CONTENT_EDITOR",EMULATOR,"Mỗi ca tạo namespace riêng; A/B + 7 staff; O-CAT và O-CUSTOM; hai dòng [2,3]; fake provider cho core; provider thật cần approval riêng.","Order ready
finance request refund
warehouse dispatch cùng thời điểm",Transaction quyết định an toàn; không dispatch bằng tiền đã reserve; cả UI/DB state đúng.,"Dùng invariant của nhóm và I1–I10 trong README; đối chiếu trước/sau, không chỉ response.","Độc lập: chạy với namespace sạch; biên/multiple variants trong steps phải có result con riêng, mọi variant pass mới PASS case.","src/app/App.tsx
functions/src/index.ts
functions/src/catalog-checkout.ts
functions/src/payments/payos.ts
functions/src/shipping.ts
functions/src/consolidation.ts
functions/src/invoices.ts
functions/src/membership.ts
functions/src/crm.ts
functions/src/ai/ask-workflow.ts
functions/src/email.ts","tests/browser/ask-integration-owned049.ts
tests/browser/fixtures.ts
tests/browser/owned-commerce058.ts
tests/browser/release-api.spec.ts
tests/browser/release-catalog-fallback027.spec.ts
tests/browser/release-crm-admin-positive030.spec.ts
tests/browser/release-crm-boundaries028.spec.ts
tests/browser/release-crm-hardening.spec.ts
tests/browser/release-crm-keyboard-zoom031.spec.ts
tests/browser/release-crm-populated026.spec.ts
tests/browser/release-crm-presentation026.spec.ts
tests/browser/release-crm-records026.spec.ts
tests/browser/release-crm-recovery028.spec.ts
tests/browser/release-crm-taskflow.spec.ts
tests/browser/release-crm-ux028.spec.ts
tests/browser/release-crm.spec.ts
tests/browser/release-finance-activity-positive031.spec.ts
tests/browser/release-membership-plan-pagination034.spec.ts
tests/browser/release-package-batch-positive028.spec.ts
tests/browser/release-staff-authority026.spec.ts
tests/rules/ask-hardening.test.ts
tests/rules/ask-payment.test.ts
tests/rules/ask-workflow.test.ts
tests/rules/backend-authority-hardening.test.ts
tests/rules/biz-hardening.test.ts
tests/rules/blog-studio-advanced027.test.ts
tests/rules/catalog-checkout.test.ts
tests/rules/catalog-payments.test.ts
tests/rules/crm-authority026.test.ts
tests/rules/crm-boundaries028.test.ts
tests/rules/crm-hardening.test.ts
tests/rules/email-delivery.test.ts
tests/rules/invoices.test.ts
tests/rules/manual-delivery-estimate064.test.ts
tests/rules/membership.test.ts
tests/rules/private-read-authority026.test.ts
tests/rules/remaining-authority026.test.ts
tests/rules/server.test.ts
tests/rules/shipping-lookup028.test.ts
tests/rules/shipping-rates027.test.ts
tests/rules/staff-role-array026.test.ts
tests/unit/activity-contextual.test.ts
tests/unit/ask-business-contract026.test.ts
tests/unit/ask-read-task-plan038.test.ts
tests/unit/ask-transport.test.ts
tests/unit/ask-workflow.test.ts
tests/unit/blog-studio-advanced027.test.ts
tests/unit/bootstrap-owner075.test.mjs
tests/unit/campaign-banners076.test.ts
tests/unit/catalog-checkout.test.ts
tests/unit/consolidation.test.ts
tests/unit/content-editor-state.test.ts
tests/unit/crm-ux028-eligibility.test.ts
tests/unit/crm.test.ts
tests/unit/customers-contextual.test.ts
tests/unit/domain.test.ts
tests/unit/email-content.test.ts
tests/unit/email-delivery-security.test.ts
tests/unit/invoice-statement-view.test.ts
tests/unit/invoices.test.ts
tests/unit/manual-delivery-estimate064.test.ts
tests/unit/membership-command.test.ts
tests/unit/membership-reminder-policy.test.ts
tests/unit/membership-term.test.ts
tests/unit/payos-signature.test.ts
tests/unit/provider-release-gate067.test.ts
tests/unit/shipping-contextual.test.ts
tests/unit/shipping-question027.test.ts
tests/unit/shipping-queue028.test.ts
tests/unit/shipping-rates027.test.ts
tests/unit/shipping.test.ts",PROPOSED_TEST_ORACLE_SOURCE_REFERENCED_NOT_EXECUTED,NOT_RUN,,,,NONE,,,,
SG-INT-011,integration,INT,Refund confirm vs cancel,P0,"customer, OWNER, BUYER, WAREHOUSE, FINANCE, SUPPORT, CONTENT_EDITOR",EMULATOR,"Mỗi ca tạo namespace riêng; A/B + 7 staff; O-CAT và O-CUSTOM; hai dòng [2,3]; fake provider cho core; provider thật cần approval riêng.","Pending refund
finance confirm và cancel concurrent
đọc bank,refund,reserved",Một terminal outcome; refunded/reserved không âm hoặc double release.,"Dùng invariant của nhóm và I1–I10 trong README; đối chiếu trước/sau, không chỉ response.","Độc lập: chạy với namespace sạch; biên/multiple variants trong steps phải có result con riêng, mọi variant pass mới PASS case.","src/app/App.tsx
functions/src/index.ts
functions/src/catalog-checkout.ts
functions/src/payments/payos.ts
functions/src/shipping.ts
functions/src/consolidation.ts
functions/src/invoices.ts
functions/src/membership.ts
functions/src/crm.ts
functions/src/ai/ask-workflow.ts
functions/src/email.ts","tests/browser/ask-integration-owned049.ts
tests/browser/fixtures.ts
tests/browser/owned-commerce058.ts
tests/browser/release-api.spec.ts
tests/browser/release-catalog-fallback027.spec.ts
tests/browser/release-crm-admin-positive030.spec.ts
tests/browser/release-crm-boundaries028.spec.ts
tests/browser/release-crm-hardening.spec.ts
tests/browser/release-crm-keyboard-zoom031.spec.ts
tests/browser/release-crm-populated026.spec.ts
tests/browser/release-crm-presentation026.spec.ts
tests/browser/release-crm-records026.spec.ts
tests/browser/release-crm-recovery028.spec.ts
tests/browser/release-crm-taskflow.spec.ts
tests/browser/release-crm-ux028.spec.ts
tests/browser/release-crm.spec.ts
tests/browser/release-finance-activity-positive031.spec.ts
tests/browser/release-membership-plan-pagination034.spec.ts
tests/browser/release-package-batch-positive028.spec.ts
tests/browser/release-staff-authority026.spec.ts
tests/rules/ask-hardening.test.ts
tests/rules/ask-payment.test.ts
tests/rules/ask-workflow.test.ts
tests/rules/backend-authority-hardening.test.ts
tests/rules/biz-hardening.test.ts
tests/rules/blog-studio-advanced027.test.ts
tests/rules/catalog-checkout.test.ts
tests/rules/catalog-payments.test.ts
tests/rules/crm-authority026.test.ts
tests/rules/crm-boundaries028.test.ts
tests/rules/crm-hardening.test.ts
tests/rules/email-delivery.test.ts
tests/rules/invoices.test.ts
tests/rules/manual-delivery-estimate064.test.ts
tests/rules/membership.test.ts
tests/rules/private-read-authority026.test.ts
tests/rules/remaining-authority026.test.ts
tests/rules/server.test.ts
tests/rules/shipping-lookup028.test.ts
tests/rules/shipping-rates027.test.ts
tests/rules/staff-role-array026.test.ts
tests/unit/activity-contextual.test.ts
tests/unit/ask-business-contract026.test.ts
tests/unit/ask-read-task-plan038.test.ts
tests/unit/ask-transport.test.ts
tests/unit/ask-workflow.test.ts
tests/unit/blog-studio-advanced027.test.ts
tests/unit/bootstrap-owner075.test.mjs
tests/unit/campaign-banners076.test.ts
tests/unit/catalog-checkout.test.ts
tests/unit/consolidation.test.ts
tests/unit/content-editor-state.test.ts
tests/unit/crm-ux028-eligibility.test.ts
tests/unit/crm.test.ts
tests/unit/customers-contextual.test.ts
tests/unit/domain.test.ts
tests/unit/email-content.test.ts
tests/unit/email-delivery-security.test.ts
tests/unit/invoice-statement-view.test.ts
tests/unit/invoices.test.ts
tests/unit/manual-delivery-estimate064.test.ts
tests/unit/membership-command.test.ts
tests/unit/membership-reminder-policy.test.ts
tests/unit/membership-term.test.ts
tests/unit/payos-signature.test.ts
tests/unit/provider-release-gate067.test.ts
tests/unit/shipping-contextual.test.ts
tests/unit/shipping-question027.test.ts
tests/unit/shipping-queue028.test.ts
tests/unit/shipping-rates027.test.ts
tests/unit/shipping.test.ts",PROPOSED_TEST_ORACLE_SOURCE_REFERENCED_NOT_EXECUTED,NOT_RUN,,,,NONE,,,,
SG-INT-012,integration,INT,Refund sau ready giảm tiền,P0,"customer, OWNER, BUYER, WAREHOUSE, FINANCE, SUPPORT, CONTENT_EDITOR",EMULATOR,"Mỗi ca tạo namespace riêng; A/B + 7 staff; O-CAT và O-CUSTOM; hai dòng [2,3]; fake provider cho core; provider thật cần approval riêng.","Đủ tiền và ready
confirm refund
reload account/finance
dispatch denied","Trạng thái displayed đúng net funds, không chỉ stage cached.","Dùng invariant của nhóm và I1–I10 trong README; đối chiếu trước/sau, không chỉ response.","Độc lập: chạy với namespace sạch; biên/multiple variants trong steps phải có result con riêng, mọi variant pass mới PASS case.","src/app/App.tsx
functions/src/index.ts
functions/src/catalog-checkout.ts
functions/src/payments/payos.ts
functions/src/shipping.ts
functions/src/consolidation.ts
functions/src/invoices.ts
functions/src/membership.ts
functions/src/crm.ts
functions/src/ai/ask-workflow.ts
functions/src/email.ts","tests/browser/ask-integration-owned049.ts
tests/browser/fixtures.ts
tests/browser/owned-commerce058.ts
tests/browser/release-api.spec.ts
tests/browser/release-catalog-fallback027.spec.ts
tests/browser/release-crm-admin-positive030.spec.ts
tests/browser/release-crm-boundaries028.spec.ts
tests/browser/release-crm-hardening.spec.ts
tests/browser/release-crm-keyboard-zoom031.spec.ts
tests/browser/release-crm-populated026.spec.ts
tests/browser/release-crm-presentation026.spec.ts
tests/browser/release-crm-records026.spec.ts
tests/browser/release-crm-recovery028.spec.ts
tests/browser/release-crm-taskflow.spec.ts
tests/browser/release-crm-ux028.spec.ts
tests/browser/release-crm.spec.ts
tests/browser/release-finance-activity-positive031.spec.ts
tests/browser/release-membership-plan-pagination034.spec.ts
tests/browser/release-package-batch-positive028.spec.ts
tests/browser/release-staff-authority026.spec.ts
tests/rules/ask-hardening.test.ts
tests/rules/ask-payment.test.ts
tests/rules/ask-workflow.test.ts
tests/rules/backend-authority-hardening.test.ts
tests/rules/biz-hardening.test.ts
tests/rules/blog-studio-advanced027.test.ts
tests/rules/catalog-checkout.test.ts
tests/rules/catalog-payments.test.ts
tests/rules/crm-authority026.test.ts
tests/rules/crm-boundaries028.test.ts
tests/rules/crm-hardening.test.ts
tests/rules/email-delivery.test.ts
tests/rules/invoices.test.ts
tests/rules/manual-delivery-estimate064.test.ts
tests/rules/membership.test.ts
tests/rules/private-read-authority026.test.ts
tests/rules/remaining-authority026.test.ts
tests/rules/server.test.ts
tests/rules/shipping-lookup028.test.ts
tests/rules/shipping-rates027.test.ts
tests/rules/staff-role-array026.test.ts
tests/unit/activity-contextual.test.ts
tests/unit/ask-business-contract026.test.ts
tests/unit/ask-read-task-plan038.test.ts
tests/unit/ask-transport.test.ts
tests/unit/ask-workflow.test.ts
tests/unit/blog-studio-advanced027.test.ts
tests/unit/bootstrap-owner075.test.mjs
tests/unit/campaign-banners076.test.ts
tests/unit/catalog-checkout.test.ts
tests/unit/consolidation.test.ts
tests/unit/content-editor-state.test.ts
tests/unit/crm-ux028-eligibility.test.ts
tests/unit/crm.test.ts
tests/unit/customers-contextual.test.ts
tests/unit/domain.test.ts
tests/unit/email-content.test.ts
tests/unit/email-delivery-security.test.ts
tests/unit/invoice-statement-view.test.ts
tests/unit/invoices.test.ts
tests/unit/manual-delivery-estimate064.test.ts
tests/unit/membership-command.test.ts
tests/unit/membership-reminder-policy.test.ts
tests/unit/membership-term.test.ts
tests/unit/payos-signature.test.ts
tests/unit/provider-release-gate067.test.ts
tests/unit/shipping-contextual.test.ts
tests/unit/shipping-question027.test.ts
tests/unit/shipping-queue028.test.ts
tests/unit/shipping-rates027.test.ts
tests/unit/shipping.test.ts",PROPOSED_TEST_ORACLE_SOURCE_REFERENCED_NOT_EXECUTED,NOT_RUN,,,,NONE,,,,
SG-INT-013,integration,INT,Partial procurement nhiều line,P0,"customer, OWNER, BUYER, WAREHOUSE, FINANCE, SUPPORT, CONTENT_EDITOR",EMULATOR,"Mỗi ca tạo namespace riêng; A/B + 7 staff; O-CAT và O-CUSTOM; hai dòng [2,3]; fake provider cho core; provider thật cần approval riêng.","Mua line0=2,line1=1
receive đúng
thử pack đủ5
mua và receive line1 còn2","Chặn pack sớm; cuối cùng mỗi line quantity đúng, không dùng aggregate để che lỗi.","Dùng invariant của nhóm và I1–I10 trong README; đối chiếu trước/sau, không chỉ response.","Độc lập: chạy với namespace sạch; biên/multiple variants trong steps phải có result con riêng, mọi variant pass mới PASS case.","src/app/App.tsx
functions/src/index.ts
functions/src/catalog-checkout.ts
functions/src/payments/payos.ts
functions/src/shipping.ts
functions/src/consolidation.ts
functions/src/invoices.ts
functions/src/membership.ts
functions/src/crm.ts
functions/src/ai/ask-workflow.ts
functions/src/email.ts","tests/browser/ask-integration-owned049.ts
tests/browser/fixtures.ts
tests/browser/owned-commerce058.ts
tests/browser/release-api.spec.ts
tests/browser/release-catalog-fallback027.spec.ts
tests/browser/release-crm-admin-positive030.spec.ts
tests/browser/release-crm-boundaries028.spec.ts
tests/browser/release-crm-hardening.spec.ts
tests/browser/release-crm-keyboard-zoom031.spec.ts
tests/browser/release-crm-populated026.spec.ts
tests/browser/release-crm-presentation026.spec.ts
tests/browser/release-crm-records026.spec.ts
tests/browser/release-crm-recovery028.spec.ts
tests/browser/release-crm-taskflow.spec.ts
tests/browser/release-crm-ux028.spec.ts
tests/browser/release-crm.spec.ts
tests/browser/release-finance-activity-positive031.spec.ts
tests/browser/release-membership-plan-pagination034.spec.ts
tests/browser/release-package-batch-positive028.spec.ts
tests/browser/release-staff-authority026.spec.ts
tests/rules/ask-hardening.test.ts
tests/rules/ask-payment.test.ts
tests/rules/ask-workflow.test.ts
tests/rules/backend-authority-hardening.test.ts
tests/rules/biz-hardening.test.ts
tests/rules/blog-studio-advanced027.test.ts
tests/rules/catalog-checkout.test.ts
tests/rules/catalog-payments.test.ts
tests/rules/crm-authority026.test.ts
tests/rules/crm-boundaries028.test.ts
tests/rules/crm-hardening.test.ts
tests/rules/email-delivery.test.ts
tests/rules/invoices.test.ts
tests/rules/manual-delivery-estimate064.test.ts
tests/rules/membership.test.ts
tests/rules/private-read-authority026.test.ts
tests/rules/remaining-authority026.test.ts
tests/rules/server.test.ts
tests/rules/shipping-lookup028.test.ts
tests/rules/shipping-rates027.test.ts
tests/rules/staff-role-array026.test.ts
tests/unit/activity-contextual.test.ts
tests/unit/ask-business-contract026.test.ts
tests/unit/ask-read-task-plan038.test.ts
tests/unit/ask-transport.test.ts
tests/unit/ask-workflow.test.ts
tests/unit/blog-studio-advanced027.test.ts
tests/unit/bootstrap-owner075.test.mjs
tests/unit/campaign-banners076.test.ts
tests/unit/catalog-checkout.test.ts
tests/unit/consolidation.test.ts
tests/unit/content-editor-state.test.ts
tests/unit/crm-ux028-eligibility.test.ts
tests/unit/crm.test.ts
tests/unit/customers-contextual.test.ts
tests/unit/domain.test.ts
tests/unit/email-content.test.ts
tests/unit/email-delivery-security.test.ts
tests/unit/invoice-statement-view.test.ts
tests/unit/invoices.test.ts
tests/unit/manual-delivery-estimate064.test.ts
tests/unit/membership-command.test.ts
tests/unit/membership-reminder-policy.test.ts
tests/unit/membership-term.test.ts
tests/unit/payos-signature.test.ts
tests/unit/provider-release-gate067.test.ts
tests/unit/shipping-contextual.test.ts
tests/unit/shipping-question027.test.ts
tests/unit/shipping-queue028.test.ts
tests/unit/shipping-rates027.test.ts
tests/unit/shipping.test.ts",PROPOSED_TEST_ORACLE_SOURCE_REFERENCED_NOT_EXECUTED,NOT_RUN,,,,NONE,,,,
SG-INT-014,integration,INT,Wrong-line nhận hàng,P0,"customer, OWNER, BUYER, WAREHOUSE, FINANCE, SUPPORT, CONTENT_EDITOR",EMULATOR,"Mỗi ca tạo namespace riêng; A/B + 7 staff; O-CAT và O-CUSTOM; hai dòng [2,3]; fake provider cho core; provider thật cần approval riêng.","Mua line0=2,line1=1
receive total3 nhưng phân bổ line0=1,line1=2","Reject atomic; account timeline, CRM quantity và evidence không thay thành công giả.","Dùng invariant của nhóm và I1–I10 trong README; đối chiếu trước/sau, không chỉ response.","Độc lập: chạy với namespace sạch; biên/multiple variants trong steps phải có result con riêng, mọi variant pass mới PASS case.","src/app/App.tsx
functions/src/index.ts
functions/src/catalog-checkout.ts
functions/src/payments/payos.ts
functions/src/shipping.ts
functions/src/consolidation.ts
functions/src/invoices.ts
functions/src/membership.ts
functions/src/crm.ts
functions/src/ai/ask-workflow.ts
functions/src/email.ts","tests/browser/ask-integration-owned049.ts
tests/browser/fixtures.ts
tests/browser/owned-commerce058.ts
tests/browser/release-api.spec.ts
tests/browser/release-catalog-fallback027.spec.ts
tests/browser/release-crm-admin-positive030.spec.ts
tests/browser/release-crm-boundaries028.spec.ts
tests/browser/release-crm-hardening.spec.ts
tests/browser/release-crm-keyboard-zoom031.spec.ts
tests/browser/release-crm-populated026.spec.ts
tests/browser/release-crm-presentation026.spec.ts
tests/browser/release-crm-records026.spec.ts
tests/browser/release-crm-recovery028.spec.ts
tests/browser/release-crm-taskflow.spec.ts
tests/browser/release-crm-ux028.spec.ts
tests/browser/release-crm.spec.ts
tests/browser/release-finance-activity-positive031.spec.ts
tests/browser/release-membership-plan-pagination034.spec.ts
tests/browser/release-package-batch-positive028.spec.ts
tests/browser/release-staff-authority026.spec.ts
tests/rules/ask-hardening.test.ts
tests/rules/ask-payment.test.ts
tests/rules/ask-workflow.test.ts
tests/rules/backend-authority-hardening.test.ts
tests/rules/biz-hardening.test.ts
tests/rules/blog-studio-advanced027.test.ts
tests/rules/catalog-checkout.test.ts
tests/rules/catalog-payments.test.ts
tests/rules/crm-authority026.test.ts
tests/rules/crm-boundaries028.test.ts
tests/rules/crm-hardening.test.ts
tests/rules/email-delivery.test.ts
tests/rules/invoices.test.ts
tests/rules/manual-delivery-estimate064.test.ts
tests/rules/membership.test.ts
tests/rules/private-read-authority026.test.ts
tests/rules/remaining-authority026.test.ts
tests/rules/server.test.ts
tests/rules/shipping-lookup028.test.ts
tests/rules/shipping-rates027.test.ts
tests/rules/staff-role-array026.test.ts
tests/unit/activity-contextual.test.ts
tests/unit/ask-business-contract026.test.ts
tests/unit/ask-read-task-plan038.test.ts
tests/unit/ask-transport.test.ts
tests/unit/ask-workflow.test.ts
tests/unit/blog-studio-advanced027.test.ts
tests/unit/bootstrap-owner075.test.mjs
tests/unit/campaign-banners076.test.ts
tests/unit/catalog-checkout.test.ts
tests/unit/consolidation.test.ts
tests/unit/content-editor-state.test.ts
tests/unit/crm-ux028-eligibility.test.ts
tests/unit/crm.test.ts
tests/unit/customers-contextual.test.ts
tests/unit/domain.test.ts
tests/unit/email-content.test.ts
tests/unit/email-delivery-security.test.ts
tests/unit/invoice-statement-view.test.ts
tests/unit/invoices.test.ts
tests/unit/manual-delivery-estimate064.test.ts
tests/unit/membership-command.test.ts
tests/unit/membership-reminder-policy.test.ts
tests/unit/membership-term.test.ts
tests/unit/payos-signature.test.ts
tests/unit/provider-release-gate067.test.ts
tests/unit/shipping-contextual.test.ts
tests/unit/shipping-question027.test.ts
tests/unit/shipping-queue028.test.ts
tests/unit/shipping-rates027.test.ts
tests/unit/shipping.test.ts",PROPOSED_TEST_ORACLE_SOURCE_REFERENCED_NOT_EXECUTED,NOT_RUN,,,,NONE,,,,
SG-INT-015,integration,INT,Substitution dòng đã mua,P0,"customer, OWNER, BUYER, WAREHOUSE, FINANCE, SUPPORT, CONTENT_EDITOR",EMULATOR,"Mỗi ca tạo namespace riêng; A/B + 7 staff; O-CAT và O-CUSTOM; hai dòng [2,3]; fake provider cho core; provider thật cần approval riêng.","Order có bought line0
propose đổi cả line0 và line1
kiểm tra rollback",Proposal/financial/history không mutate; báo rõ cần xử lý hàng đã mua riêng.,"Dùng invariant của nhóm và I1–I10 trong README; đối chiếu trước/sau, không chỉ response.","Độc lập: chạy với namespace sạch; biên/multiple variants trong steps phải có result con riêng, mọi variant pass mới PASS case.","src/app/App.tsx
functions/src/index.ts
functions/src/catalog-checkout.ts
functions/src/payments/payos.ts
functions/src/shipping.ts
functions/src/consolidation.ts
functions/src/invoices.ts
functions/src/membership.ts
functions/src/crm.ts
functions/src/ai/ask-workflow.ts
functions/src/email.ts","tests/browser/ask-integration-owned049.ts
tests/browser/fixtures.ts
tests/browser/owned-commerce058.ts
tests/browser/release-api.spec.ts
tests/browser/release-catalog-fallback027.spec.ts
tests/browser/release-crm-admin-positive030.spec.ts
tests/browser/release-crm-boundaries028.spec.ts
tests/browser/release-crm-hardening.spec.ts
tests/browser/release-crm-keyboard-zoom031.spec.ts
tests/browser/release-crm-populated026.spec.ts
tests/browser/release-crm-presentation026.spec.ts
tests/browser/release-crm-records026.spec.ts
tests/browser/release-crm-recovery028.spec.ts
tests/browser/release-crm-taskflow.spec.ts
tests/browser/release-crm-ux028.spec.ts
tests/browser/release-crm.spec.ts
tests/browser/release-finance-activity-positive031.spec.ts
tests/browser/release-membership-plan-pagination034.spec.ts
tests/browser/release-package-batch-positive028.spec.ts
tests/browser/release-staff-authority026.spec.ts
tests/rules/ask-hardening.test.ts
tests/rules/ask-payment.test.ts
tests/rules/ask-workflow.test.ts
tests/rules/backend-authority-hardening.test.ts
tests/rules/biz-hardening.test.ts
tests/rules/blog-studio-advanced027.test.ts
tests/rules/catalog-checkout.test.ts
tests/rules/catalog-payments.test.ts
tests/rules/crm-authority026.test.ts
tests/rules/crm-boundaries028.test.ts
tests/rules/crm-hardening.test.ts
tests/rules/email-delivery.test.ts
tests/rules/invoices.test.ts
tests/rules/manual-delivery-estimate064.test.ts
tests/rules/membership.test.ts
tests/rules/private-read-authority026.test.ts
tests/rules/remaining-authority026.test.ts
tests/rules/server.test.ts
tests/rules/shipping-lookup028.test.ts
tests/rules/shipping-rates027.test.ts
tests/rules/staff-role-array026.test.ts
tests/unit/activity-contextual.test.ts
tests/unit/ask-business-contract026.test.ts
tests/unit/ask-read-task-plan038.test.ts
tests/unit/ask-transport.test.ts
tests/unit/ask-workflow.test.ts
tests/unit/blog-studio-advanced027.test.ts
tests/unit/bootstrap-owner075.test.mjs
tests/unit/campaign-banners076.test.ts
tests/unit/catalog-checkout.test.ts
tests/unit/consolidation.test.ts
tests/unit/content-editor-state.test.ts
tests/unit/crm-ux028-eligibility.test.ts
tests/unit/crm.test.ts
tests/unit/customers-contextual.test.ts
tests/unit/domain.test.ts
tests/unit/email-content.test.ts
tests/unit/email-delivery-security.test.ts
tests/unit/invoice-statement-view.test.ts
tests/unit/invoices.test.ts
tests/unit/manual-delivery-estimate064.test.ts
tests/unit/membership-command.test.ts
tests/unit/membership-reminder-policy.test.ts
tests/unit/membership-term.test.ts
tests/unit/payos-signature.test.ts
tests/unit/provider-release-gate067.test.ts
tests/unit/shipping-contextual.test.ts
tests/unit/shipping-question027.test.ts
tests/unit/shipping-queue028.test.ts
tests/unit/shipping-rates027.test.ts
tests/unit/shipping.test.ts",PROPOSED_TEST_ORACLE_SOURCE_REFERENCED_NOT_EXECUTED,NOT_RUN,,,,NONE,,,,
SG-INT-016,integration,INT,Substitution hợp lệ có consent,P0,"customer, OWNER, BUYER, WAREHOUSE, FINANCE, SUPPORT, CONTENT_EDITOR",EMULATOR,"Mỗi ca tạo namespace riêng; A/B + 7 staff; O-CAT và O-CUSTOM; hai dòng [2,3]; fake provider cho core; provider thật cần approval riêng.","Propose line1 chưa mua
A accept
staff apply
mua line1 mới
issue document",Đúng variant đã đồng ý; purchased line0 nguyên vẹn; document snapshot đúng.,"Dùng invariant của nhóm và I1–I10 trong README; đối chiếu trước/sau, không chỉ response.","Độc lập: chạy với namespace sạch; biên/multiple variants trong steps phải có result con riêng, mọi variant pass mới PASS case.","src/app/App.tsx
functions/src/index.ts
functions/src/catalog-checkout.ts
functions/src/payments/payos.ts
functions/src/shipping.ts
functions/src/consolidation.ts
functions/src/invoices.ts
functions/src/membership.ts
functions/src/crm.ts
functions/src/ai/ask-workflow.ts
functions/src/email.ts","tests/browser/ask-integration-owned049.ts
tests/browser/fixtures.ts
tests/browser/owned-commerce058.ts
tests/browser/release-api.spec.ts
tests/browser/release-catalog-fallback027.spec.ts
tests/browser/release-crm-admin-positive030.spec.ts
tests/browser/release-crm-boundaries028.spec.ts
tests/browser/release-crm-hardening.spec.ts
tests/browser/release-crm-keyboard-zoom031.spec.ts
tests/browser/release-crm-populated026.spec.ts
tests/browser/release-crm-presentation026.spec.ts
tests/browser/release-crm-records026.spec.ts
tests/browser/release-crm-recovery028.spec.ts
tests/browser/release-crm-taskflow.spec.ts
tests/browser/release-crm-ux028.spec.ts
tests/browser/release-crm.spec.ts
tests/browser/release-finance-activity-positive031.spec.ts
tests/browser/release-membership-plan-pagination034.spec.ts
tests/browser/release-package-batch-positive028.spec.ts
tests/browser/release-staff-authority026.spec.ts
tests/rules/ask-hardening.test.ts
tests/rules/ask-payment.test.ts
tests/rules/ask-workflow.test.ts
tests/rules/backend-authority-hardening.test.ts
tests/rules/biz-hardening.test.ts
tests/rules/blog-studio-advanced027.test.ts
tests/rules/catalog-checkout.test.ts
tests/rules/catalog-payments.test.ts
tests/rules/crm-authority026.test.ts
tests/rules/crm-boundaries028.test.ts
tests/rules/crm-hardening.test.ts
tests/rules/email-delivery.test.ts
tests/rules/invoices.test.ts
tests/rules/manual-delivery-estimate064.test.ts
tests/rules/membership.test.ts
tests/rules/private-read-authority026.test.ts
tests/rules/remaining-authority026.test.ts
tests/rules/server.test.ts
tests/rules/shipping-lookup028.test.ts
tests/rules/shipping-rates027.test.ts
tests/rules/staff-role-array026.test.ts
tests/unit/activity-contextual.test.ts
tests/unit/ask-business-contract026.test.ts
tests/unit/ask-read-task-plan038.test.ts
tests/unit/ask-transport.test.ts
tests/unit/ask-workflow.test.ts
tests/unit/blog-studio-advanced027.test.ts
tests/unit/bootstrap-owner075.test.mjs
tests/unit/campaign-banners076.test.ts
tests/unit/catalog-checkout.test.ts
tests/unit/consolidation.test.ts
tests/unit/content-editor-state.test.ts
tests/unit/crm-ux028-eligibility.test.ts
tests/unit/crm.test.ts
tests/unit/customers-contextual.test.ts
tests/unit/domain.test.ts
tests/unit/email-content.test.ts
tests/unit/email-delivery-security.test.ts
tests/unit/invoice-statement-view.test.ts
tests/unit/invoices.test.ts
tests/unit/manual-delivery-estimate064.test.ts
tests/unit/membership-command.test.ts
tests/unit/membership-reminder-policy.test.ts
tests/unit/membership-term.test.ts
tests/unit/payos-signature.test.ts
tests/unit/provider-release-gate067.test.ts
tests/unit/shipping-contextual.test.ts
tests/unit/shipping-question027.test.ts
tests/unit/shipping-queue028.test.ts
tests/unit/shipping-rates027.test.ts
tests/unit/shipping.test.ts",PROPOSED_TEST_ORACLE_SOURCE_REFERENCED_NOT_EXECUTED,NOT_RUN,,,,NONE,,,,
SG-INT-017,integration,INT,Partial cancellation + refund,P0,"customer, OWNER, BUYER, WAREHOUSE, FINANCE, SUPPORT, CONTENT_EDITOR",EMULATOR,"Mỗi ca tạo namespace riêng; A/B + 7 staff; O-CAT và O-CUSTOM; hai dòng [2,3]; fake provider cho core; provider thật cần approval riêng.","Hủy lượng chưa mua qua propose/accept/apply
reserve rồi confirm phần refundable",Không xóa chi phí thực đã mua; refundable/net balances đúng; document/history phản ánh.,"Dùng invariant của nhóm và I1–I10 trong README; đối chiếu trước/sau, không chỉ response.","Độc lập: chạy với namespace sạch; biên/multiple variants trong steps phải có result con riêng, mọi variant pass mới PASS case.","src/app/App.tsx
functions/src/index.ts
functions/src/catalog-checkout.ts
functions/src/payments/payos.ts
functions/src/shipping.ts
functions/src/consolidation.ts
functions/src/invoices.ts
functions/src/membership.ts
functions/src/crm.ts
functions/src/ai/ask-workflow.ts
functions/src/email.ts","tests/browser/ask-integration-owned049.ts
tests/browser/fixtures.ts
tests/browser/owned-commerce058.ts
tests/browser/release-api.spec.ts
tests/browser/release-catalog-fallback027.spec.ts
tests/browser/release-crm-admin-positive030.spec.ts
tests/browser/release-crm-boundaries028.spec.ts
tests/browser/release-crm-hardening.spec.ts
tests/browser/release-crm-keyboard-zoom031.spec.ts
tests/browser/release-crm-populated026.spec.ts
tests/browser/release-crm-presentation026.spec.ts
tests/browser/release-crm-records026.spec.ts
tests/browser/release-crm-recovery028.spec.ts
tests/browser/release-crm-taskflow.spec.ts
tests/browser/release-crm-ux028.spec.ts
tests/browser/release-crm.spec.ts
tests/browser/release-finance-activity-positive031.spec.ts
tests/browser/release-membership-plan-pagination034.spec.ts
tests/browser/release-package-batch-positive028.spec.ts
tests/browser/release-staff-authority026.spec.ts
tests/rules/ask-hardening.test.ts
tests/rules/ask-payment.test.ts
tests/rules/ask-workflow.test.ts
tests/rules/backend-authority-hardening.test.ts
tests/rules/biz-hardening.test.ts
tests/rules/blog-studio-advanced027.test.ts
tests/rules/catalog-checkout.test.ts
tests/rules/catalog-payments.test.ts
tests/rules/crm-authority026.test.ts
tests/rules/crm-boundaries028.test.ts
tests/rules/crm-hardening.test.ts
tests/rules/email-delivery.test.ts
tests/rules/invoices.test.ts
tests/rules/manual-delivery-estimate064.test.ts
tests/rules/membership.test.ts
tests/rules/private-read-authority026.test.ts
tests/rules/remaining-authority026.test.ts
tests/rules/server.test.ts
tests/rules/shipping-lookup028.test.ts
tests/rules/shipping-rates027.test.ts
tests/rules/staff-role-array026.test.ts
tests/unit/activity-contextual.test.ts
tests/unit/ask-business-contract026.test.ts
tests/unit/ask-read-task-plan038.test.ts
tests/unit/ask-transport.test.ts
tests/unit/ask-workflow.test.ts
tests/unit/blog-studio-advanced027.test.ts
tests/unit/bootstrap-owner075.test.mjs
tests/unit/campaign-banners076.test.ts
tests/unit/catalog-checkout.test.ts
tests/unit/consolidation.test.ts
tests/unit/content-editor-state.test.ts
tests/unit/crm-ux028-eligibility.test.ts
tests/unit/crm.test.ts
tests/unit/customers-contextual.test.ts
tests/unit/domain.test.ts
tests/unit/email-content.test.ts
tests/unit/email-delivery-security.test.ts
tests/unit/invoice-statement-view.test.ts
tests/unit/invoices.test.ts
tests/unit/manual-delivery-estimate064.test.ts
tests/unit/membership-command.test.ts
tests/unit/membership-reminder-policy.test.ts
tests/unit/membership-term.test.ts
tests/unit/payos-signature.test.ts
tests/unit/provider-release-gate067.test.ts
tests/unit/shipping-contextual.test.ts
tests/unit/shipping-question027.test.ts
tests/unit/shipping-queue028.test.ts
tests/unit/shipping-rates027.test.ts
tests/unit/shipping.test.ts",PROPOSED_TEST_ORACLE_SOURCE_REFERENCED_NOT_EXECUTED,NOT_RUN,,,,NONE,,,,
SG-INT-018,integration,INT,Reject change và release hold,P0,"customer, OWNER, BUYER, WAREHOUSE, FINANCE, SUPPORT, CONTENT_EDITOR",EMULATOR,"Mỗi ca tạo namespace riêng; A/B + 7 staff; O-CAT và O-CUSTOM; hai dòng [2,3]; fake provider cho core; provider thật cần approval riêng.","Staff propose change
A reject
staff thử apply
tiếp tục workflow gốc nếu source cho phép",Không âm thầm đổi hàng; hold lifecycle đúng; không dùng reject như cancel toàn đơn.,"Dùng invariant của nhóm và I1–I10 trong README; đối chiếu trước/sau, không chỉ response.","Độc lập: chạy với namespace sạch; biên/multiple variants trong steps phải có result con riêng, mọi variant pass mới PASS case.","src/app/App.tsx
functions/src/index.ts
functions/src/catalog-checkout.ts
functions/src/payments/payos.ts
functions/src/shipping.ts
functions/src/consolidation.ts
functions/src/invoices.ts
functions/src/membership.ts
functions/src/crm.ts
functions/src/ai/ask-workflow.ts
functions/src/email.ts","tests/browser/ask-integration-owned049.ts
tests/browser/fixtures.ts
tests/browser/owned-commerce058.ts
tests/browser/release-api.spec.ts
tests/browser/release-catalog-fallback027.spec.ts
tests/browser/release-crm-admin-positive030.spec.ts
tests/browser/release-crm-boundaries028.spec.ts
tests/browser/release-crm-hardening.spec.ts
tests/browser/release-crm-keyboard-zoom031.spec.ts
tests/browser/release-crm-populated026.spec.ts
tests/browser/release-crm-presentation026.spec.ts
tests/browser/release-crm-records026.spec.ts
tests/browser/release-crm-recovery028.spec.ts
tests/browser/release-crm-taskflow.spec.ts
tests/browser/release-crm-ux028.spec.ts
tests/browser/release-crm.spec.ts
tests/browser/release-finance-activity-positive031.spec.ts
tests/browser/release-membership-plan-pagination034.spec.ts
tests/browser/release-package-batch-positive028.spec.ts
tests/browser/release-staff-authority026.spec.ts
tests/rules/ask-hardening.test.ts
tests/rules/ask-payment.test.ts
tests/rules/ask-workflow.test.ts
tests/rules/backend-authority-hardening.test.ts
tests/rules/biz-hardening.test.ts
tests/rules/blog-studio-advanced027.test.ts
tests/rules/catalog-checkout.test.ts
tests/rules/catalog-payments.test.ts
tests/rules/crm-authority026.test.ts
tests/rules/crm-boundaries028.test.ts
tests/rules/crm-hardening.test.ts
tests/rules/email-delivery.test.ts
tests/rules/invoices.test.ts
tests/rules/manual-delivery-estimate064.test.ts
tests/rules/membership.test.ts
tests/rules/private-read-authority026.test.ts
tests/rules/remaining-authority026.test.ts
tests/rules/server.test.ts
tests/rules/shipping-lookup028.test.ts
tests/rules/shipping-rates027.test.ts
tests/rules/staff-role-array026.test.ts
tests/unit/activity-contextual.test.ts
tests/unit/ask-business-contract026.test.ts
tests/unit/ask-read-task-plan038.test.ts
tests/unit/ask-transport.test.ts
tests/unit/ask-workflow.test.ts
tests/unit/blog-studio-advanced027.test.ts
tests/unit/bootstrap-owner075.test.mjs
tests/unit/campaign-banners076.test.ts
tests/unit/catalog-checkout.test.ts
tests/unit/consolidation.test.ts
tests/unit/content-editor-state.test.ts
tests/unit/crm-ux028-eligibility.test.ts
tests/unit/crm.test.ts
tests/unit/customers-contextual.test.ts
tests/unit/domain.test.ts
tests/unit/email-content.test.ts
tests/unit/email-delivery-security.test.ts
tests/unit/invoice-statement-view.test.ts
tests/unit/invoices.test.ts
tests/unit/manual-delivery-estimate064.test.ts
tests/unit/membership-command.test.ts
tests/unit/membership-reminder-policy.test.ts
tests/unit/membership-term.test.ts
tests/unit/payos-signature.test.ts
tests/unit/provider-release-gate067.test.ts
tests/unit/shipping-contextual.test.ts
tests/unit/shipping-question027.test.ts
tests/unit/shipping-queue028.test.ts
tests/unit/shipping-rates027.test.ts
tests/unit/shipping.test.ts",PROPOSED_TEST_ORACLE_SOURCE_REFERENCED_NOT_EXECUTED,NOT_RUN,,,,NONE,,,,
SG-INT-019,integration,INT,Final approval với freight v2,P0,"customer, OWNER, BUYER, WAREHOUSE, FINANCE, SUPPORT, CONTENT_EDITOR",EMULATOR,"Mỗi ca tạo namespace riêng; A/B + 7 staff; O-CAT và O-CUSTOM; hai dòng [2,3]; fake provider cho core; provider thật cần approval riêng.","Seal batch freight v1
customer approve
reseal/update theo contract v2
dispatch",Approval cũ không đủ; customer phải đọc nghĩa vụ mới; no hidden collection.,"Dùng invariant của nhóm và I1–I10 trong README; đối chiếu trước/sau, không chỉ response.","Độc lập: chạy với namespace sạch; biên/multiple variants trong steps phải có result con riêng, mọi variant pass mới PASS case.","src/app/App.tsx
functions/src/index.ts
functions/src/catalog-checkout.ts
functions/src/payments/payos.ts
functions/src/shipping.ts
functions/src/consolidation.ts
functions/src/invoices.ts
functions/src/membership.ts
functions/src/crm.ts
functions/src/ai/ask-workflow.ts
functions/src/email.ts","tests/browser/ask-integration-owned049.ts
tests/browser/fixtures.ts
tests/browser/owned-commerce058.ts
tests/browser/release-api.spec.ts
tests/browser/release-catalog-fallback027.spec.ts
tests/browser/release-crm-admin-positive030.spec.ts
tests/browser/release-crm-boundaries028.spec.ts
tests/browser/release-crm-hardening.spec.ts
tests/browser/release-crm-keyboard-zoom031.spec.ts
tests/browser/release-crm-populated026.spec.ts
tests/browser/release-crm-presentation026.spec.ts
tests/browser/release-crm-records026.spec.ts
tests/browser/release-crm-recovery028.spec.ts
tests/browser/release-crm-taskflow.spec.ts
tests/browser/release-crm-ux028.spec.ts
tests/browser/release-crm.spec.ts
tests/browser/release-finance-activity-positive031.spec.ts
tests/browser/release-membership-plan-pagination034.spec.ts
tests/browser/release-package-batch-positive028.spec.ts
tests/browser/release-staff-authority026.spec.ts
tests/rules/ask-hardening.test.ts
tests/rules/ask-payment.test.ts
tests/rules/ask-workflow.test.ts
tests/rules/backend-authority-hardening.test.ts
tests/rules/biz-hardening.test.ts
tests/rules/blog-studio-advanced027.test.ts
tests/rules/catalog-checkout.test.ts
tests/rules/catalog-payments.test.ts
tests/rules/crm-authority026.test.ts
tests/rules/crm-boundaries028.test.ts
tests/rules/crm-hardening.test.ts
tests/rules/email-delivery.test.ts
tests/rules/invoices.test.ts
tests/rules/manual-delivery-estimate064.test.ts
tests/rules/membership.test.ts
tests/rules/private-read-authority026.test.ts
tests/rules/remaining-authority026.test.ts
tests/rules/server.test.ts
tests/rules/shipping-lookup028.test.ts
tests/rules/shipping-rates027.test.ts
tests/rules/staff-role-array026.test.ts
tests/unit/activity-contextual.test.ts
tests/unit/ask-business-contract026.test.ts
tests/unit/ask-read-task-plan038.test.ts
tests/unit/ask-transport.test.ts
tests/unit/ask-workflow.test.ts
tests/unit/blog-studio-advanced027.test.ts
tests/unit/bootstrap-owner075.test.mjs
tests/unit/campaign-banners076.test.ts
tests/unit/catalog-checkout.test.ts
tests/unit/consolidation.test.ts
tests/unit/content-editor-state.test.ts
tests/unit/crm-ux028-eligibility.test.ts
tests/unit/crm.test.ts
tests/unit/customers-contextual.test.ts
tests/unit/domain.test.ts
tests/unit/email-content.test.ts
tests/unit/email-delivery-security.test.ts
tests/unit/invoice-statement-view.test.ts
tests/unit/invoices.test.ts
tests/unit/manual-delivery-estimate064.test.ts
tests/unit/membership-command.test.ts
tests/unit/membership-reminder-policy.test.ts
tests/unit/membership-term.test.ts
tests/unit/payos-signature.test.ts
tests/unit/provider-release-gate067.test.ts
tests/unit/shipping-contextual.test.ts
tests/unit/shipping-question027.test.ts
tests/unit/shipping-queue028.test.ts
tests/unit/shipping-rates027.test.ts
tests/unit/shipping.test.ts",PROPOSED_TEST_ORACLE_SOURCE_REFERENCED_NOT_EXECUTED,NOT_RUN,,,,NONE,,,,
SG-INT-020,integration,INT,Catalog gom với custom,P0,"customer, OWNER, BUYER, WAREHOUSE, FINANCE, SUPPORT, CONTENT_EDITOR",EMULATOR,"Mỗi ca tạo namespace riêng; A/B + 7 staff; O-CAT và O-CUSTOM; hai dòng [2,3]; fake provider cho core; provider thật cần approval riêng.","Pack catalog/custom trong batch
allocate freight
approve custom
dispatch",Catalog customer payable giữ all-inclusive; custom freight version được duyệt; internal costs không thành catalog charge.,"Dùng invariant của nhóm và I1–I10 trong README; đối chiếu trước/sau, không chỉ response.","Độc lập: chạy với namespace sạch; biên/multiple variants trong steps phải có result con riêng, mọi variant pass mới PASS case.","src/app/App.tsx
functions/src/index.ts
functions/src/catalog-checkout.ts
functions/src/payments/payos.ts
functions/src/shipping.ts
functions/src/consolidation.ts
functions/src/invoices.ts
functions/src/membership.ts
functions/src/crm.ts
functions/src/ai/ask-workflow.ts
functions/src/email.ts","tests/browser/ask-integration-owned049.ts
tests/browser/fixtures.ts
tests/browser/owned-commerce058.ts
tests/browser/release-api.spec.ts
tests/browser/release-catalog-fallback027.spec.ts
tests/browser/release-crm-admin-positive030.spec.ts
tests/browser/release-crm-boundaries028.spec.ts
tests/browser/release-crm-hardening.spec.ts
tests/browser/release-crm-keyboard-zoom031.spec.ts
tests/browser/release-crm-populated026.spec.ts
tests/browser/release-crm-presentation026.spec.ts
tests/browser/release-crm-records026.spec.ts
tests/browser/release-crm-recovery028.spec.ts
tests/browser/release-crm-taskflow.spec.ts
tests/browser/release-crm-ux028.spec.ts
tests/browser/release-crm.spec.ts
tests/browser/release-finance-activity-positive031.spec.ts
tests/browser/release-membership-plan-pagination034.spec.ts
tests/browser/release-package-batch-positive028.spec.ts
tests/browser/release-staff-authority026.spec.ts
tests/rules/ask-hardening.test.ts
tests/rules/ask-payment.test.ts
tests/rules/ask-workflow.test.ts
tests/rules/backend-authority-hardening.test.ts
tests/rules/biz-hardening.test.ts
tests/rules/blog-studio-advanced027.test.ts
tests/rules/catalog-checkout.test.ts
tests/rules/catalog-payments.test.ts
tests/rules/crm-authority026.test.ts
tests/rules/crm-boundaries028.test.ts
tests/rules/crm-hardening.test.ts
tests/rules/email-delivery.test.ts
tests/rules/invoices.test.ts
tests/rules/manual-delivery-estimate064.test.ts
tests/rules/membership.test.ts
tests/rules/private-read-authority026.test.ts
tests/rules/remaining-authority026.test.ts
tests/rules/server.test.ts
tests/rules/shipping-lookup028.test.ts
tests/rules/shipping-rates027.test.ts
tests/rules/staff-role-array026.test.ts
tests/unit/activity-contextual.test.ts
tests/unit/ask-business-contract026.test.ts
tests/unit/ask-read-task-plan038.test.ts
tests/unit/ask-transport.test.ts
tests/unit/ask-workflow.test.ts
tests/unit/blog-studio-advanced027.test.ts
tests/unit/bootstrap-owner075.test.mjs
tests/unit/campaign-banners076.test.ts
tests/unit/catalog-checkout.test.ts
tests/unit/consolidation.test.ts
tests/unit/content-editor-state.test.ts
tests/unit/crm-ux028-eligibility.test.ts
tests/unit/crm.test.ts
tests/unit/customers-contextual.test.ts
tests/unit/domain.test.ts
tests/unit/email-content.test.ts
tests/unit/email-delivery-security.test.ts
tests/unit/invoice-statement-view.test.ts
tests/unit/invoices.test.ts
tests/unit/manual-delivery-estimate064.test.ts
tests/unit/membership-command.test.ts
tests/unit/membership-reminder-policy.test.ts
tests/unit/membership-term.test.ts
tests/unit/payos-signature.test.ts
tests/unit/provider-release-gate067.test.ts
tests/unit/shipping-contextual.test.ts
tests/unit/shipping-question027.test.ts
tests/unit/shipping-queue028.test.ts
tests/unit/shipping-rates027.test.ts
tests/unit/shipping.test.ts",PROPOSED_TEST_ORACLE_SOURCE_REFERENCED_NOT_EXECUTED,NOT_RUN,,,,NONE,,,,
SG-INT-021,integration,INT,Batch mixed owners,P0,"customer, OWNER, BUYER, WAREHOUSE, FINANCE, SUPPORT, CONTENT_EDITOR",EMULATOR,"Mỗi ca tạo namespace riêng; A/B + 7 staff; O-CAT và O-CUSTOM; hai dòng [2,3]; fake provider cho core; provider thật cần approval riêng.","Gom A/B
seal/dispatch
A đọc tracking/Ask và documents
B đọc lại","Private projection chỉ phần mình; không leak batch manifest, address, notes B.","Dùng invariant của nhóm và I1–I10 trong README; đối chiếu trước/sau, không chỉ response.","Độc lập: chạy với namespace sạch; biên/multiple variants trong steps phải có result con riêng, mọi variant pass mới PASS case.","src/app/App.tsx
functions/src/index.ts
functions/src/catalog-checkout.ts
functions/src/payments/payos.ts
functions/src/shipping.ts
functions/src/consolidation.ts
functions/src/invoices.ts
functions/src/membership.ts
functions/src/crm.ts
functions/src/ai/ask-workflow.ts
functions/src/email.ts","tests/browser/ask-integration-owned049.ts
tests/browser/fixtures.ts
tests/browser/owned-commerce058.ts
tests/browser/release-api.spec.ts
tests/browser/release-catalog-fallback027.spec.ts
tests/browser/release-crm-admin-positive030.spec.ts
tests/browser/release-crm-boundaries028.spec.ts
tests/browser/release-crm-hardening.spec.ts
tests/browser/release-crm-keyboard-zoom031.spec.ts
tests/browser/release-crm-populated026.spec.ts
tests/browser/release-crm-presentation026.spec.ts
tests/browser/release-crm-records026.spec.ts
tests/browser/release-crm-recovery028.spec.ts
tests/browser/release-crm-taskflow.spec.ts
tests/browser/release-crm-ux028.spec.ts
tests/browser/release-crm.spec.ts
tests/browser/release-finance-activity-positive031.spec.ts
tests/browser/release-membership-plan-pagination034.spec.ts
tests/browser/release-package-batch-positive028.spec.ts
tests/browser/release-staff-authority026.spec.ts
tests/rules/ask-hardening.test.ts
tests/rules/ask-payment.test.ts
tests/rules/ask-workflow.test.ts
tests/rules/backend-authority-hardening.test.ts
tests/rules/biz-hardening.test.ts
tests/rules/blog-studio-advanced027.test.ts
tests/rules/catalog-checkout.test.ts
tests/rules/catalog-payments.test.ts
tests/rules/crm-authority026.test.ts
tests/rules/crm-boundaries028.test.ts
tests/rules/crm-hardening.test.ts
tests/rules/email-delivery.test.ts
tests/rules/invoices.test.ts
tests/rules/manual-delivery-estimate064.test.ts
tests/rules/membership.test.ts
tests/rules/private-read-authority026.test.ts
tests/rules/remaining-authority026.test.ts
tests/rules/server.test.ts
tests/rules/shipping-lookup028.test.ts
tests/rules/shipping-rates027.test.ts
tests/rules/staff-role-array026.test.ts
tests/unit/activity-contextual.test.ts
tests/unit/ask-business-contract026.test.ts
tests/unit/ask-read-task-plan038.test.ts
tests/unit/ask-transport.test.ts
tests/unit/ask-workflow.test.ts
tests/unit/blog-studio-advanced027.test.ts
tests/unit/bootstrap-owner075.test.mjs
tests/unit/campaign-banners076.test.ts
tests/unit/catalog-checkout.test.ts
tests/unit/consolidation.test.ts
tests/unit/content-editor-state.test.ts
tests/unit/crm-ux028-eligibility.test.ts
tests/unit/crm.test.ts
tests/unit/customers-contextual.test.ts
tests/unit/domain.test.ts
tests/unit/email-content.test.ts
tests/unit/email-delivery-security.test.ts
tests/unit/invoice-statement-view.test.ts
tests/unit/invoices.test.ts
tests/unit/manual-delivery-estimate064.test.ts
tests/unit/membership-command.test.ts
tests/unit/membership-reminder-policy.test.ts
tests/unit/membership-term.test.ts
tests/unit/payos-signature.test.ts
tests/unit/provider-release-gate067.test.ts
tests/unit/shipping-contextual.test.ts
tests/unit/shipping-question027.test.ts
tests/unit/shipping-queue028.test.ts
tests/unit/shipping-rates027.test.ts
tests/unit/shipping.test.ts",PROPOSED_TEST_ORACLE_SOURCE_REFERENCED_NOT_EXECUTED,NOT_RUN,,,,NONE,,,,
SG-INT-022,integration,INT,Batch atomic failure,P0,"customer, OWNER, BUYER, WAREHOUSE, FINANCE, SUPPORT, CONTENT_EDITOR",EMULATOR,"Mỗi ca tạo namespace riêng; A/B + 7 staff; O-CAT và O-CUSTOM; hai dòng [2,3]; fake provider cho core; provider thật cần approval riêng.","Một member held, một thiếu balance, một ready
dispatch batch",Không member nào dispatch một phần do failure; quantities/versions giữ nguyên.,"Dùng invariant của nhóm và I1–I10 trong README; đối chiếu trước/sau, không chỉ response.","Độc lập: chạy với namespace sạch; biên/multiple variants trong steps phải có result con riêng, mọi variant pass mới PASS case.","src/app/App.tsx
functions/src/index.ts
functions/src/catalog-checkout.ts
functions/src/payments/payos.ts
functions/src/shipping.ts
functions/src/consolidation.ts
functions/src/invoices.ts
functions/src/membership.ts
functions/src/crm.ts
functions/src/ai/ask-workflow.ts
functions/src/email.ts","tests/browser/ask-integration-owned049.ts
tests/browser/fixtures.ts
tests/browser/owned-commerce058.ts
tests/browser/release-api.spec.ts
tests/browser/release-catalog-fallback027.spec.ts
tests/browser/release-crm-admin-positive030.spec.ts
tests/browser/release-crm-boundaries028.spec.ts
tests/browser/release-crm-hardening.spec.ts
tests/browser/release-crm-keyboard-zoom031.spec.ts
tests/browser/release-crm-populated026.spec.ts
tests/browser/release-crm-presentation026.spec.ts
tests/browser/release-crm-records026.spec.ts
tests/browser/release-crm-recovery028.spec.ts
tests/browser/release-crm-taskflow.spec.ts
tests/browser/release-crm-ux028.spec.ts
tests/browser/release-crm.spec.ts
tests/browser/release-finance-activity-positive031.spec.ts
tests/browser/release-membership-plan-pagination034.spec.ts
tests/browser/release-package-batch-positive028.spec.ts
tests/browser/release-staff-authority026.spec.ts
tests/rules/ask-hardening.test.ts
tests/rules/ask-payment.test.ts
tests/rules/ask-workflow.test.ts
tests/rules/backend-authority-hardening.test.ts
tests/rules/biz-hardening.test.ts
tests/rules/blog-studio-advanced027.test.ts
tests/rules/catalog-checkout.test.ts
tests/rules/catalog-payments.test.ts
tests/rules/crm-authority026.test.ts
tests/rules/crm-boundaries028.test.ts
tests/rules/crm-hardening.test.ts
tests/rules/email-delivery.test.ts
tests/rules/invoices.test.ts
tests/rules/manual-delivery-estimate064.test.ts
tests/rules/membership.test.ts
tests/rules/private-read-authority026.test.ts
tests/rules/remaining-authority026.test.ts
tests/rules/server.test.ts
tests/rules/shipping-lookup028.test.ts
tests/rules/shipping-rates027.test.ts
tests/rules/staff-role-array026.test.ts
tests/unit/activity-contextual.test.ts
tests/unit/ask-business-contract026.test.ts
tests/unit/ask-read-task-plan038.test.ts
tests/unit/ask-transport.test.ts
tests/unit/ask-workflow.test.ts
tests/unit/blog-studio-advanced027.test.ts
tests/unit/bootstrap-owner075.test.mjs
tests/unit/campaign-banners076.test.ts
tests/unit/catalog-checkout.test.ts
tests/unit/consolidation.test.ts
tests/unit/content-editor-state.test.ts
tests/unit/crm-ux028-eligibility.test.ts
tests/unit/crm.test.ts
tests/unit/customers-contextual.test.ts
tests/unit/domain.test.ts
tests/unit/email-content.test.ts
tests/unit/email-delivery-security.test.ts
tests/unit/invoice-statement-view.test.ts
tests/unit/invoices.test.ts
tests/unit/manual-delivery-estimate064.test.ts
tests/unit/membership-command.test.ts
tests/unit/membership-reminder-policy.test.ts
tests/unit/membership-term.test.ts
tests/unit/payos-signature.test.ts
tests/unit/provider-release-gate067.test.ts
tests/unit/shipping-contextual.test.ts
tests/unit/shipping-question027.test.ts
tests/unit/shipping-queue028.test.ts
tests/unit/shipping-rates027.test.ts
tests/unit/shipping.test.ts",PROPOSED_TEST_ORACLE_SOURCE_REFERENCED_NOT_EXECUTED,NOT_RUN,,,,NONE,,,,
SG-INT-023,integration,INT,Split shipment giao một phần,P0,"customer, OWNER, BUYER, WAREHOUSE, FINANCE, SUPPORT, CONTENT_EDITOR",EMULATOR,"Mỗi ca tạo namespace riêng; A/B + 7 staff; O-CAT và O-CUSTOM; hai dòng [2,3]; fake provider cho core; provider thật cần approval riêng.","Order5 items split parcels3+2
deliver parcel3
customer confirm
deliver2
confirm lại",Không COMPLETED trước đủ hàng; account/Ask/CRM nhất quán parcel và remaining quantities.,"Dùng invariant của nhóm và I1–I10 trong README; đối chiếu trước/sau, không chỉ response.","Độc lập: chạy với namespace sạch; biên/multiple variants trong steps phải có result con riêng, mọi variant pass mới PASS case.","src/app/App.tsx
functions/src/index.ts
functions/src/catalog-checkout.ts
functions/src/payments/payos.ts
functions/src/shipping.ts
functions/src/consolidation.ts
functions/src/invoices.ts
functions/src/membership.ts
functions/src/crm.ts
functions/src/ai/ask-workflow.ts
functions/src/email.ts","tests/browser/ask-integration-owned049.ts
tests/browser/fixtures.ts
tests/browser/owned-commerce058.ts
tests/browser/release-api.spec.ts
tests/browser/release-catalog-fallback027.spec.ts
tests/browser/release-crm-admin-positive030.spec.ts
tests/browser/release-crm-boundaries028.spec.ts
tests/browser/release-crm-hardening.spec.ts
tests/browser/release-crm-keyboard-zoom031.spec.ts
tests/browser/release-crm-populated026.spec.ts
tests/browser/release-crm-presentation026.spec.ts
tests/browser/release-crm-records026.spec.ts
tests/browser/release-crm-recovery028.spec.ts
tests/browser/release-crm-taskflow.spec.ts
tests/browser/release-crm-ux028.spec.ts
tests/browser/release-crm.spec.ts
tests/browser/release-finance-activity-positive031.spec.ts
tests/browser/release-membership-plan-pagination034.spec.ts
tests/browser/release-package-batch-positive028.spec.ts
tests/browser/release-staff-authority026.spec.ts
tests/rules/ask-hardening.test.ts
tests/rules/ask-payment.test.ts
tests/rules/ask-workflow.test.ts
tests/rules/backend-authority-hardening.test.ts
tests/rules/biz-hardening.test.ts
tests/rules/blog-studio-advanced027.test.ts
tests/rules/catalog-checkout.test.ts
tests/rules/catalog-payments.test.ts
tests/rules/crm-authority026.test.ts
tests/rules/crm-boundaries028.test.ts
tests/rules/crm-hardening.test.ts
tests/rules/email-delivery.test.ts
tests/rules/invoices.test.ts
tests/rules/manual-delivery-estimate064.test.ts
tests/rules/membership.test.ts
tests/rules/private-read-authority026.test.ts
tests/rules/remaining-authority026.test.ts
tests/rules/server.test.ts
tests/rules/shipping-lookup028.test.ts
tests/rules/shipping-rates027.test.ts
tests/rules/staff-role-array026.test.ts
tests/unit/activity-contextual.test.ts
tests/unit/ask-business-contract026.test.ts
tests/unit/ask-read-task-plan038.test.ts
tests/unit/ask-transport.test.ts
tests/unit/ask-workflow.test.ts
tests/unit/blog-studio-advanced027.test.ts
tests/unit/bootstrap-owner075.test.mjs
tests/unit/campaign-banners076.test.ts
tests/unit/catalog-checkout.test.ts
tests/unit/consolidation.test.ts
tests/unit/content-editor-state.test.ts
tests/unit/crm-ux028-eligibility.test.ts
tests/unit/crm.test.ts
tests/unit/customers-contextual.test.ts
tests/unit/domain.test.ts
tests/unit/email-content.test.ts
tests/unit/email-delivery-security.test.ts
tests/unit/invoice-statement-view.test.ts
tests/unit/invoices.test.ts
tests/unit/manual-delivery-estimate064.test.ts
tests/unit/membership-command.test.ts
tests/unit/membership-reminder-policy.test.ts
tests/unit/membership-term.test.ts
tests/unit/payos-signature.test.ts
tests/unit/provider-release-gate067.test.ts
tests/unit/shipping-contextual.test.ts
tests/unit/shipping-question027.test.ts
tests/unit/shipping-queue028.test.ts
tests/unit/shipping-rates027.test.ts
tests/unit/shipping.test.ts",PROPOSED_TEST_ORACLE_SOURCE_REFERENCED_NOT_EXECUTED,NOT_RUN,,,,NONE,,,,
SG-INT-024,integration,INT,Returned parcel→return→finance,P0,"customer, OWNER, BUYER, WAREHOUSE, FINANCE, SUPPORT, CONTENT_EDITOR",EMULATOR,"Mỗi ca tạo namespace riêng; A/B + 7 staff; O-CAT và O-CUSTOM; hai dòng [2,3]; fake provider cho core; provider thật cần approval riêng.","Dispatch
tracking returned
receive return
inspect damaged
close
review refund nếu hợp lệ",Không tự refund do hàng trả; chain parcel/return/refund/ledger đúng source.,"Dùng invariant của nhóm và I1–I10 trong README; đối chiếu trước/sau, không chỉ response.","Độc lập: chạy với namespace sạch; biên/multiple variants trong steps phải có result con riêng, mọi variant pass mới PASS case.","src/app/App.tsx
functions/src/index.ts
functions/src/catalog-checkout.ts
functions/src/payments/payos.ts
functions/src/shipping.ts
functions/src/consolidation.ts
functions/src/invoices.ts
functions/src/membership.ts
functions/src/crm.ts
functions/src/ai/ask-workflow.ts
functions/src/email.ts","tests/browser/ask-integration-owned049.ts
tests/browser/fixtures.ts
tests/browser/owned-commerce058.ts
tests/browser/release-api.spec.ts
tests/browser/release-catalog-fallback027.spec.ts
tests/browser/release-crm-admin-positive030.spec.ts
tests/browser/release-crm-boundaries028.spec.ts
tests/browser/release-crm-hardening.spec.ts
tests/browser/release-crm-keyboard-zoom031.spec.ts
tests/browser/release-crm-populated026.spec.ts
tests/browser/release-crm-presentation026.spec.ts
tests/browser/release-crm-records026.spec.ts
tests/browser/release-crm-recovery028.spec.ts
tests/browser/release-crm-taskflow.spec.ts
tests/browser/release-crm-ux028.spec.ts
tests/browser/release-crm.spec.ts
tests/browser/release-finance-activity-positive031.spec.ts
tests/browser/release-membership-plan-pagination034.spec.ts
tests/browser/release-package-batch-positive028.spec.ts
tests/browser/release-staff-authority026.spec.ts
tests/rules/ask-hardening.test.ts
tests/rules/ask-payment.test.ts
tests/rules/ask-workflow.test.ts
tests/rules/backend-authority-hardening.test.ts
tests/rules/biz-hardening.test.ts
tests/rules/blog-studio-advanced027.test.ts
tests/rules/catalog-checkout.test.ts
tests/rules/catalog-payments.test.ts
tests/rules/crm-authority026.test.ts
tests/rules/crm-boundaries028.test.ts
tests/rules/crm-hardening.test.ts
tests/rules/email-delivery.test.ts
tests/rules/invoices.test.ts
tests/rules/manual-delivery-estimate064.test.ts
tests/rules/membership.test.ts
tests/rules/private-read-authority026.test.ts
tests/rules/remaining-authority026.test.ts
tests/rules/server.test.ts
tests/rules/shipping-lookup028.test.ts
tests/rules/shipping-rates027.test.ts
tests/rules/staff-role-array026.test.ts
tests/unit/activity-contextual.test.ts
tests/unit/ask-business-contract026.test.ts
tests/unit/ask-read-task-plan038.test.ts
tests/unit/ask-transport.test.ts
tests/unit/ask-workflow.test.ts
tests/unit/blog-studio-advanced027.test.ts
tests/unit/bootstrap-owner075.test.mjs
tests/unit/campaign-banners076.test.ts
tests/unit/catalog-checkout.test.ts
tests/unit/consolidation.test.ts
tests/unit/content-editor-state.test.ts
tests/unit/crm-ux028-eligibility.test.ts
tests/unit/crm.test.ts
tests/unit/customers-contextual.test.ts
tests/unit/domain.test.ts
tests/unit/email-content.test.ts
tests/unit/email-delivery-security.test.ts
tests/unit/invoice-statement-view.test.ts
tests/unit/invoices.test.ts
tests/unit/manual-delivery-estimate064.test.ts
tests/unit/membership-command.test.ts
tests/unit/membership-reminder-policy.test.ts
tests/unit/membership-term.test.ts
tests/unit/payos-signature.test.ts
tests/unit/provider-release-gate067.test.ts
tests/unit/shipping-contextual.test.ts
tests/unit/shipping-question027.test.ts
tests/unit/shipping-queue028.test.ts
tests/unit/shipping-rates027.test.ts
tests/unit/shipping.test.ts",PROPOSED_TEST_ORACLE_SOURCE_REFERENCED_NOT_EXECUTED,NOT_RUN,,,,NONE,,,,
SG-INT-025,integration,INT,Profile→recipient→delivery,P0,"customer, OWNER, BUYER, WAREHOUSE, FINANCE, SUPPORT, CONTENT_EDITOR",EMULATOR,"Mỗi ca tạo namespace riêng; A/B + 7 staff; O-CAT và O-CUSTOM; hai dòng [2,3]; fake provider cho core; provider thật cần approval riêng.","Save address
save recipient
accept quote
sửa address gốc
dispatch/issue document",Shipment/document dùng snapshot được chấp thuận; không tự giao địa chỉ mới chưa đồng ý.,"Dùng invariant của nhóm và I1–I10 trong README; đối chiếu trước/sau, không chỉ response.","Độc lập: chạy với namespace sạch; biên/multiple variants trong steps phải có result con riêng, mọi variant pass mới PASS case.","src/app/App.tsx
functions/src/index.ts
functions/src/catalog-checkout.ts
functions/src/payments/payos.ts
functions/src/shipping.ts
functions/src/consolidation.ts
functions/src/invoices.ts
functions/src/membership.ts
functions/src/crm.ts
functions/src/ai/ask-workflow.ts
functions/src/email.ts","tests/browser/ask-integration-owned049.ts
tests/browser/fixtures.ts
tests/browser/owned-commerce058.ts
tests/browser/release-api.spec.ts
tests/browser/release-catalog-fallback027.spec.ts
tests/browser/release-crm-admin-positive030.spec.ts
tests/browser/release-crm-boundaries028.spec.ts
tests/browser/release-crm-hardening.spec.ts
tests/browser/release-crm-keyboard-zoom031.spec.ts
tests/browser/release-crm-populated026.spec.ts
tests/browser/release-crm-presentation026.spec.ts
tests/browser/release-crm-records026.spec.ts
tests/browser/release-crm-recovery028.spec.ts
tests/browser/release-crm-taskflow.spec.ts
tests/browser/release-crm-ux028.spec.ts
tests/browser/release-crm.spec.ts
tests/browser/release-finance-activity-positive031.spec.ts
tests/browser/release-membership-plan-pagination034.spec.ts
tests/browser/release-package-batch-positive028.spec.ts
tests/browser/release-staff-authority026.spec.ts
tests/rules/ask-hardening.test.ts
tests/rules/ask-payment.test.ts
tests/rules/ask-workflow.test.ts
tests/rules/backend-authority-hardening.test.ts
tests/rules/biz-hardening.test.ts
tests/rules/blog-studio-advanced027.test.ts
tests/rules/catalog-checkout.test.ts
tests/rules/catalog-payments.test.ts
tests/rules/crm-authority026.test.ts
tests/rules/crm-boundaries028.test.ts
tests/rules/crm-hardening.test.ts
tests/rules/email-delivery.test.ts
tests/rules/invoices.test.ts
tests/rules/manual-delivery-estimate064.test.ts
tests/rules/membership.test.ts
tests/rules/private-read-authority026.test.ts
tests/rules/remaining-authority026.test.ts
tests/rules/server.test.ts
tests/rules/shipping-lookup028.test.ts
tests/rules/shipping-rates027.test.ts
tests/rules/staff-role-array026.test.ts
tests/unit/activity-contextual.test.ts
tests/unit/ask-business-contract026.test.ts
tests/unit/ask-read-task-plan038.test.ts
tests/unit/ask-transport.test.ts
tests/unit/ask-workflow.test.ts
tests/unit/blog-studio-advanced027.test.ts
tests/unit/bootstrap-owner075.test.mjs
tests/unit/campaign-banners076.test.ts
tests/unit/catalog-checkout.test.ts
tests/unit/consolidation.test.ts
tests/unit/content-editor-state.test.ts
tests/unit/crm-ux028-eligibility.test.ts
tests/unit/crm.test.ts
tests/unit/customers-contextual.test.ts
tests/unit/domain.test.ts
tests/unit/email-content.test.ts
tests/unit/email-delivery-security.test.ts
tests/unit/invoice-statement-view.test.ts
tests/unit/invoices.test.ts
tests/unit/manual-delivery-estimate064.test.ts
tests/unit/membership-command.test.ts
tests/unit/membership-reminder-policy.test.ts
tests/unit/membership-term.test.ts
tests/unit/payos-signature.test.ts
tests/unit/provider-release-gate067.test.ts
tests/unit/shipping-contextual.test.ts
tests/unit/shipping-question027.test.ts
tests/unit/shipping-queue028.test.ts
tests/unit/shipping-rates027.test.ts
tests/unit/shipping.test.ts",PROPOSED_TEST_ORACLE_SOURCE_REFERENCED_NOT_EXECUTED,NOT_RUN,,,,NONE,,,,
SG-INT-026,integration,INT,Membership purchase→quote discount,P0,"customer, OWNER, BUYER, WAREHOUSE, FINANCE, SUPPORT, CONTENT_EDITOR",EMULATOR,"Mỗi ca tạo namespace riêng; A/B + 7 staff; O-CAT và O-CUSTOM; hai dòng [2,3]; fake provider cho core; provider thật cần approval riêng.","Purchase plan
confirm invoice
issue custom quote trong hạn
accept
expire subscription",Discount snapshot được đóng băng; quote mới sau expiry không hưởng sai.,"Dùng invariant của nhóm và I1–I10 trong README; đối chiếu trước/sau, không chỉ response.","Độc lập: chạy với namespace sạch; biên/multiple variants trong steps phải có result con riêng, mọi variant pass mới PASS case.","src/app/App.tsx
functions/src/index.ts
functions/src/catalog-checkout.ts
functions/src/payments/payos.ts
functions/src/shipping.ts
functions/src/consolidation.ts
functions/src/invoices.ts
functions/src/membership.ts
functions/src/crm.ts
functions/src/ai/ask-workflow.ts
functions/src/email.ts","tests/browser/ask-integration-owned049.ts
tests/browser/fixtures.ts
tests/browser/owned-commerce058.ts
tests/browser/release-api.spec.ts
tests/browser/release-catalog-fallback027.spec.ts
tests/browser/release-crm-admin-positive030.spec.ts
tests/browser/release-crm-boundaries028.spec.ts
tests/browser/release-crm-hardening.spec.ts
tests/browser/release-crm-keyboard-zoom031.spec.ts
tests/browser/release-crm-populated026.spec.ts
tests/browser/release-crm-presentation026.spec.ts
tests/browser/release-crm-records026.spec.ts
tests/browser/release-crm-recovery028.spec.ts
tests/browser/release-crm-taskflow.spec.ts
tests/browser/release-crm-ux028.spec.ts
tests/browser/release-crm.spec.ts
tests/browser/release-finance-activity-positive031.spec.ts
tests/browser/release-membership-plan-pagination034.spec.ts
tests/browser/release-package-batch-positive028.spec.ts
tests/browser/release-staff-authority026.spec.ts
tests/rules/ask-hardening.test.ts
tests/rules/ask-payment.test.ts
tests/rules/ask-workflow.test.ts
tests/rules/backend-authority-hardening.test.ts
tests/rules/biz-hardening.test.ts
tests/rules/blog-studio-advanced027.test.ts
tests/rules/catalog-checkout.test.ts
tests/rules/catalog-payments.test.ts
tests/rules/crm-authority026.test.ts
tests/rules/crm-boundaries028.test.ts
tests/rules/crm-hardening.test.ts
tests/rules/email-delivery.test.ts
tests/rules/invoices.test.ts
tests/rules/manual-delivery-estimate064.test.ts
tests/rules/membership.test.ts
tests/rules/private-read-authority026.test.ts
tests/rules/remaining-authority026.test.ts
tests/rules/server.test.ts
tests/rules/shipping-lookup028.test.ts
tests/rules/shipping-rates027.test.ts
tests/rules/staff-role-array026.test.ts
tests/unit/activity-contextual.test.ts
tests/unit/ask-business-contract026.test.ts
tests/unit/ask-read-task-plan038.test.ts
tests/unit/ask-transport.test.ts
tests/unit/ask-workflow.test.ts
tests/unit/blog-studio-advanced027.test.ts
tests/unit/bootstrap-owner075.test.mjs
tests/unit/campaign-banners076.test.ts
tests/unit/catalog-checkout.test.ts
tests/unit/consolidation.test.ts
tests/unit/content-editor-state.test.ts
tests/unit/crm-ux028-eligibility.test.ts
tests/unit/crm.test.ts
tests/unit/customers-contextual.test.ts
tests/unit/domain.test.ts
tests/unit/email-content.test.ts
tests/unit/email-delivery-security.test.ts
tests/unit/invoice-statement-view.test.ts
tests/unit/invoices.test.ts
tests/unit/manual-delivery-estimate064.test.ts
tests/unit/membership-command.test.ts
tests/unit/membership-reminder-policy.test.ts
tests/unit/membership-term.test.ts
tests/unit/payos-signature.test.ts
tests/unit/provider-release-gate067.test.ts
tests/unit/shipping-contextual.test.ts
tests/unit/shipping-question027.test.ts
tests/unit/shipping-queue028.test.ts
tests/unit/shipping-rates027.test.ts
tests/unit/shipping.test.ts",PROPOSED_TEST_ORACLE_SOURCE_REFERENCED_NOT_EXECUTED,NOT_RUN,,,,NONE,,,,
SG-INT-027,integration,INT,Renewal bank id retry,P0,"customer, OWNER, BUYER, WAREHOUSE, FINANCE, SUPPORT, CONTENT_EDITOR",EMULATOR,"Mỗi ca tạo namespace riêng; A/B + 7 staff; O-CAT và O-CUSTOM; hai dòng [2,3]; fake provider cho core; provider thật cần approval riêng.","Request renewal same plan
confirm lost ack
retry
maintenance reminder scan","Một lần gia hạn, không mất ngày còn lại; reminders dựa endsAt mới.","Dùng invariant của nhóm và I1–I10 trong README; đối chiếu trước/sau, không chỉ response.","Độc lập: chạy với namespace sạch; biên/multiple variants trong steps phải có result con riêng, mọi variant pass mới PASS case.","src/app/App.tsx
functions/src/index.ts
functions/src/catalog-checkout.ts
functions/src/payments/payos.ts
functions/src/shipping.ts
functions/src/consolidation.ts
functions/src/invoices.ts
functions/src/membership.ts
functions/src/crm.ts
functions/src/ai/ask-workflow.ts
functions/src/email.ts","tests/browser/ask-integration-owned049.ts
tests/browser/fixtures.ts
tests/browser/owned-commerce058.ts
tests/browser/release-api.spec.ts
tests/browser/release-catalog-fallback027.spec.ts
tests/browser/release-crm-admin-positive030.spec.ts
tests/browser/release-crm-boundaries028.spec.ts
tests/browser/release-crm-hardening.spec.ts
tests/browser/release-crm-keyboard-zoom031.spec.ts
tests/browser/release-crm-populated026.spec.ts
tests/browser/release-crm-presentation026.spec.ts
tests/browser/release-crm-records026.spec.ts
tests/browser/release-crm-recovery028.spec.ts
tests/browser/release-crm-taskflow.spec.ts
tests/browser/release-crm-ux028.spec.ts
tests/browser/release-crm.spec.ts
tests/browser/release-finance-activity-positive031.spec.ts
tests/browser/release-membership-plan-pagination034.spec.ts
tests/browser/release-package-batch-positive028.spec.ts
tests/browser/release-staff-authority026.spec.ts
tests/rules/ask-hardening.test.ts
tests/rules/ask-payment.test.ts
tests/rules/ask-workflow.test.ts
tests/rules/backend-authority-hardening.test.ts
tests/rules/biz-hardening.test.ts
tests/rules/blog-studio-advanced027.test.ts
tests/rules/catalog-checkout.test.ts
tests/rules/catalog-payments.test.ts
tests/rules/crm-authority026.test.ts
tests/rules/crm-boundaries028.test.ts
tests/rules/crm-hardening.test.ts
tests/rules/email-delivery.test.ts
tests/rules/invoices.test.ts
tests/rules/manual-delivery-estimate064.test.ts
tests/rules/membership.test.ts
tests/rules/private-read-authority026.test.ts
tests/rules/remaining-authority026.test.ts
tests/rules/server.test.ts
tests/rules/shipping-lookup028.test.ts
tests/rules/shipping-rates027.test.ts
tests/rules/staff-role-array026.test.ts
tests/unit/activity-contextual.test.ts
tests/unit/ask-business-contract026.test.ts
tests/unit/ask-read-task-plan038.test.ts
tests/unit/ask-transport.test.ts
tests/unit/ask-workflow.test.ts
tests/unit/blog-studio-advanced027.test.ts
tests/unit/bootstrap-owner075.test.mjs
tests/unit/campaign-banners076.test.ts
tests/unit/catalog-checkout.test.ts
tests/unit/consolidation.test.ts
tests/unit/content-editor-state.test.ts
tests/unit/crm-ux028-eligibility.test.ts
tests/unit/crm.test.ts
tests/unit/customers-contextual.test.ts
tests/unit/domain.test.ts
tests/unit/email-content.test.ts
tests/unit/email-delivery-security.test.ts
tests/unit/invoice-statement-view.test.ts
tests/unit/invoices.test.ts
tests/unit/manual-delivery-estimate064.test.ts
tests/unit/membership-command.test.ts
tests/unit/membership-reminder-policy.test.ts
tests/unit/membership-term.test.ts
tests/unit/payos-signature.test.ts
tests/unit/provider-release-gate067.test.ts
tests/unit/shipping-contextual.test.ts
tests/unit/shipping-question027.test.ts
tests/unit/shipping-queue028.test.ts
tests/unit/shipping-rates027.test.ts
tests/unit/shipping.test.ts",PROPOSED_TEST_ORACLE_SOURCE_REFERENCED_NOT_EXECUTED,NOT_RUN,,,,NONE,,,,
SG-INT-028,integration,INT,Active plan đổi gói,P0,"customer, OWNER, BUYER, WAREHOUSE, FINANCE, SUPPORT, CONTENT_EDITOR",EMULATOR,"Mỗi ca tạo namespace riêng; A/B + 7 staff; O-CAT và O-CUSTOM; hai dòng [2,3]; fake provider cho core; provider thật cần approval riêng.","A active plan1
purchase/confirm plan2
đọc subscription/history/CRM",Không commercial migration ngầm; rejection không tạo active benefits mới.,"Dùng invariant của nhóm và I1–I10 trong README; đối chiếu trước/sau, không chỉ response.","Độc lập: chạy với namespace sạch; biên/multiple variants trong steps phải có result con riêng, mọi variant pass mới PASS case.","src/app/App.tsx
functions/src/index.ts
functions/src/catalog-checkout.ts
functions/src/payments/payos.ts
functions/src/shipping.ts
functions/src/consolidation.ts
functions/src/invoices.ts
functions/src/membership.ts
functions/src/crm.ts
functions/src/ai/ask-workflow.ts
functions/src/email.ts","tests/browser/ask-integration-owned049.ts
tests/browser/fixtures.ts
tests/browser/owned-commerce058.ts
tests/browser/release-api.spec.ts
tests/browser/release-catalog-fallback027.spec.ts
tests/browser/release-crm-admin-positive030.spec.ts
tests/browser/release-crm-boundaries028.spec.ts
tests/browser/release-crm-hardening.spec.ts
tests/browser/release-crm-keyboard-zoom031.spec.ts
tests/browser/release-crm-populated026.spec.ts
tests/browser/release-crm-presentation026.spec.ts
tests/browser/release-crm-records026.spec.ts
tests/browser/release-crm-recovery028.spec.ts
tests/browser/release-crm-taskflow.spec.ts
tests/browser/release-crm-ux028.spec.ts
tests/browser/release-crm.spec.ts
tests/browser/release-finance-activity-positive031.spec.ts
tests/browser/release-membership-plan-pagination034.spec.ts
tests/browser/release-package-batch-positive028.spec.ts
tests/browser/release-staff-authority026.spec.ts
tests/rules/ask-hardening.test.ts
tests/rules/ask-payment.test.ts
tests/rules/ask-workflow.test.ts
tests/rules/backend-authority-hardening.test.ts
tests/rules/biz-hardening.test.ts
tests/rules/blog-studio-advanced027.test.ts
tests/rules/catalog-checkout.test.ts
tests/rules/catalog-payments.test.ts
tests/rules/crm-authority026.test.ts
tests/rules/crm-boundaries028.test.ts
tests/rules/crm-hardening.test.ts
tests/rules/email-delivery.test.ts
tests/rules/invoices.test.ts
tests/rules/manual-delivery-estimate064.test.ts
tests/rules/membership.test.ts
tests/rules/private-read-authority026.test.ts
tests/rules/remaining-authority026.test.ts
tests/rules/server.test.ts
tests/rules/shipping-lookup028.test.ts
tests/rules/shipping-rates027.test.ts
tests/rules/staff-role-array026.test.ts
tests/unit/activity-contextual.test.ts
tests/unit/ask-business-contract026.test.ts
tests/unit/ask-read-task-plan038.test.ts
tests/unit/ask-transport.test.ts
tests/unit/ask-workflow.test.ts
tests/unit/blog-studio-advanced027.test.ts
tests/unit/bootstrap-owner075.test.mjs
tests/unit/campaign-banners076.test.ts
tests/unit/catalog-checkout.test.ts
tests/unit/consolidation.test.ts
tests/unit/content-editor-state.test.ts
tests/unit/crm-ux028-eligibility.test.ts
tests/unit/crm.test.ts
tests/unit/customers-contextual.test.ts
tests/unit/domain.test.ts
tests/unit/email-content.test.ts
tests/unit/email-delivery-security.test.ts
tests/unit/invoice-statement-view.test.ts
tests/unit/invoices.test.ts
tests/unit/manual-delivery-estimate064.test.ts
tests/unit/membership-command.test.ts
tests/unit/membership-reminder-policy.test.ts
tests/unit/membership-term.test.ts
tests/unit/payos-signature.test.ts
tests/unit/provider-release-gate067.test.ts
tests/unit/shipping-contextual.test.ts
tests/unit/shipping-question027.test.ts
tests/unit/shipping-queue028.test.ts
tests/unit/shipping-rates027.test.ts
tests/unit/shipping.test.ts",PROPOSED_TEST_ORACLE_SOURCE_REFERENCED_NOT_EXECUTED,NOT_RUN,,,,NONE,,,,
SG-INT-029,integration,INT,Order→invoice→profile edit,P0,"customer, OWNER, BUYER, WAREHOUSE, FINANCE, SUPPORT, CONTENT_EDITOR",EMULATOR,"Mỗi ca tạo namespace riêng; A/B + 7 staff; O-CAT và O-CUSTOM; hai dòng [2,3]; fake provider cho core; provider thật cần approval riêng.","Issue document cho order
đổi product/seller/profile
mở detail/print/share",Issued snapshot bất biến; live account info không rewrite document.,"Dùng invariant của nhóm và I1–I10 trong README; đối chiếu trước/sau, không chỉ response.","Độc lập: chạy với namespace sạch; biên/multiple variants trong steps phải có result con riêng, mọi variant pass mới PASS case.","src/app/App.tsx
functions/src/index.ts
functions/src/catalog-checkout.ts
functions/src/payments/payos.ts
functions/src/shipping.ts
functions/src/consolidation.ts
functions/src/invoices.ts
functions/src/membership.ts
functions/src/crm.ts
functions/src/ai/ask-workflow.ts
functions/src/email.ts","tests/browser/ask-integration-owned049.ts
tests/browser/fixtures.ts
tests/browser/owned-commerce058.ts
tests/browser/release-api.spec.ts
tests/browser/release-catalog-fallback027.spec.ts
tests/browser/release-crm-admin-positive030.spec.ts
tests/browser/release-crm-boundaries028.spec.ts
tests/browser/release-crm-hardening.spec.ts
tests/browser/release-crm-keyboard-zoom031.spec.ts
tests/browser/release-crm-populated026.spec.ts
tests/browser/release-crm-presentation026.spec.ts
tests/browser/release-crm-records026.spec.ts
tests/browser/release-crm-recovery028.spec.ts
tests/browser/release-crm-taskflow.spec.ts
tests/browser/release-crm-ux028.spec.ts
tests/browser/release-crm.spec.ts
tests/browser/release-finance-activity-positive031.spec.ts
tests/browser/release-membership-plan-pagination034.spec.ts
tests/browser/release-package-batch-positive028.spec.ts
tests/browser/release-staff-authority026.spec.ts
tests/rules/ask-hardening.test.ts
tests/rules/ask-payment.test.ts
tests/rules/ask-workflow.test.ts
tests/rules/backend-authority-hardening.test.ts
tests/rules/biz-hardening.test.ts
tests/rules/blog-studio-advanced027.test.ts
tests/rules/catalog-checkout.test.ts
tests/rules/catalog-payments.test.ts
tests/rules/crm-authority026.test.ts
tests/rules/crm-boundaries028.test.ts
tests/rules/crm-hardening.test.ts
tests/rules/email-delivery.test.ts
tests/rules/invoices.test.ts
tests/rules/manual-delivery-estimate064.test.ts
tests/rules/membership.test.ts
tests/rules/private-read-authority026.test.ts
tests/rules/remaining-authority026.test.ts
tests/rules/server.test.ts
tests/rules/shipping-lookup028.test.ts
tests/rules/shipping-rates027.test.ts
tests/rules/staff-role-array026.test.ts
tests/unit/activity-contextual.test.ts
tests/unit/ask-business-contract026.test.ts
tests/unit/ask-read-task-plan038.test.ts
tests/unit/ask-transport.test.ts
tests/unit/ask-workflow.test.ts
tests/unit/blog-studio-advanced027.test.ts
tests/unit/bootstrap-owner075.test.mjs
tests/unit/campaign-banners076.test.ts
tests/unit/catalog-checkout.test.ts
tests/unit/consolidation.test.ts
tests/unit/content-editor-state.test.ts
tests/unit/crm-ux028-eligibility.test.ts
tests/unit/crm.test.ts
tests/unit/customers-contextual.test.ts
tests/unit/domain.test.ts
tests/unit/email-content.test.ts
tests/unit/email-delivery-security.test.ts
tests/unit/invoice-statement-view.test.ts
tests/unit/invoices.test.ts
tests/unit/manual-delivery-estimate064.test.ts
tests/unit/membership-command.test.ts
tests/unit/membership-reminder-policy.test.ts
tests/unit/membership-term.test.ts
tests/unit/payos-signature.test.ts
tests/unit/provider-release-gate067.test.ts
tests/unit/shipping-contextual.test.ts
tests/unit/shipping-question027.test.ts
tests/unit/shipping-queue028.test.ts
tests/unit/shipping-rates027.test.ts
tests/unit/shipping.test.ts",PROPOSED_TEST_ORACLE_SOURCE_REFERENCED_NOT_EXECUTED,NOT_RUN,,,,NONE,,,,
SG-INT-030,integration,INT,Share revoke giữa read,P0,"customer, OWNER, BUYER, WAREHOUSE, FINANCE, SUPPORT, CONTENT_EDITOR",EMULATOR,"Mỗi ca tạo namespace riêng; A/B + 7 staff; O-CAT và O-CUSTOM; hai dòng [2,3]; fake provider cho core; provider thật cần approval riêng.","Create share fixture token
begin read
revoke
request lại
inspect cache policy",Các read sau revoke bị deny theo source; không giữ share authority vô hạn.,"Dùng invariant của nhóm và I1–I10 trong README; đối chiếu trước/sau, không chỉ response.","Độc lập: chạy với namespace sạch; biên/multiple variants trong steps phải có result con riêng, mọi variant pass mới PASS case.","src/app/App.tsx
functions/src/index.ts
functions/src/catalog-checkout.ts
functions/src/payments/payos.ts
functions/src/shipping.ts
functions/src/consolidation.ts
functions/src/invoices.ts
functions/src/membership.ts
functions/src/crm.ts
functions/src/ai/ask-workflow.ts
functions/src/email.ts","tests/browser/ask-integration-owned049.ts
tests/browser/fixtures.ts
tests/browser/owned-commerce058.ts
tests/browser/release-api.spec.ts
tests/browser/release-catalog-fallback027.spec.ts
tests/browser/release-crm-admin-positive030.spec.ts
tests/browser/release-crm-boundaries028.spec.ts
tests/browser/release-crm-hardening.spec.ts
tests/browser/release-crm-keyboard-zoom031.spec.ts
tests/browser/release-crm-populated026.spec.ts
tests/browser/release-crm-presentation026.spec.ts
tests/browser/release-crm-records026.spec.ts
tests/browser/release-crm-recovery028.spec.ts
tests/browser/release-crm-taskflow.spec.ts
tests/browser/release-crm-ux028.spec.ts
tests/browser/release-crm.spec.ts
tests/browser/release-finance-activity-positive031.spec.ts
tests/browser/release-membership-plan-pagination034.spec.ts
tests/browser/release-package-batch-positive028.spec.ts
tests/browser/release-staff-authority026.spec.ts
tests/rules/ask-hardening.test.ts
tests/rules/ask-payment.test.ts
tests/rules/ask-workflow.test.ts
tests/rules/backend-authority-hardening.test.ts
tests/rules/biz-hardening.test.ts
tests/rules/blog-studio-advanced027.test.ts
tests/rules/catalog-checkout.test.ts
tests/rules/catalog-payments.test.ts
tests/rules/crm-authority026.test.ts
tests/rules/crm-boundaries028.test.ts
tests/rules/crm-hardening.test.ts
tests/rules/email-delivery.test.ts
tests/rules/invoices.test.ts
tests/rules/manual-delivery-estimate064.test.ts
tests/rules/membership.test.ts
tests/rules/private-read-authority026.test.ts
tests/rules/remaining-authority026.test.ts
tests/rules/server.test.ts
tests/rules/shipping-lookup028.test.ts
tests/rules/shipping-rates027.test.ts
tests/rules/staff-role-array026.test.ts
tests/unit/activity-contextual.test.ts
tests/unit/ask-business-contract026.test.ts
tests/unit/ask-read-task-plan038.test.ts
tests/unit/ask-transport.test.ts
tests/unit/ask-workflow.test.ts
tests/unit/blog-studio-advanced027.test.ts
tests/unit/bootstrap-owner075.test.mjs
tests/unit/campaign-banners076.test.ts
tests/unit/catalog-checkout.test.ts
tests/unit/consolidation.test.ts
tests/unit/content-editor-state.test.ts
tests/unit/crm-ux028-eligibility.test.ts
tests/unit/crm.test.ts
tests/unit/customers-contextual.test.ts
tests/unit/domain.test.ts
tests/unit/email-content.test.ts
tests/unit/email-delivery-security.test.ts
tests/unit/invoice-statement-view.test.ts
tests/unit/invoices.test.ts
tests/unit/manual-delivery-estimate064.test.ts
tests/unit/membership-command.test.ts
tests/unit/membership-reminder-policy.test.ts
tests/unit/membership-term.test.ts
tests/unit/payos-signature.test.ts
tests/unit/provider-release-gate067.test.ts
tests/unit/shipping-contextual.test.ts
tests/unit/shipping-question027.test.ts
tests/unit/shipping-queue028.test.ts
tests/unit/shipping-rates027.test.ts
tests/unit/shipping.test.ts",PROPOSED_TEST_ORACLE_SOURCE_REFERENCED_NOT_EXECUTED,NOT_RUN,,,,NONE,,,,
SG-INT-031,integration,INT,Issue→email unknown→resolution,P0,"customer, OWNER, BUYER, WAREHOUSE, FINANCE, SUPPORT, CONTENT_EDITOR",EMULATOR,"Mỗi ca tạo namespace riêng; A/B + 7 staff; O-CAT và O-CUSTOM; hai dòng [2,3]; fake provider cho core; provider thật cần approval riêng.","Ở fake mail harness queue job
provider fake nhận rồi mất ack
resolve sent
rerun worker",Không double send; UI không nói delivered khi unknown; production SMTP vẫn khóa.,"Dùng invariant của nhóm và I1–I10 trong README; đối chiếu trước/sau, không chỉ response.","Độc lập: chạy với namespace sạch; biên/multiple variants trong steps phải có result con riêng, mọi variant pass mới PASS case.","src/app/App.tsx
functions/src/index.ts
functions/src/catalog-checkout.ts
functions/src/payments/payos.ts
functions/src/shipping.ts
functions/src/consolidation.ts
functions/src/invoices.ts
functions/src/membership.ts
functions/src/crm.ts
functions/src/ai/ask-workflow.ts
functions/src/email.ts","tests/browser/ask-integration-owned049.ts
tests/browser/fixtures.ts
tests/browser/owned-commerce058.ts
tests/browser/release-api.spec.ts
tests/browser/release-catalog-fallback027.spec.ts
tests/browser/release-crm-admin-positive030.spec.ts
tests/browser/release-crm-boundaries028.spec.ts
tests/browser/release-crm-hardening.spec.ts
tests/browser/release-crm-keyboard-zoom031.spec.ts
tests/browser/release-crm-populated026.spec.ts
tests/browser/release-crm-presentation026.spec.ts
tests/browser/release-crm-records026.spec.ts
tests/browser/release-crm-recovery028.spec.ts
tests/browser/release-crm-taskflow.spec.ts
tests/browser/release-crm-ux028.spec.ts
tests/browser/release-crm.spec.ts
tests/browser/release-finance-activity-positive031.spec.ts
tests/browser/release-membership-plan-pagination034.spec.ts
tests/browser/release-package-batch-positive028.spec.ts
tests/browser/release-staff-authority026.spec.ts
tests/rules/ask-hardening.test.ts
tests/rules/ask-payment.test.ts
tests/rules/ask-workflow.test.ts
tests/rules/backend-authority-hardening.test.ts
tests/rules/biz-hardening.test.ts
tests/rules/blog-studio-advanced027.test.ts
tests/rules/catalog-checkout.test.ts
tests/rules/catalog-payments.test.ts
tests/rules/crm-authority026.test.ts
tests/rules/crm-boundaries028.test.ts
tests/rules/crm-hardening.test.ts
tests/rules/email-delivery.test.ts
tests/rules/invoices.test.ts
tests/rules/manual-delivery-estimate064.test.ts
tests/rules/membership.test.ts
tests/rules/private-read-authority026.test.ts
tests/rules/remaining-authority026.test.ts
tests/rules/server.test.ts
tests/rules/shipping-lookup028.test.ts
tests/rules/shipping-rates027.test.ts
tests/rules/staff-role-array026.test.ts
tests/unit/activity-contextual.test.ts
tests/unit/ask-business-contract026.test.ts
tests/unit/ask-read-task-plan038.test.ts
tests/unit/ask-transport.test.ts
tests/unit/ask-workflow.test.ts
tests/unit/blog-studio-advanced027.test.ts
tests/unit/bootstrap-owner075.test.mjs
tests/unit/campaign-banners076.test.ts
tests/unit/catalog-checkout.test.ts
tests/unit/consolidation.test.ts
tests/unit/content-editor-state.test.ts
tests/unit/crm-ux028-eligibility.test.ts
tests/unit/crm.test.ts
tests/unit/customers-contextual.test.ts
tests/unit/domain.test.ts
tests/unit/email-content.test.ts
tests/unit/email-delivery-security.test.ts
tests/unit/invoice-statement-view.test.ts
tests/unit/invoices.test.ts
tests/unit/manual-delivery-estimate064.test.ts
tests/unit/membership-command.test.ts
tests/unit/membership-reminder-policy.test.ts
tests/unit/membership-term.test.ts
tests/unit/payos-signature.test.ts
tests/unit/provider-release-gate067.test.ts
tests/unit/shipping-contextual.test.ts
tests/unit/shipping-question027.test.ts
tests/unit/shipping-queue028.test.ts
tests/unit/shipping-rates027.test.ts
tests/unit/shipping.test.ts",PROPOSED_TEST_ORACLE_SOURCE_REFERENCED_NOT_EXECUTED,NOT_RUN,,,,NONE,,,,
SG-INT-032,integration,INT,Support cross channel,P0,"customer, OWNER, BUYER, WAREHOUSE, FINANCE, SUPPORT, CONTENT_EDITOR",EMULATOR,"Mỗi ca tạo namespace riêng; A/B + 7 staff; O-CAT và O-CUSTOM; hai dòng [2,3]; fake provider cho core; provider thật cần approval riêng.","A mở ticket từ Ask order
staff reply
account/Ask hiển thị cùng thread",Một thread context; nội bộ notes không gửi cho khách; message IDs không trùng.,"Dùng invariant của nhóm và I1–I10 trong README; đối chiếu trước/sau, không chỉ response.","Độc lập: chạy với namespace sạch; biên/multiple variants trong steps phải có result con riêng, mọi variant pass mới PASS case.","src/app/App.tsx
functions/src/index.ts
functions/src/catalog-checkout.ts
functions/src/payments/payos.ts
functions/src/shipping.ts
functions/src/consolidation.ts
functions/src/invoices.ts
functions/src/membership.ts
functions/src/crm.ts
functions/src/ai/ask-workflow.ts
functions/src/email.ts","tests/browser/ask-integration-owned049.ts
tests/browser/fixtures.ts
tests/browser/owned-commerce058.ts
tests/browser/release-api.spec.ts
tests/browser/release-catalog-fallback027.spec.ts
tests/browser/release-crm-admin-positive030.spec.ts
tests/browser/release-crm-boundaries028.spec.ts
tests/browser/release-crm-hardening.spec.ts
tests/browser/release-crm-keyboard-zoom031.spec.ts
tests/browser/release-crm-populated026.spec.ts
tests/browser/release-crm-presentation026.spec.ts
tests/browser/release-crm-records026.spec.ts
tests/browser/release-crm-recovery028.spec.ts
tests/browser/release-crm-taskflow.spec.ts
tests/browser/release-crm-ux028.spec.ts
tests/browser/release-crm.spec.ts
tests/browser/release-finance-activity-positive031.spec.ts
tests/browser/release-membership-plan-pagination034.spec.ts
tests/browser/release-package-batch-positive028.spec.ts
tests/browser/release-staff-authority026.spec.ts
tests/rules/ask-hardening.test.ts
tests/rules/ask-payment.test.ts
tests/rules/ask-workflow.test.ts
tests/rules/backend-authority-hardening.test.ts
tests/rules/biz-hardening.test.ts
tests/rules/blog-studio-advanced027.test.ts
tests/rules/catalog-checkout.test.ts
tests/rules/catalog-payments.test.ts
tests/rules/crm-authority026.test.ts
tests/rules/crm-boundaries028.test.ts
tests/rules/crm-hardening.test.ts
tests/rules/email-delivery.test.ts
tests/rules/invoices.test.ts
tests/rules/manual-delivery-estimate064.test.ts
tests/rules/membership.test.ts
tests/rules/private-read-authority026.test.ts
tests/rules/remaining-authority026.test.ts
tests/rules/server.test.ts
tests/rules/shipping-lookup028.test.ts
tests/rules/shipping-rates027.test.ts
tests/rules/staff-role-array026.test.ts
tests/unit/activity-contextual.test.ts
tests/unit/ask-business-contract026.test.ts
tests/unit/ask-read-task-plan038.test.ts
tests/unit/ask-transport.test.ts
tests/unit/ask-workflow.test.ts
tests/unit/blog-studio-advanced027.test.ts
tests/unit/bootstrap-owner075.test.mjs
tests/unit/campaign-banners076.test.ts
tests/unit/catalog-checkout.test.ts
tests/unit/consolidation.test.ts
tests/unit/content-editor-state.test.ts
tests/unit/crm-ux028-eligibility.test.ts
tests/unit/crm.test.ts
tests/unit/customers-contextual.test.ts
tests/unit/domain.test.ts
tests/unit/email-content.test.ts
tests/unit/email-delivery-security.test.ts
tests/unit/invoice-statement-view.test.ts
tests/unit/invoices.test.ts
tests/unit/manual-delivery-estimate064.test.ts
tests/unit/membership-command.test.ts
tests/unit/membership-reminder-policy.test.ts
tests/unit/membership-term.test.ts
tests/unit/payos-signature.test.ts
tests/unit/provider-release-gate067.test.ts
tests/unit/shipping-contextual.test.ts
tests/unit/shipping-question027.test.ts
tests/unit/shipping-queue028.test.ts
tests/unit/shipping-rates027.test.ts
tests/unit/shipping.test.ts",PROPOSED_TEST_ORACLE_SOURCE_REFERENCED_NOT_EXECUTED,NOT_RUN,,,,NONE,,,,
SG-INT-033,integration,INT,Staff revoke giữa read/write,P0,"customer, OWNER, BUYER, WAREHOUSE, FINANCE, SUPPORT, CONTENT_EDITOR",EMULATOR,"Mỗi ca tạo namespace riêng; A/B + 7 staff; O-CAT và O-CUSTOM; hai dòng [2,3]; fake provider cho core; provider thật cần approval riêng.","Buyer load assigned work
owner revoke
buyer submit/replay cached operation",Current role deny; không trả prior private result hoặc mutate qua token cũ.,"Dùng invariant của nhóm và I1–I10 trong README; đối chiếu trước/sau, không chỉ response.","Độc lập: chạy với namespace sạch; biên/multiple variants trong steps phải có result con riêng, mọi variant pass mới PASS case.","src/app/App.tsx
functions/src/index.ts
functions/src/catalog-checkout.ts
functions/src/payments/payos.ts
functions/src/shipping.ts
functions/src/consolidation.ts
functions/src/invoices.ts
functions/src/membership.ts
functions/src/crm.ts
functions/src/ai/ask-workflow.ts
functions/src/email.ts","tests/browser/ask-integration-owned049.ts
tests/browser/fixtures.ts
tests/browser/owned-commerce058.ts
tests/browser/release-api.spec.ts
tests/browser/release-catalog-fallback027.spec.ts
tests/browser/release-crm-admin-positive030.spec.ts
tests/browser/release-crm-boundaries028.spec.ts
tests/browser/release-crm-hardening.spec.ts
tests/browser/release-crm-keyboard-zoom031.spec.ts
tests/browser/release-crm-populated026.spec.ts
tests/browser/release-crm-presentation026.spec.ts
tests/browser/release-crm-records026.spec.ts
tests/browser/release-crm-recovery028.spec.ts
tests/browser/release-crm-taskflow.spec.ts
tests/browser/release-crm-ux028.spec.ts
tests/browser/release-crm.spec.ts
tests/browser/release-finance-activity-positive031.spec.ts
tests/browser/release-membership-plan-pagination034.spec.ts
tests/browser/release-package-batch-positive028.spec.ts
tests/browser/release-staff-authority026.spec.ts
tests/rules/ask-hardening.test.ts
tests/rules/ask-payment.test.ts
tests/rules/ask-workflow.test.ts
tests/rules/backend-authority-hardening.test.ts
tests/rules/biz-hardening.test.ts
tests/rules/blog-studio-advanced027.test.ts
tests/rules/catalog-checkout.test.ts
tests/rules/catalog-payments.test.ts
tests/rules/crm-authority026.test.ts
tests/rules/crm-boundaries028.test.ts
tests/rules/crm-hardening.test.ts
tests/rules/email-delivery.test.ts
tests/rules/invoices.test.ts
tests/rules/manual-delivery-estimate064.test.ts
tests/rules/membership.test.ts
tests/rules/private-read-authority026.test.ts
tests/rules/remaining-authority026.test.ts
tests/rules/server.test.ts
tests/rules/shipping-lookup028.test.ts
tests/rules/shipping-rates027.test.ts
tests/rules/staff-role-array026.test.ts
tests/unit/activity-contextual.test.ts
tests/unit/ask-business-contract026.test.ts
tests/unit/ask-read-task-plan038.test.ts
tests/unit/ask-transport.test.ts
tests/unit/ask-workflow.test.ts
tests/unit/blog-studio-advanced027.test.ts
tests/unit/bootstrap-owner075.test.mjs
tests/unit/campaign-banners076.test.ts
tests/unit/catalog-checkout.test.ts
tests/unit/consolidation.test.ts
tests/unit/content-editor-state.test.ts
tests/unit/crm-ux028-eligibility.test.ts
tests/unit/crm.test.ts
tests/unit/customers-contextual.test.ts
tests/unit/domain.test.ts
tests/unit/email-content.test.ts
tests/unit/email-delivery-security.test.ts
tests/unit/invoice-statement-view.test.ts
tests/unit/invoices.test.ts
tests/unit/manual-delivery-estimate064.test.ts
tests/unit/membership-command.test.ts
tests/unit/membership-reminder-policy.test.ts
tests/unit/membership-term.test.ts
tests/unit/payos-signature.test.ts
tests/unit/provider-release-gate067.test.ts
tests/unit/shipping-contextual.test.ts
tests/unit/shipping-question027.test.ts
tests/unit/shipping-queue028.test.ts
tests/unit/shipping-rates027.test.ts
tests/unit/shipping.test.ts",PROPOSED_TEST_ORACLE_SOURCE_REFERENCED_NOT_EXECUTED,NOT_RUN,,,,NONE,,,,
SG-INT-034,integration,INT,Order reassignment,P0,"customer, OWNER, BUYER, WAREHOUSE, FINANCE, SUPPORT, CONTENT_EDITOR",EMULATOR,"Mỗi ca tạo namespace riêng; A/B + 7 staff; O-CAT và O-CUSTOM; hai dòng [2,3]; fake provider cho core; provider thật cần approval riêng.","Buyer1 assigned order
reassign Buyer2
Buyer1 stale recordPurchase
Buyer2 current",Chỉ assignment hiện hành đủ quyền; không mua trùng hoặc lộ operations ngoài scope.,"Dùng invariant của nhóm và I1–I10 trong README; đối chiếu trước/sau, không chỉ response.","Độc lập: chạy với namespace sạch; biên/multiple variants trong steps phải có result con riêng, mọi variant pass mới PASS case.","src/app/App.tsx
functions/src/index.ts
functions/src/catalog-checkout.ts
functions/src/payments/payos.ts
functions/src/shipping.ts
functions/src/consolidation.ts
functions/src/invoices.ts
functions/src/membership.ts
functions/src/crm.ts
functions/src/ai/ask-workflow.ts
functions/src/email.ts","tests/browser/ask-integration-owned049.ts
tests/browser/fixtures.ts
tests/browser/owned-commerce058.ts
tests/browser/release-api.spec.ts
tests/browser/release-catalog-fallback027.spec.ts
tests/browser/release-crm-admin-positive030.spec.ts
tests/browser/release-crm-boundaries028.spec.ts
tests/browser/release-crm-hardening.spec.ts
tests/browser/release-crm-keyboard-zoom031.spec.ts
tests/browser/release-crm-populated026.spec.ts
tests/browser/release-crm-presentation026.spec.ts
tests/browser/release-crm-records026.spec.ts
tests/browser/release-crm-recovery028.spec.ts
tests/browser/release-crm-taskflow.spec.ts
tests/browser/release-crm-ux028.spec.ts
tests/browser/release-crm.spec.ts
tests/browser/release-finance-activity-positive031.spec.ts
tests/browser/release-membership-plan-pagination034.spec.ts
tests/browser/release-package-batch-positive028.spec.ts
tests/browser/release-staff-authority026.spec.ts
tests/rules/ask-hardening.test.ts
tests/rules/ask-payment.test.ts
tests/rules/ask-workflow.test.ts
tests/rules/backend-authority-hardening.test.ts
tests/rules/biz-hardening.test.ts
tests/rules/blog-studio-advanced027.test.ts
tests/rules/catalog-checkout.test.ts
tests/rules/catalog-payments.test.ts
tests/rules/crm-authority026.test.ts
tests/rules/crm-boundaries028.test.ts
tests/rules/crm-hardening.test.ts
tests/rules/email-delivery.test.ts
tests/rules/invoices.test.ts
tests/rules/manual-delivery-estimate064.test.ts
tests/rules/membership.test.ts
tests/rules/private-read-authority026.test.ts
tests/rules/remaining-authority026.test.ts
tests/rules/server.test.ts
tests/rules/shipping-lookup028.test.ts
tests/rules/shipping-rates027.test.ts
tests/rules/staff-role-array026.test.ts
tests/unit/activity-contextual.test.ts
tests/unit/ask-business-contract026.test.ts
tests/unit/ask-read-task-plan038.test.ts
tests/unit/ask-transport.test.ts
tests/unit/ask-workflow.test.ts
tests/unit/blog-studio-advanced027.test.ts
tests/unit/bootstrap-owner075.test.mjs
tests/unit/campaign-banners076.test.ts
tests/unit/catalog-checkout.test.ts
tests/unit/consolidation.test.ts
tests/unit/content-editor-state.test.ts
tests/unit/crm-ux028-eligibility.test.ts
tests/unit/crm.test.ts
tests/unit/customers-contextual.test.ts
tests/unit/domain.test.ts
tests/unit/email-content.test.ts
tests/unit/email-delivery-security.test.ts
tests/unit/invoice-statement-view.test.ts
tests/unit/invoices.test.ts
tests/unit/manual-delivery-estimate064.test.ts
tests/unit/membership-command.test.ts
tests/unit/membership-reminder-policy.test.ts
tests/unit/membership-term.test.ts
tests/unit/payos-signature.test.ts
tests/unit/provider-release-gate067.test.ts
tests/unit/shipping-contextual.test.ts
tests/unit/shipping-question027.test.ts
tests/unit/shipping-queue028.test.ts
tests/unit/shipping-rates027.test.ts
tests/unit/shipping.test.ts",PROPOSED_TEST_ORACLE_SOURCE_REFERENCED_NOT_EXECUTED,NOT_RUN,,,,NONE,,,,
SG-INT-035,integration,INT,Sign out tất cả channels,P0,"customer, OWNER, BUYER, WAREHOUSE, FINANCE, SUPPORT, CONTENT_EDITOR",EMULATOR,"Mỗi ca tạo namespace riêng; A/B + 7 staff; O-CAT và O-CUSTOM; hai dòng [2,3]; fake provider cho core; provider thật cần approval riêng.","A mở Ask/order/document/support listeners
logout rồi B login
delay A callbacks",Không private content A ở bất kỳ channel B; listeners/cache cleanup.,"Dùng invariant của nhóm và I1–I10 trong README; đối chiếu trước/sau, không chỉ response.","Độc lập: chạy với namespace sạch; biên/multiple variants trong steps phải có result con riêng, mọi variant pass mới PASS case.","src/app/App.tsx
functions/src/index.ts
functions/src/catalog-checkout.ts
functions/src/payments/payos.ts
functions/src/shipping.ts
functions/src/consolidation.ts
functions/src/invoices.ts
functions/src/membership.ts
functions/src/crm.ts
functions/src/ai/ask-workflow.ts
functions/src/email.ts","tests/browser/ask-integration-owned049.ts
tests/browser/fixtures.ts
tests/browser/owned-commerce058.ts
tests/browser/release-api.spec.ts
tests/browser/release-catalog-fallback027.spec.ts
tests/browser/release-crm-admin-positive030.spec.ts
tests/browser/release-crm-boundaries028.spec.ts
tests/browser/release-crm-hardening.spec.ts
tests/browser/release-crm-keyboard-zoom031.spec.ts
tests/browser/release-crm-populated026.spec.ts
tests/browser/release-crm-presentation026.spec.ts
tests/browser/release-crm-records026.spec.ts
tests/browser/release-crm-recovery028.spec.ts
tests/browser/release-crm-taskflow.spec.ts
tests/browser/release-crm-ux028.spec.ts
tests/browser/release-crm.spec.ts
tests/browser/release-finance-activity-positive031.spec.ts
tests/browser/release-membership-plan-pagination034.spec.ts
tests/browser/release-package-batch-positive028.spec.ts
tests/browser/release-staff-authority026.spec.ts
tests/rules/ask-hardening.test.ts
tests/rules/ask-payment.test.ts
tests/rules/ask-workflow.test.ts
tests/rules/backend-authority-hardening.test.ts
tests/rules/biz-hardening.test.ts
tests/rules/blog-studio-advanced027.test.ts
tests/rules/catalog-checkout.test.ts
tests/rules/catalog-payments.test.ts
tests/rules/crm-authority026.test.ts
tests/rules/crm-boundaries028.test.ts
tests/rules/crm-hardening.test.ts
tests/rules/email-delivery.test.ts
tests/rules/invoices.test.ts
tests/rules/manual-delivery-estimate064.test.ts
tests/rules/membership.test.ts
tests/rules/private-read-authority026.test.ts
tests/rules/remaining-authority026.test.ts
tests/rules/server.test.ts
tests/rules/shipping-lookup028.test.ts
tests/rules/shipping-rates027.test.ts
tests/rules/staff-role-array026.test.ts
tests/unit/activity-contextual.test.ts
tests/unit/ask-business-contract026.test.ts
tests/unit/ask-read-task-plan038.test.ts
tests/unit/ask-transport.test.ts
tests/unit/ask-workflow.test.ts
tests/unit/blog-studio-advanced027.test.ts
tests/unit/bootstrap-owner075.test.mjs
tests/unit/campaign-banners076.test.ts
tests/unit/catalog-checkout.test.ts
tests/unit/consolidation.test.ts
tests/unit/content-editor-state.test.ts
tests/unit/crm-ux028-eligibility.test.ts
tests/unit/crm.test.ts
tests/unit/customers-contextual.test.ts
tests/unit/domain.test.ts
tests/unit/email-content.test.ts
tests/unit/email-delivery-security.test.ts
tests/unit/invoice-statement-view.test.ts
tests/unit/invoices.test.ts
tests/unit/manual-delivery-estimate064.test.ts
tests/unit/membership-command.test.ts
tests/unit/membership-reminder-policy.test.ts
tests/unit/membership-term.test.ts
tests/unit/payos-signature.test.ts
tests/unit/provider-release-gate067.test.ts
tests/unit/shipping-contextual.test.ts
tests/unit/shipping-question027.test.ts
tests/unit/shipping-queue028.test.ts
tests/unit/shipping-rates027.test.ts
tests/unit/shipping.test.ts",PROPOSED_TEST_ORACLE_SOURCE_REFERENCED_NOT_EXECUTED,NOT_RUN,,,,NONE,,,,
SG-INT-036,integration,INT,Firestore Rules vs Admin SDK,P0,"customer, OWNER, BUYER, WAREHOUSE, FINANCE, SUPPORT, CONTENT_EDITOR",EMULATOR,"Mỗi ca tạo namespace riêng; A/B + 7 staff; O-CAT và O-CUSTOM; hai dòng [2,3]; fake provider cho core; provider thật cần approval riêng.","A direct đọc B order/media và gọi handler tương ứng
staff đúng scope dùng callable","Rules deny trực tiếp; Admin SDK handler vẫn enforce identity/authority, không dựa Rules để bảo vệ Admin.","Dùng invariant của nhóm và I1–I10 trong README; đối chiếu trước/sau, không chỉ response.","Độc lập: chạy với namespace sạch; biên/multiple variants trong steps phải có result con riêng, mọi variant pass mới PASS case.","src/app/App.tsx
functions/src/index.ts
functions/src/catalog-checkout.ts
functions/src/payments/payos.ts
functions/src/shipping.ts
functions/src/consolidation.ts
functions/src/invoices.ts
functions/src/membership.ts
functions/src/crm.ts
functions/src/ai/ask-workflow.ts
functions/src/email.ts","tests/browser/ask-integration-owned049.ts
tests/browser/fixtures.ts
tests/browser/owned-commerce058.ts
tests/browser/release-api.spec.ts
tests/browser/release-catalog-fallback027.spec.ts
tests/browser/release-crm-admin-positive030.spec.ts
tests/browser/release-crm-boundaries028.spec.ts
tests/browser/release-crm-hardening.spec.ts
tests/browser/release-crm-keyboard-zoom031.spec.ts
tests/browser/release-crm-populated026.spec.ts
tests/browser/release-crm-presentation026.spec.ts
tests/browser/release-crm-records026.spec.ts
tests/browser/release-crm-recovery028.spec.ts
tests/browser/release-crm-taskflow.spec.ts
tests/browser/release-crm-ux028.spec.ts
tests/browser/release-crm.spec.ts
tests/browser/release-finance-activity-positive031.spec.ts
tests/browser/release-membership-plan-pagination034.spec.ts
tests/browser/release-package-batch-positive028.spec.ts
tests/browser/release-staff-authority026.spec.ts
tests/rules/ask-hardening.test.ts
tests/rules/ask-payment.test.ts
tests/rules/ask-workflow.test.ts
tests/rules/backend-authority-hardening.test.ts
tests/rules/biz-hardening.test.ts
tests/rules/blog-studio-advanced027.test.ts
tests/rules/catalog-checkout.test.ts
tests/rules/catalog-payments.test.ts
tests/rules/crm-authority026.test.ts
tests/rules/crm-boundaries028.test.ts
tests/rules/crm-hardening.test.ts
tests/rules/email-delivery.test.ts
tests/rules/invoices.test.ts
tests/rules/manual-delivery-estimate064.test.ts
tests/rules/membership.test.ts
tests/rules/private-read-authority026.test.ts
tests/rules/remaining-authority026.test.ts
tests/rules/server.test.ts
tests/rules/shipping-lookup028.test.ts
tests/rules/shipping-rates027.test.ts
tests/rules/staff-role-array026.test.ts
tests/unit/activity-contextual.test.ts
tests/unit/ask-business-contract026.test.ts
tests/unit/ask-read-task-plan038.test.ts
tests/unit/ask-transport.test.ts
tests/unit/ask-workflow.test.ts
tests/unit/blog-studio-advanced027.test.ts
tests/unit/bootstrap-owner075.test.mjs
tests/unit/campaign-banners076.test.ts
tests/unit/catalog-checkout.test.ts
tests/unit/consolidation.test.ts
tests/unit/content-editor-state.test.ts
tests/unit/crm-ux028-eligibility.test.ts
tests/unit/crm.test.ts
tests/unit/customers-contextual.test.ts
tests/unit/domain.test.ts
tests/unit/email-content.test.ts
tests/unit/email-delivery-security.test.ts
tests/unit/invoice-statement-view.test.ts
tests/unit/invoices.test.ts
tests/unit/manual-delivery-estimate064.test.ts
tests/unit/membership-command.test.ts
tests/unit/membership-reminder-policy.test.ts
tests/unit/membership-term.test.ts
tests/unit/payos-signature.test.ts
tests/unit/provider-release-gate067.test.ts
tests/unit/shipping-contextual.test.ts
tests/unit/shipping-question027.test.ts
tests/unit/shipping-queue028.test.ts
tests/unit/shipping-rates027.test.ts
tests/unit/shipping.test.ts",PROPOSED_TEST_ORACLE_SOURCE_REFERENCED_NOT_EXECUTED,NOT_RUN,,,,NONE,,,,
SG-INT-037,integration,INT,Studio publish→public→Ask,P0,"customer, OWNER, BUYER, WAREHOUSE, FINANCE, SUPPORT, CONTENT_EDITOR",EMULATOR,"Mỗi ca tạo namespace riêng; A/B + 7 staff; O-CAT và O-CUSTOM; hai dòng [2,3]; fake provider cho core; provider thật cần approval riêng.","Editor publish post có taxonomy/media
public renderer/canonical/search đọc
retrieval Ask đọc",Đúng published version; draft/archived không vào retrieval; paid AI không tự mở.,"Dùng invariant của nhóm và I1–I10 trong README; đối chiếu trước/sau, không chỉ response.","Độc lập: chạy với namespace sạch; biên/multiple variants trong steps phải có result con riêng, mọi variant pass mới PASS case.","src/app/App.tsx
functions/src/index.ts
functions/src/catalog-checkout.ts
functions/src/payments/payos.ts
functions/src/shipping.ts
functions/src/consolidation.ts
functions/src/invoices.ts
functions/src/membership.ts
functions/src/crm.ts
functions/src/ai/ask-workflow.ts
functions/src/email.ts","tests/browser/ask-integration-owned049.ts
tests/browser/fixtures.ts
tests/browser/owned-commerce058.ts
tests/browser/release-api.spec.ts
tests/browser/release-catalog-fallback027.spec.ts
tests/browser/release-crm-admin-positive030.spec.ts
tests/browser/release-crm-boundaries028.spec.ts
tests/browser/release-crm-hardening.spec.ts
tests/browser/release-crm-keyboard-zoom031.spec.ts
tests/browser/release-crm-populated026.spec.ts
tests/browser/release-crm-presentation026.spec.ts
tests/browser/release-crm-records026.spec.ts
tests/browser/release-crm-recovery028.spec.ts
tests/browser/release-crm-taskflow.spec.ts
tests/browser/release-crm-ux028.spec.ts
tests/browser/release-crm.spec.ts
tests/browser/release-finance-activity-positive031.spec.ts
tests/browser/release-membership-plan-pagination034.spec.ts
tests/browser/release-package-batch-positive028.spec.ts
tests/browser/release-staff-authority026.spec.ts
tests/rules/ask-hardening.test.ts
tests/rules/ask-payment.test.ts
tests/rules/ask-workflow.test.ts
tests/rules/backend-authority-hardening.test.ts
tests/rules/biz-hardening.test.ts
tests/rules/blog-studio-advanced027.test.ts
tests/rules/catalog-checkout.test.ts
tests/rules/catalog-payments.test.ts
tests/rules/crm-authority026.test.ts
tests/rules/crm-boundaries028.test.ts
tests/rules/crm-hardening.test.ts
tests/rules/email-delivery.test.ts
tests/rules/invoices.test.ts
tests/rules/manual-delivery-estimate064.test.ts
tests/rules/membership.test.ts
tests/rules/private-read-authority026.test.ts
tests/rules/remaining-authority026.test.ts
tests/rules/server.test.ts
tests/rules/shipping-lookup028.test.ts
tests/rules/shipping-rates027.test.ts
tests/rules/staff-role-array026.test.ts
tests/unit/activity-contextual.test.ts
tests/unit/ask-business-contract026.test.ts
tests/unit/ask-read-task-plan038.test.ts
tests/unit/ask-transport.test.ts
tests/unit/ask-workflow.test.ts
tests/unit/blog-studio-advanced027.test.ts
tests/unit/bootstrap-owner075.test.mjs
tests/unit/campaign-banners076.test.ts
tests/unit/catalog-checkout.test.ts
tests/unit/consolidation.test.ts
tests/unit/content-editor-state.test.ts
tests/unit/crm-ux028-eligibility.test.ts
tests/unit/crm.test.ts
tests/unit/customers-contextual.test.ts
tests/unit/domain.test.ts
tests/unit/email-content.test.ts
tests/unit/email-delivery-security.test.ts
tests/unit/invoice-statement-view.test.ts
tests/unit/invoices.test.ts
tests/unit/manual-delivery-estimate064.test.ts
tests/unit/membership-command.test.ts
tests/unit/membership-reminder-policy.test.ts
tests/unit/membership-term.test.ts
tests/unit/payos-signature.test.ts
tests/unit/provider-release-gate067.test.ts
tests/unit/shipping-contextual.test.ts
tests/unit/shipping-question027.test.ts
tests/unit/shipping-queue028.test.ts
tests/unit/shipping-rates027.test.ts
tests/unit/shipping.test.ts",PROPOSED_TEST_ORACLE_SOURCE_REFERENCED_NOT_EXECUTED,NOT_RUN,,,,NONE,,,,
SG-INT-038,integration,INT,Studio revoke→scheduled publish,P0,"customer, OWNER, BUYER, WAREHOUSE, FINANCE, SUPPORT, CONTENT_EDITOR",EMULATOR,"Mỗi ca tạo namespace riêng; A/B + 7 staff; O-CAT và O-CUSTOM; hai dòng [2,3]; fake provider cho core; provider thật cần approval riêng.","Writer schedules theo quyền
revoke member
approved demo clock đến hạn",Authority/schedule contract được recheck; không publish nội dung bị thu quyền trái source.,"Dùng invariant của nhóm và I1–I10 trong README; đối chiếu trước/sau, không chỉ response.","Độc lập: chạy với namespace sạch; biên/multiple variants trong steps phải có result con riêng, mọi variant pass mới PASS case.","src/app/App.tsx
functions/src/index.ts
functions/src/catalog-checkout.ts
functions/src/payments/payos.ts
functions/src/shipping.ts
functions/src/consolidation.ts
functions/src/invoices.ts
functions/src/membership.ts
functions/src/crm.ts
functions/src/ai/ask-workflow.ts
functions/src/email.ts","tests/browser/ask-integration-owned049.ts
tests/browser/fixtures.ts
tests/browser/owned-commerce058.ts
tests/browser/release-api.spec.ts
tests/browser/release-catalog-fallback027.spec.ts
tests/browser/release-crm-admin-positive030.spec.ts
tests/browser/release-crm-boundaries028.spec.ts
tests/browser/release-crm-hardening.spec.ts
tests/browser/release-crm-keyboard-zoom031.spec.ts
tests/browser/release-crm-populated026.spec.ts
tests/browser/release-crm-presentation026.spec.ts
tests/browser/release-crm-records026.spec.ts
tests/browser/release-crm-recovery028.spec.ts
tests/browser/release-crm-taskflow.spec.ts
tests/browser/release-crm-ux028.spec.ts
tests/browser/release-crm.spec.ts
tests/browser/release-finance-activity-positive031.spec.ts
tests/browser/release-membership-plan-pagination034.spec.ts
tests/browser/release-package-batch-positive028.spec.ts
tests/browser/release-staff-authority026.spec.ts
tests/rules/ask-hardening.test.ts
tests/rules/ask-payment.test.ts
tests/rules/ask-workflow.test.ts
tests/rules/backend-authority-hardening.test.ts
tests/rules/biz-hardening.test.ts
tests/rules/blog-studio-advanced027.test.ts
tests/rules/catalog-checkout.test.ts
tests/rules/catalog-payments.test.ts
tests/rules/crm-authority026.test.ts
tests/rules/crm-boundaries028.test.ts
tests/rules/crm-hardening.test.ts
tests/rules/email-delivery.test.ts
tests/rules/invoices.test.ts
tests/rules/manual-delivery-estimate064.test.ts
tests/rules/membership.test.ts
tests/rules/private-read-authority026.test.ts
tests/rules/remaining-authority026.test.ts
tests/rules/server.test.ts
tests/rules/shipping-lookup028.test.ts
tests/rules/shipping-rates027.test.ts
tests/rules/staff-role-array026.test.ts
tests/unit/activity-contextual.test.ts
tests/unit/ask-business-contract026.test.ts
tests/unit/ask-read-task-plan038.test.ts
tests/unit/ask-transport.test.ts
tests/unit/ask-workflow.test.ts
tests/unit/blog-studio-advanced027.test.ts
tests/unit/bootstrap-owner075.test.mjs
tests/unit/campaign-banners076.test.ts
tests/unit/catalog-checkout.test.ts
tests/unit/consolidation.test.ts
tests/unit/content-editor-state.test.ts
tests/unit/crm-ux028-eligibility.test.ts
tests/unit/crm.test.ts
tests/unit/customers-contextual.test.ts
tests/unit/domain.test.ts
tests/unit/email-content.test.ts
tests/unit/email-delivery-security.test.ts
tests/unit/invoice-statement-view.test.ts
tests/unit/invoices.test.ts
tests/unit/manual-delivery-estimate064.test.ts
tests/unit/membership-command.test.ts
tests/unit/membership-reminder-policy.test.ts
tests/unit/membership-term.test.ts
tests/unit/payos-signature.test.ts
tests/unit/provider-release-gate067.test.ts
tests/unit/shipping-contextual.test.ts
tests/unit/shipping-question027.test.ts
tests/unit/shipping-queue028.test.ts
tests/unit/shipping-rates027.test.ts
tests/unit/shipping.test.ts",PROPOSED_TEST_ORACLE_SOURCE_REFERENCED_NOT_EXECUTED,NOT_RUN,,,,NONE,,,,
SG-INT-039,integration,INT,Post unpublish→comment/media,P0,"customer, OWNER, BUYER, WAREHOUSE, FINANCE, SUPPORT, CONTENT_EDITOR",EMULATOR,"Mỗi ca tạo namespace riêng; A/B + 7 staff; O-CAT và O-CUSTOM; hai dòng [2,3]; fake provider cho core; provider thật cần approval riêng.","Post published có ảnh/comment
unpublish
public page, image,comments,retrieval refresh",Không bypass publication qua children hoặc stale URLs; cache thu hồi theo hợp đồng.,"Dùng invariant của nhóm và I1–I10 trong README; đối chiếu trước/sau, không chỉ response.","Độc lập: chạy với namespace sạch; biên/multiple variants trong steps phải có result con riêng, mọi variant pass mới PASS case.","src/app/App.tsx
functions/src/index.ts
functions/src/catalog-checkout.ts
functions/src/payments/payos.ts
functions/src/shipping.ts
functions/src/consolidation.ts
functions/src/invoices.ts
functions/src/membership.ts
functions/src/crm.ts
functions/src/ai/ask-workflow.ts
functions/src/email.ts","tests/browser/ask-integration-owned049.ts
tests/browser/fixtures.ts
tests/browser/owned-commerce058.ts
tests/browser/release-api.spec.ts
tests/browser/release-catalog-fallback027.spec.ts
tests/browser/release-crm-admin-positive030.spec.ts
tests/browser/release-crm-boundaries028.spec.ts
tests/browser/release-crm-hardening.spec.ts
tests/browser/release-crm-keyboard-zoom031.spec.ts
tests/browser/release-crm-populated026.spec.ts
tests/browser/release-crm-presentation026.spec.ts
tests/browser/release-crm-records026.spec.ts
tests/browser/release-crm-recovery028.spec.ts
tests/browser/release-crm-taskflow.spec.ts
tests/browser/release-crm-ux028.spec.ts
tests/browser/release-crm.spec.ts
tests/browser/release-finance-activity-positive031.spec.ts
tests/browser/release-membership-plan-pagination034.spec.ts
tests/browser/release-package-batch-positive028.spec.ts
tests/browser/release-staff-authority026.spec.ts
tests/rules/ask-hardening.test.ts
tests/rules/ask-payment.test.ts
tests/rules/ask-workflow.test.ts
tests/rules/backend-authority-hardening.test.ts
tests/rules/biz-hardening.test.ts
tests/rules/blog-studio-advanced027.test.ts
tests/rules/catalog-checkout.test.ts
tests/rules/catalog-payments.test.ts
tests/rules/crm-authority026.test.ts
tests/rules/crm-boundaries028.test.ts
tests/rules/crm-hardening.test.ts
tests/rules/email-delivery.test.ts
tests/rules/invoices.test.ts
tests/rules/manual-delivery-estimate064.test.ts
tests/rules/membership.test.ts
tests/rules/private-read-authority026.test.ts
tests/rules/remaining-authority026.test.ts
tests/rules/server.test.ts
tests/rules/shipping-lookup028.test.ts
tests/rules/shipping-rates027.test.ts
tests/rules/staff-role-array026.test.ts
tests/unit/activity-contextual.test.ts
tests/unit/ask-business-contract026.test.ts
tests/unit/ask-read-task-plan038.test.ts
tests/unit/ask-transport.test.ts
tests/unit/ask-workflow.test.ts
tests/unit/blog-studio-advanced027.test.ts
tests/unit/bootstrap-owner075.test.mjs
tests/unit/campaign-banners076.test.ts
tests/unit/catalog-checkout.test.ts
tests/unit/consolidation.test.ts
tests/unit/content-editor-state.test.ts
tests/unit/crm-ux028-eligibility.test.ts
tests/unit/crm.test.ts
tests/unit/customers-contextual.test.ts
tests/unit/domain.test.ts
tests/unit/email-content.test.ts
tests/unit/email-delivery-security.test.ts
tests/unit/invoice-statement-view.test.ts
tests/unit/invoices.test.ts
tests/unit/manual-delivery-estimate064.test.ts
tests/unit/membership-command.test.ts
tests/unit/membership-reminder-policy.test.ts
tests/unit/membership-term.test.ts
tests/unit/payos-signature.test.ts
tests/unit/provider-release-gate067.test.ts
tests/unit/shipping-contextual.test.ts
tests/unit/shipping-question027.test.ts
tests/unit/shipping-queue028.test.ts
tests/unit/shipping-rates027.test.ts
tests/unit/shipping.test.ts",PROPOSED_TEST_ORACLE_SOURCE_REFERENCED_NOT_EXECUTED,NOT_RUN,,,,NONE,,,,
SG-INT-040,integration,INT,Banner schedule→public→checkout,P0,"customer, OWNER, BUYER, WAREHOUSE, FINANCE, SUPPORT, CONTENT_EDITOR",EMULATOR,"Mỗi ca tạo namespace riêng; A/B + 7 staff; O-CAT và O-CUSTOM; hai dòng [2,3]; fake provider cho core; provider thật cần approval riêng.","Publish banner link catalog
clock window boundaries
click checkout version current",Visibility và target hợp lệ; banner không cố định giá checkout từ nội dung cũ.,"Dùng invariant của nhóm và I1–I10 trong README; đối chiếu trước/sau, không chỉ response.","Độc lập: chạy với namespace sạch; biên/multiple variants trong steps phải có result con riêng, mọi variant pass mới PASS case.","src/app/App.tsx
functions/src/index.ts
functions/src/catalog-checkout.ts
functions/src/payments/payos.ts
functions/src/shipping.ts
functions/src/consolidation.ts
functions/src/invoices.ts
functions/src/membership.ts
functions/src/crm.ts
functions/src/ai/ask-workflow.ts
functions/src/email.ts","tests/browser/ask-integration-owned049.ts
tests/browser/fixtures.ts
tests/browser/owned-commerce058.ts
tests/browser/release-api.spec.ts
tests/browser/release-catalog-fallback027.spec.ts
tests/browser/release-crm-admin-positive030.spec.ts
tests/browser/release-crm-boundaries028.spec.ts
tests/browser/release-crm-hardening.spec.ts
tests/browser/release-crm-keyboard-zoom031.spec.ts
tests/browser/release-crm-populated026.spec.ts
tests/browser/release-crm-presentation026.spec.ts
tests/browser/release-crm-records026.spec.ts
tests/browser/release-crm-recovery028.spec.ts
tests/browser/release-crm-taskflow.spec.ts
tests/browser/release-crm-ux028.spec.ts
tests/browser/release-crm.spec.ts
tests/browser/release-finance-activity-positive031.spec.ts
tests/browser/release-membership-plan-pagination034.spec.ts
tests/browser/release-package-batch-positive028.spec.ts
tests/browser/release-staff-authority026.spec.ts
tests/rules/ask-hardening.test.ts
tests/rules/ask-payment.test.ts
tests/rules/ask-workflow.test.ts
tests/rules/backend-authority-hardening.test.ts
tests/rules/biz-hardening.test.ts
tests/rules/blog-studio-advanced027.test.ts
tests/rules/catalog-checkout.test.ts
tests/rules/catalog-payments.test.ts
tests/rules/crm-authority026.test.ts
tests/rules/crm-boundaries028.test.ts
tests/rules/crm-hardening.test.ts
tests/rules/email-delivery.test.ts
tests/rules/invoices.test.ts
tests/rules/manual-delivery-estimate064.test.ts
tests/rules/membership.test.ts
tests/rules/private-read-authority026.test.ts
tests/rules/remaining-authority026.test.ts
tests/rules/server.test.ts
tests/rules/shipping-lookup028.test.ts
tests/rules/shipping-rates027.test.ts
tests/rules/staff-role-array026.test.ts
tests/unit/activity-contextual.test.ts
tests/unit/ask-business-contract026.test.ts
tests/unit/ask-read-task-plan038.test.ts
tests/unit/ask-transport.test.ts
tests/unit/ask-workflow.test.ts
tests/unit/blog-studio-advanced027.test.ts
tests/unit/bootstrap-owner075.test.mjs
tests/unit/campaign-banners076.test.ts
tests/unit/catalog-checkout.test.ts
tests/unit/consolidation.test.ts
tests/unit/content-editor-state.test.ts
tests/unit/crm-ux028-eligibility.test.ts
tests/unit/crm.test.ts
tests/unit/customers-contextual.test.ts
tests/unit/domain.test.ts
tests/unit/email-content.test.ts
tests/unit/email-delivery-security.test.ts
tests/unit/invoice-statement-view.test.ts
tests/unit/invoices.test.ts
tests/unit/manual-delivery-estimate064.test.ts
tests/unit/membership-command.test.ts
tests/unit/membership-reminder-policy.test.ts
tests/unit/membership-term.test.ts
tests/unit/payos-signature.test.ts
tests/unit/provider-release-gate067.test.ts
tests/unit/shipping-contextual.test.ts
tests/unit/shipping-question027.test.ts
tests/unit/shipping-queue028.test.ts
tests/unit/shipping-rates027.test.ts
tests/unit/shipping.test.ts",PROPOSED_TEST_ORACLE_SOURCE_REFERENCED_NOT_EXECUTED,NOT_RUN,,,,NONE,,,,
SG-INT-041,integration,INT,Rate config→Ask quote→order,P0,"customer, OWNER, BUYER, WAREHOUSE, FINANCE, SUPPORT, CONTENT_EDITOR",EMULATOR,"Mỗi ca tạo namespace riêng; A/B + 7 staff; O-CAT và O-CUSTOM; hai dòng [2,3]; fake provider cho core; provider thật cần approval riêng.","Publish rate
Ask tính estimate
create custom quote với actual freight
customer accept",Estimate freight-only khác quote payable; không tự thêm tax/FX hoặc cam kết total.,"Dùng invariant của nhóm và I1–I10 trong README; đối chiếu trước/sau, không chỉ response.","Độc lập: chạy với namespace sạch; biên/multiple variants trong steps phải có result con riêng, mọi variant pass mới PASS case.","src/app/App.tsx
functions/src/index.ts
functions/src/catalog-checkout.ts
functions/src/payments/payos.ts
functions/src/shipping.ts
functions/src/consolidation.ts
functions/src/invoices.ts
functions/src/membership.ts
functions/src/crm.ts
functions/src/ai/ask-workflow.ts
functions/src/email.ts","tests/browser/ask-integration-owned049.ts
tests/browser/fixtures.ts
tests/browser/owned-commerce058.ts
tests/browser/release-api.spec.ts
tests/browser/release-catalog-fallback027.spec.ts
tests/browser/release-crm-admin-positive030.spec.ts
tests/browser/release-crm-boundaries028.spec.ts
tests/browser/release-crm-hardening.spec.ts
tests/browser/release-crm-keyboard-zoom031.spec.ts
tests/browser/release-crm-populated026.spec.ts
tests/browser/release-crm-presentation026.spec.ts
tests/browser/release-crm-records026.spec.ts
tests/browser/release-crm-recovery028.spec.ts
tests/browser/release-crm-taskflow.spec.ts
tests/browser/release-crm-ux028.spec.ts
tests/browser/release-crm.spec.ts
tests/browser/release-finance-activity-positive031.spec.ts
tests/browser/release-membership-plan-pagination034.spec.ts
tests/browser/release-package-batch-positive028.spec.ts
tests/browser/release-staff-authority026.spec.ts
tests/rules/ask-hardening.test.ts
tests/rules/ask-payment.test.ts
tests/rules/ask-workflow.test.ts
tests/rules/backend-authority-hardening.test.ts
tests/rules/biz-hardening.test.ts
tests/rules/blog-studio-advanced027.test.ts
tests/rules/catalog-checkout.test.ts
tests/rules/catalog-payments.test.ts
tests/rules/crm-authority026.test.ts
tests/rules/crm-boundaries028.test.ts
tests/rules/crm-hardening.test.ts
tests/rules/email-delivery.test.ts
tests/rules/invoices.test.ts
tests/rules/manual-delivery-estimate064.test.ts
tests/rules/membership.test.ts
tests/rules/private-read-authority026.test.ts
tests/rules/remaining-authority026.test.ts
tests/rules/server.test.ts
tests/rules/shipping-lookup028.test.ts
tests/rules/shipping-rates027.test.ts
tests/rules/staff-role-array026.test.ts
tests/unit/activity-contextual.test.ts
tests/unit/ask-business-contract026.test.ts
tests/unit/ask-read-task-plan038.test.ts
tests/unit/ask-transport.test.ts
tests/unit/ask-workflow.test.ts
tests/unit/blog-studio-advanced027.test.ts
tests/unit/bootstrap-owner075.test.mjs
tests/unit/campaign-banners076.test.ts
tests/unit/catalog-checkout.test.ts
tests/unit/consolidation.test.ts
tests/unit/content-editor-state.test.ts
tests/unit/crm-ux028-eligibility.test.ts
tests/unit/crm.test.ts
tests/unit/customers-contextual.test.ts
tests/unit/domain.test.ts
tests/unit/email-content.test.ts
tests/unit/email-delivery-security.test.ts
tests/unit/invoice-statement-view.test.ts
tests/unit/invoices.test.ts
tests/unit/manual-delivery-estimate064.test.ts
tests/unit/membership-command.test.ts
tests/unit/membership-reminder-policy.test.ts
tests/unit/membership-term.test.ts
tests/unit/payos-signature.test.ts
tests/unit/provider-release-gate067.test.ts
tests/unit/shipping-contextual.test.ts
tests/unit/shipping-question027.test.ts
tests/unit/shipping-queue028.test.ts
tests/unit/shipping-rates027.test.ts
tests/unit/shipping.test.ts",PROPOSED_TEST_ORACLE_SOURCE_REFERENCED_NOT_EXECUTED,NOT_RUN,,,,NONE,,,,
SG-INT-042,integration,INT,CRM partial read→export,P0,"customer, OWNER, BUYER, WAREHOUSE, FINANCE, SUPPORT, CONTENT_EDITOR",EMULATOR,"Mỗi ca tạo namespace riêng; A/B + 7 staff; O-CAT và O-CUSTOM; hai dòng [2,3]; fake provider cho core; provider thật cần approval riêng.","Fail summary source
staff list/customer detail/export
retry",Không biến unknown thành zero hoặc export summary giả full coverage; scope hiển thị rõ.,"Dùng invariant của nhóm và I1–I10 trong README; đối chiếu trước/sau, không chỉ response.","Độc lập: chạy với namespace sạch; biên/multiple variants trong steps phải có result con riêng, mọi variant pass mới PASS case.","src/app/App.tsx
functions/src/index.ts
functions/src/catalog-checkout.ts
functions/src/payments/payos.ts
functions/src/shipping.ts
functions/src/consolidation.ts
functions/src/invoices.ts
functions/src/membership.ts
functions/src/crm.ts
functions/src/ai/ask-workflow.ts
functions/src/email.ts","tests/browser/ask-integration-owned049.ts
tests/browser/fixtures.ts
tests/browser/owned-commerce058.ts
tests/browser/release-api.spec.ts
tests/browser/release-catalog-fallback027.spec.ts
tests/browser/release-crm-admin-positive030.spec.ts
tests/browser/release-crm-boundaries028.spec.ts
tests/browser/release-crm-hardening.spec.ts
tests/browser/release-crm-keyboard-zoom031.spec.ts
tests/browser/release-crm-populated026.spec.ts
tests/browser/release-crm-presentation026.spec.ts
tests/browser/release-crm-records026.spec.ts
tests/browser/release-crm-recovery028.spec.ts
tests/browser/release-crm-taskflow.spec.ts
tests/browser/release-crm-ux028.spec.ts
tests/browser/release-crm.spec.ts
tests/browser/release-finance-activity-positive031.spec.ts
tests/browser/release-membership-plan-pagination034.spec.ts
tests/browser/release-package-batch-positive028.spec.ts
tests/browser/release-staff-authority026.spec.ts
tests/rules/ask-hardening.test.ts
tests/rules/ask-payment.test.ts
tests/rules/ask-workflow.test.ts
tests/rules/backend-authority-hardening.test.ts
tests/rules/biz-hardening.test.ts
tests/rules/blog-studio-advanced027.test.ts
tests/rules/catalog-checkout.test.ts
tests/rules/catalog-payments.test.ts
tests/rules/crm-authority026.test.ts
tests/rules/crm-boundaries028.test.ts
tests/rules/crm-hardening.test.ts
tests/rules/email-delivery.test.ts
tests/rules/invoices.test.ts
tests/rules/manual-delivery-estimate064.test.ts
tests/rules/membership.test.ts
tests/rules/private-read-authority026.test.ts
tests/rules/remaining-authority026.test.ts
tests/rules/server.test.ts
tests/rules/shipping-lookup028.test.ts
tests/rules/shipping-rates027.test.ts
tests/rules/staff-role-array026.test.ts
tests/unit/activity-contextual.test.ts
tests/unit/ask-business-contract026.test.ts
tests/unit/ask-read-task-plan038.test.ts
tests/unit/ask-transport.test.ts
tests/unit/ask-workflow.test.ts
tests/unit/blog-studio-advanced027.test.ts
tests/unit/bootstrap-owner075.test.mjs
tests/unit/campaign-banners076.test.ts
tests/unit/catalog-checkout.test.ts
tests/unit/consolidation.test.ts
tests/unit/content-editor-state.test.ts
tests/unit/crm-ux028-eligibility.test.ts
tests/unit/crm.test.ts
tests/unit/customers-contextual.test.ts
tests/unit/domain.test.ts
tests/unit/email-content.test.ts
tests/unit/email-delivery-security.test.ts
tests/unit/invoice-statement-view.test.ts
tests/unit/invoices.test.ts
tests/unit/manual-delivery-estimate064.test.ts
tests/unit/membership-command.test.ts
tests/unit/membership-reminder-policy.test.ts
tests/unit/membership-term.test.ts
tests/unit/payos-signature.test.ts
tests/unit/provider-release-gate067.test.ts
tests/unit/shipping-contextual.test.ts
tests/unit/shipping-question027.test.ts
tests/unit/shipping-queue028.test.ts
tests/unit/shipping-rates027.test.ts
tests/unit/shipping.test.ts",PROPOSED_TEST_ORACLE_SOURCE_REFERENCED_NOT_EXECUTED,NOT_RUN,,,,NONE,,,,
SG-INT-043,integration,INT,Transaction failure rollback,P0,"customer, OWNER, BUYER, WAREHOUSE, FINANCE, SUPPORT, CONTENT_EDITOR",EMULATOR,"Mỗi ca tạo namespace riêng; A/B + 7 staff; O-CAT và O-CUSTOM; hai dòng [2,3]; fake provider cho core; provider thật cần approval riêng.","Inject transaction abort sau đọc, trước commit trong mutation tài chính/quantity
retry",Không partial ledger/order/audit success; retry đúng một effect.,"Dùng invariant của nhóm và I1–I10 trong README; đối chiếu trước/sau, không chỉ response.","Độc lập: chạy với namespace sạch; biên/multiple variants trong steps phải có result con riêng, mọi variant pass mới PASS case.","src/app/App.tsx
functions/src/index.ts
functions/src/catalog-checkout.ts
functions/src/payments/payos.ts
functions/src/shipping.ts
functions/src/consolidation.ts
functions/src/invoices.ts
functions/src/membership.ts
functions/src/crm.ts
functions/src/ai/ask-workflow.ts
functions/src/email.ts","tests/browser/ask-integration-owned049.ts
tests/browser/fixtures.ts
tests/browser/owned-commerce058.ts
tests/browser/release-api.spec.ts
tests/browser/release-catalog-fallback027.spec.ts
tests/browser/release-crm-admin-positive030.spec.ts
tests/browser/release-crm-boundaries028.spec.ts
tests/browser/release-crm-hardening.spec.ts
tests/browser/release-crm-keyboard-zoom031.spec.ts
tests/browser/release-crm-populated026.spec.ts
tests/browser/release-crm-presentation026.spec.ts
tests/browser/release-crm-records026.spec.ts
tests/browser/release-crm-recovery028.spec.ts
tests/browser/release-crm-taskflow.spec.ts
tests/browser/release-crm-ux028.spec.ts
tests/browser/release-crm.spec.ts
tests/browser/release-finance-activity-positive031.spec.ts
tests/browser/release-membership-plan-pagination034.spec.ts
tests/browser/release-package-batch-positive028.spec.ts
tests/browser/release-staff-authority026.spec.ts
tests/rules/ask-hardening.test.ts
tests/rules/ask-payment.test.ts
tests/rules/ask-workflow.test.ts
tests/rules/backend-authority-hardening.test.ts
tests/rules/biz-hardening.test.ts
tests/rules/blog-studio-advanced027.test.ts
tests/rules/catalog-checkout.test.ts
tests/rules/catalog-payments.test.ts
tests/rules/crm-authority026.test.ts
tests/rules/crm-boundaries028.test.ts
tests/rules/crm-hardening.test.ts
tests/rules/email-delivery.test.ts
tests/rules/invoices.test.ts
tests/rules/manual-delivery-estimate064.test.ts
tests/rules/membership.test.ts
tests/rules/private-read-authority026.test.ts
tests/rules/remaining-authority026.test.ts
tests/rules/server.test.ts
tests/rules/shipping-lookup028.test.ts
tests/rules/shipping-rates027.test.ts
tests/rules/staff-role-array026.test.ts
tests/unit/activity-contextual.test.ts
tests/unit/ask-business-contract026.test.ts
tests/unit/ask-read-task-plan038.test.ts
tests/unit/ask-transport.test.ts
tests/unit/ask-workflow.test.ts
tests/unit/blog-studio-advanced027.test.ts
tests/unit/bootstrap-owner075.test.mjs
tests/unit/campaign-banners076.test.ts
tests/unit/catalog-checkout.test.ts
tests/unit/consolidation.test.ts
tests/unit/content-editor-state.test.ts
tests/unit/crm-ux028-eligibility.test.ts
tests/unit/crm.test.ts
tests/unit/customers-contextual.test.ts
tests/unit/domain.test.ts
tests/unit/email-content.test.ts
tests/unit/email-delivery-security.test.ts
tests/unit/invoice-statement-view.test.ts
tests/unit/invoices.test.ts
tests/unit/manual-delivery-estimate064.test.ts
tests/unit/membership-command.test.ts
tests/unit/membership-reminder-policy.test.ts
tests/unit/membership-term.test.ts
tests/unit/payos-signature.test.ts
tests/unit/provider-release-gate067.test.ts
tests/unit/shipping-contextual.test.ts
tests/unit/shipping-question027.test.ts
tests/unit/shipping-queue028.test.ts
tests/unit/shipping-rates027.test.ts
tests/unit/shipping.test.ts",PROPOSED_TEST_ORACLE_SOURCE_REFERENCED_NOT_EXECUTED,NOT_RUN,,,,NONE,,,,
SG-INT-044,integration,INT,Network recovery phiên offline,P0,"customer, OWNER, BUYER, WAREHOUSE, FINANCE, SUPPORT, CONTENT_EDITOR",EMULATOR,"Mỗi ca tạo namespace riêng; A/B + 7 staff; O-CAT và O-CUSTOM; hai dòng [2,3]; fake provider cho core; provider thật cần approval riêng.","Giữ draft, mất mạng sau commit, reload khi online
reconcile orders/conversation/doc",Không tuyên bố mutation thành công từ offline cache; tìm authoritative result trước retry.,"Dùng invariant của nhóm và I1–I10 trong README; đối chiếu trước/sau, không chỉ response.","Độc lập: chạy với namespace sạch; biên/multiple variants trong steps phải có result con riêng, mọi variant pass mới PASS case.","src/app/App.tsx
functions/src/index.ts
functions/src/catalog-checkout.ts
functions/src/payments/payos.ts
functions/src/shipping.ts
functions/src/consolidation.ts
functions/src/invoices.ts
functions/src/membership.ts
functions/src/crm.ts
functions/src/ai/ask-workflow.ts
functions/src/email.ts","tests/browser/ask-integration-owned049.ts
tests/browser/fixtures.ts
tests/browser/owned-commerce058.ts
tests/browser/release-api.spec.ts
tests/browser/release-catalog-fallback027.spec.ts
tests/browser/release-crm-admin-positive030.spec.ts
tests/browser/release-crm-boundaries028.spec.ts
tests/browser/release-crm-hardening.spec.ts
tests/browser/release-crm-keyboard-zoom031.spec.ts
tests/browser/release-crm-populated026.spec.ts
tests/browser/release-crm-presentation026.spec.ts
tests/browser/release-crm-records026.spec.ts
tests/browser/release-crm-recovery028.spec.ts
tests/browser/release-crm-taskflow.spec.ts
tests/browser/release-crm-ux028.spec.ts
tests/browser/release-crm.spec.ts
tests/browser/release-finance-activity-positive031.spec.ts
tests/browser/release-membership-plan-pagination034.spec.ts
tests/browser/release-package-batch-positive028.spec.ts
tests/browser/release-staff-authority026.spec.ts
tests/rules/ask-hardening.test.ts
tests/rules/ask-payment.test.ts
tests/rules/ask-workflow.test.ts
tests/rules/backend-authority-hardening.test.ts
tests/rules/biz-hardening.test.ts
tests/rules/blog-studio-advanced027.test.ts
tests/rules/catalog-checkout.test.ts
tests/rules/catalog-payments.test.ts
tests/rules/crm-authority026.test.ts
tests/rules/crm-boundaries028.test.ts
tests/rules/crm-hardening.test.ts
tests/rules/email-delivery.test.ts
tests/rules/invoices.test.ts
tests/rules/manual-delivery-estimate064.test.ts
tests/rules/membership.test.ts
tests/rules/private-read-authority026.test.ts
tests/rules/remaining-authority026.test.ts
tests/rules/server.test.ts
tests/rules/shipping-lookup028.test.ts
tests/rules/shipping-rates027.test.ts
tests/rules/staff-role-array026.test.ts
tests/unit/activity-contextual.test.ts
tests/unit/ask-business-contract026.test.ts
tests/unit/ask-read-task-plan038.test.ts
tests/unit/ask-transport.test.ts
tests/unit/ask-workflow.test.ts
tests/unit/blog-studio-advanced027.test.ts
tests/unit/bootstrap-owner075.test.mjs
tests/unit/campaign-banners076.test.ts
tests/unit/catalog-checkout.test.ts
tests/unit/consolidation.test.ts
tests/unit/content-editor-state.test.ts
tests/unit/crm-ux028-eligibility.test.ts
tests/unit/crm.test.ts
tests/unit/customers-contextual.test.ts
tests/unit/domain.test.ts
tests/unit/email-content.test.ts
tests/unit/email-delivery-security.test.ts
tests/unit/invoice-statement-view.test.ts
tests/unit/invoices.test.ts
tests/unit/manual-delivery-estimate064.test.ts
tests/unit/membership-command.test.ts
tests/unit/membership-reminder-policy.test.ts
tests/unit/membership-term.test.ts
tests/unit/payos-signature.test.ts
tests/unit/provider-release-gate067.test.ts
tests/unit/shipping-contextual.test.ts
tests/unit/shipping-question027.test.ts
tests/unit/shipping-queue028.test.ts
tests/unit/shipping-rates027.test.ts
tests/unit/shipping.test.ts",PROPOSED_TEST_ORACLE_SOURCE_REFERENCED_NOT_EXECUTED,NOT_RUN,,,,NONE,,,,
SG-INT-045,integration,INT,Restore toàn lineage,P0,"customer, OWNER, BUYER, WAREHOUSE, FINANCE, SUPPORT, CONTENT_EDITOR",EMULATOR,"Mỗi ca tạo namespace riêng; A/B + 7 staff; O-CAT và O-CUSTOM; hai dòng [2,3]; fake provider cho core; provider thật cần approval riêng.","Ở emulator snapshot order/ledger/packages/docs/notes
restore fixture
chạy reads và domain consistency",IDs/versions/net funds/quantities/ownership không lệch; restore production vẫn NOT_RUN.,"Dùng invariant của nhóm và I1–I10 trong README; đối chiếu trước/sau, không chỉ response.","Độc lập: chạy với namespace sạch; biên/multiple variants trong steps phải có result con riêng, mọi variant pass mới PASS case.","src/app/App.tsx
functions/src/index.ts
functions/src/catalog-checkout.ts
functions/src/payments/payos.ts
functions/src/shipping.ts
functions/src/consolidation.ts
functions/src/invoices.ts
functions/src/membership.ts
functions/src/crm.ts
functions/src/ai/ask-workflow.ts
functions/src/email.ts","tests/browser/ask-integration-owned049.ts
tests/browser/fixtures.ts
tests/browser/owned-commerce058.ts
tests/browser/release-api.spec.ts
tests/browser/release-catalog-fallback027.spec.ts
tests/browser/release-crm-admin-positive030.spec.ts
tests/browser/release-crm-boundaries028.spec.ts
tests/browser/release-crm-hardening.spec.ts
tests/browser/release-crm-keyboard-zoom031.spec.ts
tests/browser/release-crm-populated026.spec.ts
tests/browser/release-crm-presentation026.spec.ts
tests/browser/release-crm-records026.spec.ts
tests/browser/release-crm-recovery028.spec.ts
tests/browser/release-crm-taskflow.spec.ts
tests/browser/release-crm-ux028.spec.ts
tests/browser/release-crm.spec.ts
tests/browser/release-finance-activity-positive031.spec.ts
tests/browser/release-membership-plan-pagination034.spec.ts
tests/browser/release-package-batch-positive028.spec.ts
tests/browser/release-staff-authority026.spec.ts
tests/rules/ask-hardening.test.ts
tests/rules/ask-payment.test.ts
tests/rules/ask-workflow.test.ts
tests/rules/backend-authority-hardening.test.ts
tests/rules/biz-hardening.test.ts
tests/rules/blog-studio-advanced027.test.ts
tests/rules/catalog-checkout.test.ts
tests/rules/catalog-payments.test.ts
tests/rules/crm-authority026.test.ts
tests/rules/crm-boundaries028.test.ts
tests/rules/crm-hardening.test.ts
tests/rules/email-delivery.test.ts
tests/rules/invoices.test.ts
tests/rules/manual-delivery-estimate064.test.ts
tests/rules/membership.test.ts
tests/rules/private-read-authority026.test.ts
tests/rules/remaining-authority026.test.ts
tests/rules/server.test.ts
tests/rules/shipping-lookup028.test.ts
tests/rules/shipping-rates027.test.ts
tests/rules/staff-role-array026.test.ts
tests/unit/activity-contextual.test.ts
tests/unit/ask-business-contract026.test.ts
tests/unit/ask-read-task-plan038.test.ts
tests/unit/ask-transport.test.ts
tests/unit/ask-workflow.test.ts
tests/unit/blog-studio-advanced027.test.ts
tests/unit/bootstrap-owner075.test.mjs
tests/unit/campaign-banners076.test.ts
tests/unit/catalog-checkout.test.ts
tests/unit/consolidation.test.ts
tests/unit/content-editor-state.test.ts
tests/unit/crm-ux028-eligibility.test.ts
tests/unit/crm.test.ts
tests/unit/customers-contextual.test.ts
tests/unit/domain.test.ts
tests/unit/email-content.test.ts
tests/unit/email-delivery-security.test.ts
tests/unit/invoice-statement-view.test.ts
tests/unit/invoices.test.ts
tests/unit/manual-delivery-estimate064.test.ts
tests/unit/membership-command.test.ts
tests/unit/membership-reminder-policy.test.ts
tests/unit/membership-term.test.ts
tests/unit/payos-signature.test.ts
tests/unit/provider-release-gate067.test.ts
tests/unit/shipping-contextual.test.ts
tests/unit/shipping-question027.test.ts
tests/unit/shipping-queue028.test.ts
tests/unit/shipping-rates027.test.ts
tests/unit/shipping.test.ts",PROPOSED_TEST_ORACLE_SOURCE_REFERENCED_NOT_EXECUTED,NOT_RUN,,,,NONE,,,,
SG-INT-046,integration,INT,Provider readiness kiểm chứng riêng,P0,"customer, OWNER, BUYER, WAREHOUSE, FINANCE, SUPPORT, CONTENT_EDITOR",APPROVED_PROVIDER_SANDBOX,"Mỗi ca tạo namespace riêng; A/B + 7 staff; O-CAT và O-CUSTOM; hai dòng [2,3]; fake provider cho core; provider thật cần approval riêng.","Khi approved candidate mở gate thật, chạy Google/MFA/AppCheck,PayOS sandbox/SMTP/Gemini từng integration
capture sanitized readback","Mỗi provider có evidence riêng; hiện BLOCKED, không dùng fake/unit/emulator để đánh dấu live PASS.","Dùng invariant của nhóm và I1–I10 trong README; đối chiếu trước/sau, không chỉ response.","Độc lập: chạy với namespace sạch; biên/multiple variants trong steps phải có result con riêng, mọi variant pass mới PASS case.","src/app/App.tsx
functions/src/index.ts
functions/src/catalog-checkout.ts
functions/src/payments/payos.ts
functions/src/shipping.ts
functions/src/consolidation.ts
functions/src/invoices.ts
functions/src/membership.ts
functions/src/crm.ts
functions/src/ai/ask-workflow.ts
functions/src/email.ts","tests/browser/ask-integration-owned049.ts
tests/browser/fixtures.ts
tests/browser/owned-commerce058.ts
tests/browser/release-api.spec.ts
tests/browser/release-catalog-fallback027.spec.ts
tests/browser/release-crm-admin-positive030.spec.ts
tests/browser/release-crm-boundaries028.spec.ts
tests/browser/release-crm-hardening.spec.ts
tests/browser/release-crm-keyboard-zoom031.spec.ts
tests/browser/release-crm-populated026.spec.ts
tests/browser/release-crm-presentation026.spec.ts
tests/browser/release-crm-records026.spec.ts
tests/browser/release-crm-recovery028.spec.ts
tests/browser/release-crm-taskflow.spec.ts
tests/browser/release-crm-ux028.spec.ts
tests/browser/release-crm.spec.ts
tests/browser/release-finance-activity-positive031.spec.ts
tests/browser/release-membership-plan-pagination034.spec.ts
tests/browser/release-package-batch-positive028.spec.ts
tests/browser/release-staff-authority026.spec.ts
tests/rules/ask-hardening.test.ts
tests/rules/ask-payment.test.ts
tests/rules/ask-workflow.test.ts
tests/rules/backend-authority-hardening.test.ts
tests/rules/biz-hardening.test.ts
tests/rules/blog-studio-advanced027.test.ts
tests/rules/catalog-checkout.test.ts
tests/rules/catalog-payments.test.ts
tests/rules/crm-authority026.test.ts
tests/rules/crm-boundaries028.test.ts
tests/rules/crm-hardening.test.ts
tests/rules/email-delivery.test.ts
tests/rules/invoices.test.ts
tests/rules/manual-delivery-estimate064.test.ts
tests/rules/membership.test.ts
tests/rules/private-read-authority026.test.ts
tests/rules/remaining-authority026.test.ts
tests/rules/server.test.ts
tests/rules/shipping-lookup028.test.ts
tests/rules/shipping-rates027.test.ts
tests/rules/staff-role-array026.test.ts
tests/unit/activity-contextual.test.ts
tests/unit/ask-business-contract026.test.ts
tests/unit/ask-read-task-plan038.test.ts
tests/unit/ask-transport.test.ts
tests/unit/ask-workflow.test.ts
tests/unit/blog-studio-advanced027.test.ts
tests/unit/bootstrap-owner075.test.mjs
tests/unit/campaign-banners076.test.ts
tests/unit/catalog-checkout.test.ts
tests/unit/consolidation.test.ts
tests/unit/content-editor-state.test.ts
tests/unit/crm-ux028-eligibility.test.ts
tests/unit/crm.test.ts
tests/unit/customers-contextual.test.ts
tests/unit/domain.test.ts
tests/unit/email-content.test.ts
tests/unit/email-delivery-security.test.ts
tests/unit/invoice-statement-view.test.ts
tests/unit/invoices.test.ts
tests/unit/manual-delivery-estimate064.test.ts
tests/unit/membership-command.test.ts
tests/unit/membership-reminder-policy.test.ts
tests/unit/membership-term.test.ts
tests/unit/payos-signature.test.ts
tests/unit/provider-release-gate067.test.ts
tests/unit/shipping-contextual.test.ts
tests/unit/shipping-question027.test.ts
tests/unit/shipping-queue028.test.ts
tests/unit/shipping-rates027.test.ts
tests/unit/shipping.test.ts",PROPOSED_TEST_ORACLE_SOURCE_REFERENCED_NOT_EXECUTED,NOT_RUN,CURRENT_CODE_OWNED_PROVIDER_HOLD; AUTHORIZATION_AND_CANDIDATE_REQUIRED,,,NONE,,,,
SG-SEC-001,security,SEC,Firestore owner reads,P0,"guest, A/B, all staff roles, locked/revoked variants",EMULATOR,Môi trường test cô lập; chỉ payload synthetic; không tải secrets hoặc PII production; endpoint inventory trong TRACEABILITY.,"A/B/guest get,list orders,quotes,acceptances,timeline,addresses,notifications,shipments,salesDocuments",Chỉ reads được rules cho phép; query rộng bị deny; không giả staff direct-read quyền Admin.,"Dùng invariant của nhóm và I1–I10 trong README; đối chiếu trước/sau, không chỉ response.","Độc lập: chạy với namespace sạch; biên/multiple variants trong steps phải có result con riêng, mọi variant pass mới PASS case.","firestore.rules
storage.rules
functions/src/auth/guards.ts
functions/src/workspace.ts
functions/src/index.ts
functions/src/blog-comments.ts
functions/src/invoice-share.ts
functions/src/provider-release-gate.ts","tests/browser/fixtures.ts
tests/browser/release-blog-comments027.spec.ts
tests/browser/release-crm-keyboard-zoom031.spec.ts
tests/browser/release-finance-activity-positive031.spec.ts
tests/browser/release-membership-plan-pagination034.spec.ts
tests/browser/release-studio-complete027.spec.ts
tests/browser/release-studio-reference-parity027.spec.ts
tests/http/bootstrap-owner075.mjs
tests/http/callable.mjs
tests/http/restore-fixture.mjs
tests/rules/ask-hardening.test.ts
tests/rules/ask-payment.test.ts
tests/rules/ask-workflow.test.ts
tests/rules/backend-authority-hardening.test.ts
tests/rules/biz-hardening.test.ts
tests/rules/blog-comment-commands027.test.ts
tests/rules/blog-comments027.test.ts
tests/rules/blog-studio-advanced027.test.ts
tests/rules/blog-studio027.test.ts
tests/rules/catalog-checkout.test.ts
tests/rules/catalog-payments.test.ts
tests/rules/changequeue026.test.ts
tests/rules/command-authority-hardening.test.ts
tests/rules/conversation-role-array026.test.ts
tests/rules/crm-authority026.test.ts
tests/rules/crm-boundaries028.test.ts
tests/rules/crm-hardening.test.ts
tests/rules/email-delivery.test.ts
tests/rules/firestore.test.ts
tests/rules/invoices.test.ts
tests/rules/manual-delivery-estimate064.test.ts
tests/rules/membership.test.ts
tests/rules/mutation-authority026.test.ts
tests/rules/order-conversation.test.ts
tests/rules/order-media.test.ts
tests/rules/order-tracking027.test.ts
tests/rules/private-read-authority026.test.ts
tests/rules/public-products.test.ts
tests/rules/remaining-authority026.test.ts
tests/rules/reminder-role-array026.test.ts
tests/rules/server.test.ts
tests/rules/shipping-lookup028.test.ts
tests/rules/shipping-rates027.test.ts
tests/rules/staff-role-array026.test.ts
tests/rules/ticket-messages-hardening.test.ts
tests/rules/workspace-authority-hardening.test.ts
tests/rules/workspace-authority026.test.ts
tests/rules/workspace-version026.test.ts
tests/unit/auth-guards.test.ts
tests/unit/blog-comments-ui027.test.ts
tests/unit/blog-comments027.test.ts
tests/unit/blog-studio-advanced027.test.ts
tests/unit/blog-studio-service027.test.ts
tests/unit/campaign-banners-service076.test.ts
tests/unit/catalog-search-cache027.test.ts
tests/unit/domain.test.ts
tests/unit/email-delivery-security.test.ts
tests/unit/membership-command.test.ts
tests/unit/membership-reminder-policy.test.ts
tests/unit/provider-release-gate067.test.ts
tests/unit/shipping.test.ts
tests/unit/verified-google.test.ts",PROPOSED_TEST_ORACLE_SOURCE_REFERENCED_NOT_EXECUTED,NOT_RUN,,,,NONE,,,,
SG-SEC-002,security,SEC,Server collections private,P0,"guest, A/B, all staff roles, locked/revoked variants",EMULATOR,Môi trường test cô lập; chỉ payload synthetic; không tải secrets hoặc PII production; endpoint inventory trong TRACEABILITY.,"Client đọc financialEntries,bankTransactions,idempotencyKeys,auditEvents,outboxJobs,aiQuota,orderOperations",Default deny; không leak qua client get/list hay subcollection.,"Dùng invariant của nhóm và I1–I10 trong README; đối chiếu trước/sau, không chỉ response.","Độc lập: chạy với namespace sạch; biên/multiple variants trong steps phải có result con riêng, mọi variant pass mới PASS case.","firestore.rules
storage.rules
functions/src/auth/guards.ts
functions/src/workspace.ts
functions/src/index.ts
functions/src/blog-comments.ts
functions/src/invoice-share.ts
functions/src/provider-release-gate.ts","tests/browser/fixtures.ts
tests/browser/release-blog-comments027.spec.ts
tests/browser/release-crm-keyboard-zoom031.spec.ts
tests/browser/release-finance-activity-positive031.spec.ts
tests/browser/release-membership-plan-pagination034.spec.ts
tests/browser/release-studio-complete027.spec.ts
tests/browser/release-studio-reference-parity027.spec.ts
tests/http/bootstrap-owner075.mjs
tests/http/callable.mjs
tests/http/restore-fixture.mjs
tests/rules/ask-hardening.test.ts
tests/rules/ask-payment.test.ts
tests/rules/ask-workflow.test.ts
tests/rules/backend-authority-hardening.test.ts
tests/rules/biz-hardening.test.ts
tests/rules/blog-comment-commands027.test.ts
tests/rules/blog-comments027.test.ts
tests/rules/blog-studio-advanced027.test.ts
tests/rules/blog-studio027.test.ts
tests/rules/catalog-checkout.test.ts
tests/rules/catalog-payments.test.ts
tests/rules/changequeue026.test.ts
tests/rules/command-authority-hardening.test.ts
tests/rules/conversation-role-array026.test.ts
tests/rules/crm-authority026.test.ts
tests/rules/crm-boundaries028.test.ts
tests/rules/crm-hardening.test.ts
tests/rules/email-delivery.test.ts
tests/rules/firestore.test.ts
tests/rules/invoices.test.ts
tests/rules/manual-delivery-estimate064.test.ts
tests/rules/membership.test.ts
tests/rules/mutation-authority026.test.ts
tests/rules/order-conversation.test.ts
tests/rules/order-media.test.ts
tests/rules/order-tracking027.test.ts
tests/rules/private-read-authority026.test.ts
tests/rules/public-products.test.ts
tests/rules/remaining-authority026.test.ts
tests/rules/reminder-role-array026.test.ts
tests/rules/server.test.ts
tests/rules/shipping-lookup028.test.ts
tests/rules/shipping-rates027.test.ts
tests/rules/staff-role-array026.test.ts
tests/rules/ticket-messages-hardening.test.ts
tests/rules/workspace-authority-hardening.test.ts
tests/rules/workspace-authority026.test.ts
tests/rules/workspace-version026.test.ts
tests/unit/auth-guards.test.ts
tests/unit/blog-comments-ui027.test.ts
tests/unit/blog-comments027.test.ts
tests/unit/blog-studio-advanced027.test.ts
tests/unit/blog-studio-service027.test.ts
tests/unit/campaign-banners-service076.test.ts
tests/unit/catalog-search-cache027.test.ts
tests/unit/domain.test.ts
tests/unit/email-delivery-security.test.ts
tests/unit/membership-command.test.ts
tests/unit/membership-reminder-policy.test.ts
tests/unit/provider-release-gate067.test.ts
tests/unit/shipping.test.ts
tests/unit/verified-google.test.ts",PROPOSED_TEST_ORACLE_SOURCE_REFERENCED_NOT_EXECUTED,NOT_RUN,,,,NONE,,,,
SG-SEC-003,security,SEC,Firestore writes deny,P0,"guest, A/B, all staff roles, locked/revoked variants",EMULATOR,Môi trường test cô lập; chỉ payload synthetic; không tải secrets hoặc PII production; endpoint inventory trong TRACEABILITY.,"Client create/update/delete orders,payments,staffAccess,public products và timeline",Authoritative writes qua server; không bypass bằng direct SDK hoặc REST.,"Dùng invariant của nhóm và I1–I10 trong README; đối chiếu trước/sau, không chỉ response.","Độc lập: chạy với namespace sạch; biên/multiple variants trong steps phải có result con riêng, mọi variant pass mới PASS case.","firestore.rules
storage.rules
functions/src/auth/guards.ts
functions/src/workspace.ts
functions/src/index.ts
functions/src/blog-comments.ts
functions/src/invoice-share.ts
functions/src/provider-release-gate.ts","tests/browser/fixtures.ts
tests/browser/release-blog-comments027.spec.ts
tests/browser/release-crm-keyboard-zoom031.spec.ts
tests/browser/release-finance-activity-positive031.spec.ts
tests/browser/release-membership-plan-pagination034.spec.ts
tests/browser/release-studio-complete027.spec.ts
tests/browser/release-studio-reference-parity027.spec.ts
tests/http/bootstrap-owner075.mjs
tests/http/callable.mjs
tests/http/restore-fixture.mjs
tests/rules/ask-hardening.test.ts
tests/rules/ask-payment.test.ts
tests/rules/ask-workflow.test.ts
tests/rules/backend-authority-hardening.test.ts
tests/rules/biz-hardening.test.ts
tests/rules/blog-comment-commands027.test.ts
tests/rules/blog-comments027.test.ts
tests/rules/blog-studio-advanced027.test.ts
tests/rules/blog-studio027.test.ts
tests/rules/catalog-checkout.test.ts
tests/rules/catalog-payments.test.ts
tests/rules/changequeue026.test.ts
tests/rules/command-authority-hardening.test.ts
tests/rules/conversation-role-array026.test.ts
tests/rules/crm-authority026.test.ts
tests/rules/crm-boundaries028.test.ts
tests/rules/crm-hardening.test.ts
tests/rules/email-delivery.test.ts
tests/rules/firestore.test.ts
tests/rules/invoices.test.ts
tests/rules/manual-delivery-estimate064.test.ts
tests/rules/membership.test.ts
tests/rules/mutation-authority026.test.ts
tests/rules/order-conversation.test.ts
tests/rules/order-media.test.ts
tests/rules/order-tracking027.test.ts
tests/rules/private-read-authority026.test.ts
tests/rules/public-products.test.ts
tests/rules/remaining-authority026.test.ts
tests/rules/reminder-role-array026.test.ts
tests/rules/server.test.ts
tests/rules/shipping-lookup028.test.ts
tests/rules/shipping-rates027.test.ts
tests/rules/staff-role-array026.test.ts
tests/rules/ticket-messages-hardening.test.ts
tests/rules/workspace-authority-hardening.test.ts
tests/rules/workspace-authority026.test.ts
tests/rules/workspace-version026.test.ts
tests/unit/auth-guards.test.ts
tests/unit/blog-comments-ui027.test.ts
tests/unit/blog-comments027.test.ts
tests/unit/blog-studio-advanced027.test.ts
tests/unit/blog-studio-service027.test.ts
tests/unit/campaign-banners-service076.test.ts
tests/unit/catalog-search-cache027.test.ts
tests/unit/domain.test.ts
tests/unit/email-delivery-security.test.ts
tests/unit/membership-command.test.ts
tests/unit/membership-reminder-policy.test.ts
tests/unit/provider-release-gate067.test.ts
tests/unit/shipping.test.ts
tests/unit/verified-google.test.ts",PROPOSED_TEST_ORACLE_SOURCE_REFERENCED_NOT_EXECUTED,NOT_RUN,,,,NONE,,,,
SG-SEC-004,security,SEC,Storage default deny,P0,"guest, A/B, all staff roles, locked/revoked variants",EMULATOR,Môi trường test cô lập; chỉ payload synthetic; không tải secrets hoặc PII production; endpoint inventory trong TRACEABILITY.,Guest/A/staff trực tiếp read/write/list Storage object,Deny mọi direct path hiện tại; media phải qua authorized handlers.,"Dùng invariant của nhóm và I1–I10 trong README; đối chiếu trước/sau, không chỉ response.","Độc lập: chạy với namespace sạch; biên/multiple variants trong steps phải có result con riêng, mọi variant pass mới PASS case.","firestore.rules
storage.rules
functions/src/auth/guards.ts
functions/src/workspace.ts
functions/src/index.ts
functions/src/blog-comments.ts
functions/src/invoice-share.ts
functions/src/provider-release-gate.ts","tests/browser/fixtures.ts
tests/browser/release-blog-comments027.spec.ts
tests/browser/release-crm-keyboard-zoom031.spec.ts
tests/browser/release-finance-activity-positive031.spec.ts
tests/browser/release-membership-plan-pagination034.spec.ts
tests/browser/release-studio-complete027.spec.ts
tests/browser/release-studio-reference-parity027.spec.ts
tests/http/bootstrap-owner075.mjs
tests/http/callable.mjs
tests/http/restore-fixture.mjs
tests/rules/ask-hardening.test.ts
tests/rules/ask-payment.test.ts
tests/rules/ask-workflow.test.ts
tests/rules/backend-authority-hardening.test.ts
tests/rules/biz-hardening.test.ts
tests/rules/blog-comment-commands027.test.ts
tests/rules/blog-comments027.test.ts
tests/rules/blog-studio-advanced027.test.ts
tests/rules/blog-studio027.test.ts
tests/rules/catalog-checkout.test.ts
tests/rules/catalog-payments.test.ts
tests/rules/changequeue026.test.ts
tests/rules/command-authority-hardening.test.ts
tests/rules/conversation-role-array026.test.ts
tests/rules/crm-authority026.test.ts
tests/rules/crm-boundaries028.test.ts
tests/rules/crm-hardening.test.ts
tests/rules/email-delivery.test.ts
tests/rules/firestore.test.ts
tests/rules/invoices.test.ts
tests/rules/manual-delivery-estimate064.test.ts
tests/rules/membership.test.ts
tests/rules/mutation-authority026.test.ts
tests/rules/order-conversation.test.ts
tests/rules/order-media.test.ts
tests/rules/order-tracking027.test.ts
tests/rules/private-read-authority026.test.ts
tests/rules/public-products.test.ts
tests/rules/remaining-authority026.test.ts
tests/rules/reminder-role-array026.test.ts
tests/rules/server.test.ts
tests/rules/shipping-lookup028.test.ts
tests/rules/shipping-rates027.test.ts
tests/rules/staff-role-array026.test.ts
tests/rules/ticket-messages-hardening.test.ts
tests/rules/workspace-authority-hardening.test.ts
tests/rules/workspace-authority026.test.ts
tests/rules/workspace-version026.test.ts
tests/unit/auth-guards.test.ts
tests/unit/blog-comments-ui027.test.ts
tests/unit/blog-comments027.test.ts
tests/unit/blog-studio-advanced027.test.ts
tests/unit/blog-studio-service027.test.ts
tests/unit/campaign-banners-service076.test.ts
tests/unit/catalog-search-cache027.test.ts
tests/unit/domain.test.ts
tests/unit/email-delivery-security.test.ts
tests/unit/membership-command.test.ts
tests/unit/membership-reminder-policy.test.ts
tests/unit/provider-release-gate067.test.ts
tests/unit/shipping.test.ts
tests/unit/verified-google.test.ts",PROPOSED_TEST_ORACLE_SOURCE_REFERENCED_NOT_EXECUTED,NOT_RUN,,,,NONE,,,,
SG-SEC-005,security,SEC,Current account locked,P0,"guest, A/B, all staff roles, locked/revoked variants",EMULATOR,Môi trường test cô lập; chỉ payload synthetic; không tải secrets hoặc PII production; endpoint inventory trong TRACEABILITY.,"Set users.locked và staffAccess.locked từng biến thể
call reads,writes,replay",Fail closed theo endpoint; không chỉ chặn mutation mới.,"Dùng invariant của nhóm và I1–I10 trong README; đối chiếu trước/sau, không chỉ response.","Độc lập: chạy với namespace sạch; biên/multiple variants trong steps phải có result con riêng, mọi variant pass mới PASS case.","firestore.rules
storage.rules
functions/src/auth/guards.ts
functions/src/workspace.ts
functions/src/index.ts
functions/src/blog-comments.ts
functions/src/invoice-share.ts
functions/src/provider-release-gate.ts","tests/browser/fixtures.ts
tests/browser/release-blog-comments027.spec.ts
tests/browser/release-crm-keyboard-zoom031.spec.ts
tests/browser/release-finance-activity-positive031.spec.ts
tests/browser/release-membership-plan-pagination034.spec.ts
tests/browser/release-studio-complete027.spec.ts
tests/browser/release-studio-reference-parity027.spec.ts
tests/http/bootstrap-owner075.mjs
tests/http/callable.mjs
tests/http/restore-fixture.mjs
tests/rules/ask-hardening.test.ts
tests/rules/ask-payment.test.ts
tests/rules/ask-workflow.test.ts
tests/rules/backend-authority-hardening.test.ts
tests/rules/biz-hardening.test.ts
tests/rules/blog-comment-commands027.test.ts
tests/rules/blog-comments027.test.ts
tests/rules/blog-studio-advanced027.test.ts
tests/rules/blog-studio027.test.ts
tests/rules/catalog-checkout.test.ts
tests/rules/catalog-payments.test.ts
tests/rules/changequeue026.test.ts
tests/rules/command-authority-hardening.test.ts
tests/rules/conversation-role-array026.test.ts
tests/rules/crm-authority026.test.ts
tests/rules/crm-boundaries028.test.ts
tests/rules/crm-hardening.test.ts
tests/rules/email-delivery.test.ts
tests/rules/firestore.test.ts
tests/rules/invoices.test.ts
tests/rules/manual-delivery-estimate064.test.ts
tests/rules/membership.test.ts
tests/rules/mutation-authority026.test.ts
tests/rules/order-conversation.test.ts
tests/rules/order-media.test.ts
tests/rules/order-tracking027.test.ts
tests/rules/private-read-authority026.test.ts
tests/rules/public-products.test.ts
tests/rules/remaining-authority026.test.ts
tests/rules/reminder-role-array026.test.ts
tests/rules/server.test.ts
tests/rules/shipping-lookup028.test.ts
tests/rules/shipping-rates027.test.ts
tests/rules/staff-role-array026.test.ts
tests/rules/ticket-messages-hardening.test.ts
tests/rules/workspace-authority-hardening.test.ts
tests/rules/workspace-authority026.test.ts
tests/rules/workspace-version026.test.ts
tests/unit/auth-guards.test.ts
tests/unit/blog-comments-ui027.test.ts
tests/unit/blog-comments027.test.ts
tests/unit/blog-studio-advanced027.test.ts
tests/unit/blog-studio-service027.test.ts
tests/unit/campaign-banners-service076.test.ts
tests/unit/catalog-search-cache027.test.ts
tests/unit/domain.test.ts
tests/unit/email-delivery-security.test.ts
tests/unit/membership-command.test.ts
tests/unit/membership-reminder-policy.test.ts
tests/unit/provider-release-gate067.test.ts
tests/unit/shipping.test.ts
tests/unit/verified-google.test.ts",PROPOSED_TEST_ORACLE_SOURCE_REFERENCED_NOT_EXECUTED,NOT_RUN,,,,NONE,,,,
SG-SEC-006,security,SEC,Staff inactive,P0,"guest, A/B, all staff roles, locked/revoked variants",EMULATOR,Môi trường test cô lập; chỉ payload synthetic; không tải secrets hoặc PII production; endpoint inventory trong TRACEABILITY.,"roles hợp lệ nhưng active=false
gọi listWork,finance,studio,workspace mutations",Không nhận authority từ roles còn lưu khi inactive.,"Dùng invariant của nhóm và I1–I10 trong README; đối chiếu trước/sau, không chỉ response.","Độc lập: chạy với namespace sạch; biên/multiple variants trong steps phải có result con riêng, mọi variant pass mới PASS case.","firestore.rules
storage.rules
functions/src/auth/guards.ts
functions/src/workspace.ts
functions/src/index.ts
functions/src/blog-comments.ts
functions/src/invoice-share.ts
functions/src/provider-release-gate.ts","tests/browser/fixtures.ts
tests/browser/release-blog-comments027.spec.ts
tests/browser/release-crm-keyboard-zoom031.spec.ts
tests/browser/release-finance-activity-positive031.spec.ts
tests/browser/release-membership-plan-pagination034.spec.ts
tests/browser/release-studio-complete027.spec.ts
tests/browser/release-studio-reference-parity027.spec.ts
tests/http/bootstrap-owner075.mjs
tests/http/callable.mjs
tests/http/restore-fixture.mjs
tests/rules/ask-hardening.test.ts
tests/rules/ask-payment.test.ts
tests/rules/ask-workflow.test.ts
tests/rules/backend-authority-hardening.test.ts
tests/rules/biz-hardening.test.ts
tests/rules/blog-comment-commands027.test.ts
tests/rules/blog-comments027.test.ts
tests/rules/blog-studio-advanced027.test.ts
tests/rules/blog-studio027.test.ts
tests/rules/catalog-checkout.test.ts
tests/rules/catalog-payments.test.ts
tests/rules/changequeue026.test.ts
tests/rules/command-authority-hardening.test.ts
tests/rules/conversation-role-array026.test.ts
tests/rules/crm-authority026.test.ts
tests/rules/crm-boundaries028.test.ts
tests/rules/crm-hardening.test.ts
tests/rules/email-delivery.test.ts
tests/rules/firestore.test.ts
tests/rules/invoices.test.ts
tests/rules/manual-delivery-estimate064.test.ts
tests/rules/membership.test.ts
tests/rules/mutation-authority026.test.ts
tests/rules/order-conversation.test.ts
tests/rules/order-media.test.ts
tests/rules/order-tracking027.test.ts
tests/rules/private-read-authority026.test.ts
tests/rules/public-products.test.ts
tests/rules/remaining-authority026.test.ts
tests/rules/reminder-role-array026.test.ts
tests/rules/server.test.ts
tests/rules/shipping-lookup028.test.ts
tests/rules/shipping-rates027.test.ts
tests/rules/staff-role-array026.test.ts
tests/rules/ticket-messages-hardening.test.ts
tests/rules/workspace-authority-hardening.test.ts
tests/rules/workspace-authority026.test.ts
tests/rules/workspace-version026.test.ts
tests/unit/auth-guards.test.ts
tests/unit/blog-comments-ui027.test.ts
tests/unit/blog-comments027.test.ts
tests/unit/blog-studio-advanced027.test.ts
tests/unit/blog-studio-service027.test.ts
tests/unit/campaign-banners-service076.test.ts
tests/unit/catalog-search-cache027.test.ts
tests/unit/domain.test.ts
tests/unit/email-delivery-security.test.ts
tests/unit/membership-command.test.ts
tests/unit/membership-reminder-policy.test.ts
tests/unit/provider-release-gate067.test.ts
tests/unit/shipping.test.ts
tests/unit/verified-google.test.ts",PROPOSED_TEST_ORACLE_SOURCE_REFERENCED_NOT_EXECUTED,NOT_RUN,,,,NONE,,,,
SG-SEC-007,security,SEC,Wrong identity provider,P0,"guest, A/B, all staff roles, locked/revoked variants",EMULATOR,Môi trường test cô lập; chỉ payload synthetic; không tải secrets hoặc PII production; endpoint inventory trong TRACEABILITY.,"Linked Google nhưng sign_in_provider=password
email_verified sai kiểu",Google verified guard deny; không tin client email/provider claim.,"Dùng invariant của nhóm và I1–I10 trong README; đối chiếu trước/sau, không chỉ response.","Độc lập: chạy với namespace sạch; biên/multiple variants trong steps phải có result con riêng, mọi variant pass mới PASS case.","firestore.rules
storage.rules
functions/src/auth/guards.ts
functions/src/workspace.ts
functions/src/index.ts
functions/src/blog-comments.ts
functions/src/invoice-share.ts
functions/src/provider-release-gate.ts","tests/browser/fixtures.ts
tests/browser/release-blog-comments027.spec.ts
tests/browser/release-crm-keyboard-zoom031.spec.ts
tests/browser/release-finance-activity-positive031.spec.ts
tests/browser/release-membership-plan-pagination034.spec.ts
tests/browser/release-studio-complete027.spec.ts
tests/browser/release-studio-reference-parity027.spec.ts
tests/http/bootstrap-owner075.mjs
tests/http/callable.mjs
tests/http/restore-fixture.mjs
tests/rules/ask-hardening.test.ts
tests/rules/ask-payment.test.ts
tests/rules/ask-workflow.test.ts
tests/rules/backend-authority-hardening.test.ts
tests/rules/biz-hardening.test.ts
tests/rules/blog-comment-commands027.test.ts
tests/rules/blog-comments027.test.ts
tests/rules/blog-studio-advanced027.test.ts
tests/rules/blog-studio027.test.ts
tests/rules/catalog-checkout.test.ts
tests/rules/catalog-payments.test.ts
tests/rules/changequeue026.test.ts
tests/rules/command-authority-hardening.test.ts
tests/rules/conversation-role-array026.test.ts
tests/rules/crm-authority026.test.ts
tests/rules/crm-boundaries028.test.ts
tests/rules/crm-hardening.test.ts
tests/rules/email-delivery.test.ts
tests/rules/firestore.test.ts
tests/rules/invoices.test.ts
tests/rules/manual-delivery-estimate064.test.ts
tests/rules/membership.test.ts
tests/rules/mutation-authority026.test.ts
tests/rules/order-conversation.test.ts
tests/rules/order-media.test.ts
tests/rules/order-tracking027.test.ts
tests/rules/private-read-authority026.test.ts
tests/rules/public-products.test.ts
tests/rules/remaining-authority026.test.ts
tests/rules/reminder-role-array026.test.ts
tests/rules/server.test.ts
tests/rules/shipping-lookup028.test.ts
tests/rules/shipping-rates027.test.ts
tests/rules/staff-role-array026.test.ts
tests/rules/ticket-messages-hardening.test.ts
tests/rules/workspace-authority-hardening.test.ts
tests/rules/workspace-authority026.test.ts
tests/rules/workspace-version026.test.ts
tests/unit/auth-guards.test.ts
tests/unit/blog-comments-ui027.test.ts
tests/unit/blog-comments027.test.ts
tests/unit/blog-studio-advanced027.test.ts
tests/unit/blog-studio-service027.test.ts
tests/unit/campaign-banners-service076.test.ts
tests/unit/catalog-search-cache027.test.ts
tests/unit/domain.test.ts
tests/unit/email-delivery-security.test.ts
tests/unit/membership-command.test.ts
tests/unit/membership-reminder-policy.test.ts
tests/unit/provider-release-gate067.test.ts
tests/unit/shipping.test.ts
tests/unit/verified-google.test.ts",PROPOSED_TEST_ORACLE_SOURCE_REFERENCED_NOT_EXECUTED,NOT_RUN,,,,NONE,,,,
SG-SEC-008,security,SEC,Role-array confusion,P0,"guest, A/B, all staff roles, locked/revoked variants",EMULATOR,Môi trường test cô lập; chỉ payload synthetic; không tải secrets hoặc PII production; endpoint inventory trong TRACEABILITY.,"roles='OWNER', {OWNER:true}, ['OWNER',null], [] và unknown strings",Không escalation từ malformed metadata; unknown role không có grants.,"Dùng invariant của nhóm và I1–I10 trong README; đối chiếu trước/sau, không chỉ response.","Độc lập: chạy với namespace sạch; biên/multiple variants trong steps phải có result con riêng, mọi variant pass mới PASS case.","firestore.rules
storage.rules
functions/src/auth/guards.ts
functions/src/workspace.ts
functions/src/index.ts
functions/src/blog-comments.ts
functions/src/invoice-share.ts
functions/src/provider-release-gate.ts","tests/browser/fixtures.ts
tests/browser/release-blog-comments027.spec.ts
tests/browser/release-crm-keyboard-zoom031.spec.ts
tests/browser/release-finance-activity-positive031.spec.ts
tests/browser/release-membership-plan-pagination034.spec.ts
tests/browser/release-studio-complete027.spec.ts
tests/browser/release-studio-reference-parity027.spec.ts
tests/http/bootstrap-owner075.mjs
tests/http/callable.mjs
tests/http/restore-fixture.mjs
tests/rules/ask-hardening.test.ts
tests/rules/ask-payment.test.ts
tests/rules/ask-workflow.test.ts
tests/rules/backend-authority-hardening.test.ts
tests/rules/biz-hardening.test.ts
tests/rules/blog-comment-commands027.test.ts
tests/rules/blog-comments027.test.ts
tests/rules/blog-studio-advanced027.test.ts
tests/rules/blog-studio027.test.ts
tests/rules/catalog-checkout.test.ts
tests/rules/catalog-payments.test.ts
tests/rules/changequeue026.test.ts
tests/rules/command-authority-hardening.test.ts
tests/rules/conversation-role-array026.test.ts
tests/rules/crm-authority026.test.ts
tests/rules/crm-boundaries028.test.ts
tests/rules/crm-hardening.test.ts
tests/rules/email-delivery.test.ts
tests/rules/firestore.test.ts
tests/rules/invoices.test.ts
tests/rules/manual-delivery-estimate064.test.ts
tests/rules/membership.test.ts
tests/rules/mutation-authority026.test.ts
tests/rules/order-conversation.test.ts
tests/rules/order-media.test.ts
tests/rules/order-tracking027.test.ts
tests/rules/private-read-authority026.test.ts
tests/rules/public-products.test.ts
tests/rules/remaining-authority026.test.ts
tests/rules/reminder-role-array026.test.ts
tests/rules/server.test.ts
tests/rules/shipping-lookup028.test.ts
tests/rules/shipping-rates027.test.ts
tests/rules/staff-role-array026.test.ts
tests/rules/ticket-messages-hardening.test.ts
tests/rules/workspace-authority-hardening.test.ts
tests/rules/workspace-authority026.test.ts
tests/rules/workspace-version026.test.ts
tests/unit/auth-guards.test.ts
tests/unit/blog-comments-ui027.test.ts
tests/unit/blog-comments027.test.ts
tests/unit/blog-studio-advanced027.test.ts
tests/unit/blog-studio-service027.test.ts
tests/unit/campaign-banners-service076.test.ts
tests/unit/catalog-search-cache027.test.ts
tests/unit/domain.test.ts
tests/unit/email-delivery-security.test.ts
tests/unit/membership-command.test.ts
tests/unit/membership-reminder-policy.test.ts
tests/unit/provider-release-gate067.test.ts
tests/unit/shipping.test.ts
tests/unit/verified-google.test.ts",PROPOSED_TEST_ORACLE_SOURCE_REFERENCED_NOT_EXECUTED,NOT_RUN,,,,NONE,,,,
SG-SEC-009,security,SEC,Horizontal IDOR,P0,"guest, A/B, all staff roles, locked/revoked variants",EMULATOR,Môi trường test cô lập; chỉ payload synthetic; không tải secrets hoặc PII production; endpoint inventory trong TRACEABILITY.,"A thay orderId,invoiceId,ticketId,conversationId,addressId của B trong từng handler family",Không đọc/ghi trái owner; không leak tồn tại hoặc private result.,"Dùng invariant của nhóm và I1–I10 trong README; đối chiếu trước/sau, không chỉ response.","Độc lập: chạy với namespace sạch; biên/multiple variants trong steps phải có result con riêng, mọi variant pass mới PASS case.","firestore.rules
storage.rules
functions/src/auth/guards.ts
functions/src/workspace.ts
functions/src/index.ts
functions/src/blog-comments.ts
functions/src/invoice-share.ts
functions/src/provider-release-gate.ts","tests/browser/fixtures.ts
tests/browser/release-blog-comments027.spec.ts
tests/browser/release-crm-keyboard-zoom031.spec.ts
tests/browser/release-finance-activity-positive031.spec.ts
tests/browser/release-membership-plan-pagination034.spec.ts
tests/browser/release-studio-complete027.spec.ts
tests/browser/release-studio-reference-parity027.spec.ts
tests/http/bootstrap-owner075.mjs
tests/http/callable.mjs
tests/http/restore-fixture.mjs
tests/rules/ask-hardening.test.ts
tests/rules/ask-payment.test.ts
tests/rules/ask-workflow.test.ts
tests/rules/backend-authority-hardening.test.ts
tests/rules/biz-hardening.test.ts
tests/rules/blog-comment-commands027.test.ts
tests/rules/blog-comments027.test.ts
tests/rules/blog-studio-advanced027.test.ts
tests/rules/blog-studio027.test.ts
tests/rules/catalog-checkout.test.ts
tests/rules/catalog-payments.test.ts
tests/rules/changequeue026.test.ts
tests/rules/command-authority-hardening.test.ts
tests/rules/conversation-role-array026.test.ts
tests/rules/crm-authority026.test.ts
tests/rules/crm-boundaries028.test.ts
tests/rules/crm-hardening.test.ts
tests/rules/email-delivery.test.ts
tests/rules/firestore.test.ts
tests/rules/invoices.test.ts
tests/rules/manual-delivery-estimate064.test.ts
tests/rules/membership.test.ts
tests/rules/mutation-authority026.test.ts
tests/rules/order-conversation.test.ts
tests/rules/order-media.test.ts
tests/rules/order-tracking027.test.ts
tests/rules/private-read-authority026.test.ts
tests/rules/public-products.test.ts
tests/rules/remaining-authority026.test.ts
tests/rules/reminder-role-array026.test.ts
tests/rules/server.test.ts
tests/rules/shipping-lookup028.test.ts
tests/rules/shipping-rates027.test.ts
tests/rules/staff-role-array026.test.ts
tests/rules/ticket-messages-hardening.test.ts
tests/rules/workspace-authority-hardening.test.ts
tests/rules/workspace-authority026.test.ts
tests/rules/workspace-version026.test.ts
tests/unit/auth-guards.test.ts
tests/unit/blog-comments-ui027.test.ts
tests/unit/blog-comments027.test.ts
tests/unit/blog-studio-advanced027.test.ts
tests/unit/blog-studio-service027.test.ts
tests/unit/campaign-banners-service076.test.ts
tests/unit/catalog-search-cache027.test.ts
tests/unit/domain.test.ts
tests/unit/email-delivery-security.test.ts
tests/unit/membership-command.test.ts
tests/unit/membership-reminder-policy.test.ts
tests/unit/provider-release-gate067.test.ts
tests/unit/shipping.test.ts
tests/unit/verified-google.test.ts",PROPOSED_TEST_ORACLE_SOURCE_REFERENCED_NOT_EXECUTED,NOT_RUN,,,,NONE,,,,
SG-SEC-010,security,SEC,Vertical escalation,P0,"guest, A/B, all staff roles, locked/revoked variants",EMULATOR,Môi trường test cô lập; chỉ payload synthetic; không tải secrets hoặc PII production; endpoint inventory trong TRACEABILITY.,"Mỗi role thử từng privileged mutation trong action inventory, customer thử staff actions",Server grants đúng; mọi denied case giữ data/ledger unchanged.,"Dùng invariant của nhóm và I1–I10 trong README; đối chiếu trước/sau, không chỉ response.","Độc lập: chạy với namespace sạch; biên/multiple variants trong steps phải có result con riêng, mọi variant pass mới PASS case.","firestore.rules
storage.rules
functions/src/auth/guards.ts
functions/src/workspace.ts
functions/src/index.ts
functions/src/blog-comments.ts
functions/src/invoice-share.ts
functions/src/provider-release-gate.ts","tests/browser/fixtures.ts
tests/browser/release-blog-comments027.spec.ts
tests/browser/release-crm-keyboard-zoom031.spec.ts
tests/browser/release-finance-activity-positive031.spec.ts
tests/browser/release-membership-plan-pagination034.spec.ts
tests/browser/release-studio-complete027.spec.ts
tests/browser/release-studio-reference-parity027.spec.ts
tests/http/bootstrap-owner075.mjs
tests/http/callable.mjs
tests/http/restore-fixture.mjs
tests/rules/ask-hardening.test.ts
tests/rules/ask-payment.test.ts
tests/rules/ask-workflow.test.ts
tests/rules/backend-authority-hardening.test.ts
tests/rules/biz-hardening.test.ts
tests/rules/blog-comment-commands027.test.ts
tests/rules/blog-comments027.test.ts
tests/rules/blog-studio-advanced027.test.ts
tests/rules/blog-studio027.test.ts
tests/rules/catalog-checkout.test.ts
tests/rules/catalog-payments.test.ts
tests/rules/changequeue026.test.ts
tests/rules/command-authority-hardening.test.ts
tests/rules/conversation-role-array026.test.ts
tests/rules/crm-authority026.test.ts
tests/rules/crm-boundaries028.test.ts
tests/rules/crm-hardening.test.ts
tests/rules/email-delivery.test.ts
tests/rules/firestore.test.ts
tests/rules/invoices.test.ts
tests/rules/manual-delivery-estimate064.test.ts
tests/rules/membership.test.ts
tests/rules/mutation-authority026.test.ts
tests/rules/order-conversation.test.ts
tests/rules/order-media.test.ts
tests/rules/order-tracking027.test.ts
tests/rules/private-read-authority026.test.ts
tests/rules/public-products.test.ts
tests/rules/remaining-authority026.test.ts
tests/rules/reminder-role-array026.test.ts
tests/rules/server.test.ts
tests/rules/shipping-lookup028.test.ts
tests/rules/shipping-rates027.test.ts
tests/rules/staff-role-array026.test.ts
tests/rules/ticket-messages-hardening.test.ts
tests/rules/workspace-authority-hardening.test.ts
tests/rules/workspace-authority026.test.ts
tests/rules/workspace-version026.test.ts
tests/unit/auth-guards.test.ts
tests/unit/blog-comments-ui027.test.ts
tests/unit/blog-comments027.test.ts
tests/unit/blog-studio-advanced027.test.ts
tests/unit/blog-studio-service027.test.ts
tests/unit/campaign-banners-service076.test.ts
tests/unit/catalog-search-cache027.test.ts
tests/unit/domain.test.ts
tests/unit/email-delivery-security.test.ts
tests/unit/membership-command.test.ts
tests/unit/membership-reminder-policy.test.ts
tests/unit/provider-release-gate067.test.ts
tests/unit/shipping.test.ts
tests/unit/verified-google.test.ts",PROPOSED_TEST_ORACLE_SOURCE_REFERENCED_NOT_EXECUTED,NOT_RUN,,,,NONE,,,,
SG-SEC-011,security,SEC,Buyer assignment bypass,P0,"guest, A/B, all staff roles, locked/revoked variants",EMULATOR,Môi trường test cô lập; chỉ payload synthetic; không tải secrets hoặc PII production; endpoint inventory trong TRACEABILITY.,"Buyer có role hợp lệ nhưng orderIds missing/wrong/malformed
replay sau unassign",Deny ngoài assignment; cache/idempotency không bypass current rights.,"Dùng invariant của nhóm và I1–I10 trong README; đối chiếu trước/sau, không chỉ response.","Độc lập: chạy với namespace sạch; biên/multiple variants trong steps phải có result con riêng, mọi variant pass mới PASS case.","firestore.rules
storage.rules
functions/src/auth/guards.ts
functions/src/workspace.ts
functions/src/index.ts
functions/src/blog-comments.ts
functions/src/invoice-share.ts
functions/src/provider-release-gate.ts","tests/browser/fixtures.ts
tests/browser/release-blog-comments027.spec.ts
tests/browser/release-crm-keyboard-zoom031.spec.ts
tests/browser/release-finance-activity-positive031.spec.ts
tests/browser/release-membership-plan-pagination034.spec.ts
tests/browser/release-studio-complete027.spec.ts
tests/browser/release-studio-reference-parity027.spec.ts
tests/http/bootstrap-owner075.mjs
tests/http/callable.mjs
tests/http/restore-fixture.mjs
tests/rules/ask-hardening.test.ts
tests/rules/ask-payment.test.ts
tests/rules/ask-workflow.test.ts
tests/rules/backend-authority-hardening.test.ts
tests/rules/biz-hardening.test.ts
tests/rules/blog-comment-commands027.test.ts
tests/rules/blog-comments027.test.ts
tests/rules/blog-studio-advanced027.test.ts
tests/rules/blog-studio027.test.ts
tests/rules/catalog-checkout.test.ts
tests/rules/catalog-payments.test.ts
tests/rules/changequeue026.test.ts
tests/rules/command-authority-hardening.test.ts
tests/rules/conversation-role-array026.test.ts
tests/rules/crm-authority026.test.ts
tests/rules/crm-boundaries028.test.ts
tests/rules/crm-hardening.test.ts
tests/rules/email-delivery.test.ts
tests/rules/firestore.test.ts
tests/rules/invoices.test.ts
tests/rules/manual-delivery-estimate064.test.ts
tests/rules/membership.test.ts
tests/rules/mutation-authority026.test.ts
tests/rules/order-conversation.test.ts
tests/rules/order-media.test.ts
tests/rules/order-tracking027.test.ts
tests/rules/private-read-authority026.test.ts
tests/rules/public-products.test.ts
tests/rules/remaining-authority026.test.ts
tests/rules/reminder-role-array026.test.ts
tests/rules/server.test.ts
tests/rules/shipping-lookup028.test.ts
tests/rules/shipping-rates027.test.ts
tests/rules/staff-role-array026.test.ts
tests/rules/ticket-messages-hardening.test.ts
tests/rules/workspace-authority-hardening.test.ts
tests/rules/workspace-authority026.test.ts
tests/rules/workspace-version026.test.ts
tests/unit/auth-guards.test.ts
tests/unit/blog-comments-ui027.test.ts
tests/unit/blog-comments027.test.ts
tests/unit/blog-studio-advanced027.test.ts
tests/unit/blog-studio-service027.test.ts
tests/unit/campaign-banners-service076.test.ts
tests/unit/catalog-search-cache027.test.ts
tests/unit/domain.test.ts
tests/unit/email-delivery-security.test.ts
tests/unit/membership-command.test.ts
tests/unit/membership-reminder-policy.test.ts
tests/unit/provider-release-gate067.test.ts
tests/unit/shipping.test.ts
tests/unit/verified-google.test.ts",PROPOSED_TEST_ORACLE_SOURCE_REFERENCED_NOT_EXECUTED,NOT_RUN,,,,NONE,,,,
SG-SEC-012,security,SEC,MFA privileged boundary,P0,"guest, A/B, all staff roles, locked/revoked variants",APPROVED_STAGING,Môi trường test cô lập; chỉ payload synthetic; không tải secrets hoặc PII production; endpoint inventory trong TRACEABILITY.,"Staging test finance/owner actions với missing factor, expired auth, future timestamp","Chặn đúng nguồn; emulator bypass ghi riêng, không được PASS production MFA.","Dùng invariant của nhóm và I1–I10 trong README; đối chiếu trước/sau, không chỉ response.","Độc lập: chạy với namespace sạch; biên/multiple variants trong steps phải có result con riêng, mọi variant pass mới PASS case.","firestore.rules
storage.rules
functions/src/auth/guards.ts
functions/src/workspace.ts
functions/src/index.ts
functions/src/blog-comments.ts
functions/src/invoice-share.ts
functions/src/provider-release-gate.ts","tests/browser/fixtures.ts
tests/browser/release-blog-comments027.spec.ts
tests/browser/release-crm-keyboard-zoom031.spec.ts
tests/browser/release-finance-activity-positive031.spec.ts
tests/browser/release-membership-plan-pagination034.spec.ts
tests/browser/release-studio-complete027.spec.ts
tests/browser/release-studio-reference-parity027.spec.ts
tests/http/bootstrap-owner075.mjs
tests/http/callable.mjs
tests/http/restore-fixture.mjs
tests/rules/ask-hardening.test.ts
tests/rules/ask-payment.test.ts
tests/rules/ask-workflow.test.ts
tests/rules/backend-authority-hardening.test.ts
tests/rules/biz-hardening.test.ts
tests/rules/blog-comment-commands027.test.ts
tests/rules/blog-comments027.test.ts
tests/rules/blog-studio-advanced027.test.ts
tests/rules/blog-studio027.test.ts
tests/rules/catalog-checkout.test.ts
tests/rules/catalog-payments.test.ts
tests/rules/changequeue026.test.ts
tests/rules/command-authority-hardening.test.ts
tests/rules/conversation-role-array026.test.ts
tests/rules/crm-authority026.test.ts
tests/rules/crm-boundaries028.test.ts
tests/rules/crm-hardening.test.ts
tests/rules/email-delivery.test.ts
tests/rules/firestore.test.ts
tests/rules/invoices.test.ts
tests/rules/manual-delivery-estimate064.test.ts
tests/rules/membership.test.ts
tests/rules/mutation-authority026.test.ts
tests/rules/order-conversation.test.ts
tests/rules/order-media.test.ts
tests/rules/order-tracking027.test.ts
tests/rules/private-read-authority026.test.ts
tests/rules/public-products.test.ts
tests/rules/remaining-authority026.test.ts
tests/rules/reminder-role-array026.test.ts
tests/rules/server.test.ts
tests/rules/shipping-lookup028.test.ts
tests/rules/shipping-rates027.test.ts
tests/rules/staff-role-array026.test.ts
tests/rules/ticket-messages-hardening.test.ts
tests/rules/workspace-authority-hardening.test.ts
tests/rules/workspace-authority026.test.ts
tests/rules/workspace-version026.test.ts
tests/unit/auth-guards.test.ts
tests/unit/blog-comments-ui027.test.ts
tests/unit/blog-comments027.test.ts
tests/unit/blog-studio-advanced027.test.ts
tests/unit/blog-studio-service027.test.ts
tests/unit/campaign-banners-service076.test.ts
tests/unit/catalog-search-cache027.test.ts
tests/unit/domain.test.ts
tests/unit/email-delivery-security.test.ts
tests/unit/membership-command.test.ts
tests/unit/membership-reminder-policy.test.ts
tests/unit/provider-release-gate067.test.ts
tests/unit/shipping.test.ts
tests/unit/verified-google.test.ts",PROPOSED_TEST_ORACLE_SOURCE_REFERENCED_NOT_EXECUTED,NOT_RUN,STAGING_AUTHORIZATION_AND_SAFE_FIXTURES_REQUIRED,,,NONE,,,,
SG-SEC-013,security,SEC,AppCheck real runtime,P0,"guest, A/B, all staff roles, locked/revoked variants",APPROVED_STAGING,Môi trường test cô lập; chỉ payload synthetic; không tải secrets hoặc PII production; endpoint inventory trong TRACEABILITY.,"Staging được phép gọi callable thiếu/invalid AppCheck
lặp valid Google nhưng AppCheck sai",Enforcement đúng deployment; source flag và emulator không là runtime proof.,"Dùng invariant của nhóm và I1–I10 trong README; đối chiếu trước/sau, không chỉ response.","Độc lập: chạy với namespace sạch; biên/multiple variants trong steps phải có result con riêng, mọi variant pass mới PASS case.","firestore.rules
storage.rules
functions/src/auth/guards.ts
functions/src/workspace.ts
functions/src/index.ts
functions/src/blog-comments.ts
functions/src/invoice-share.ts
functions/src/provider-release-gate.ts","tests/browser/fixtures.ts
tests/browser/release-blog-comments027.spec.ts
tests/browser/release-crm-keyboard-zoom031.spec.ts
tests/browser/release-finance-activity-positive031.spec.ts
tests/browser/release-membership-plan-pagination034.spec.ts
tests/browser/release-studio-complete027.spec.ts
tests/browser/release-studio-reference-parity027.spec.ts
tests/http/bootstrap-owner075.mjs
tests/http/callable.mjs
tests/http/restore-fixture.mjs
tests/rules/ask-hardening.test.ts
tests/rules/ask-payment.test.ts
tests/rules/ask-workflow.test.ts
tests/rules/backend-authority-hardening.test.ts
tests/rules/biz-hardening.test.ts
tests/rules/blog-comment-commands027.test.ts
tests/rules/blog-comments027.test.ts
tests/rules/blog-studio-advanced027.test.ts
tests/rules/blog-studio027.test.ts
tests/rules/catalog-checkout.test.ts
tests/rules/catalog-payments.test.ts
tests/rules/changequeue026.test.ts
tests/rules/command-authority-hardening.test.ts
tests/rules/conversation-role-array026.test.ts
tests/rules/crm-authority026.test.ts
tests/rules/crm-boundaries028.test.ts
tests/rules/crm-hardening.test.ts
tests/rules/email-delivery.test.ts
tests/rules/firestore.test.ts
tests/rules/invoices.test.ts
tests/rules/manual-delivery-estimate064.test.ts
tests/rules/membership.test.ts
tests/rules/mutation-authority026.test.ts
tests/rules/order-conversation.test.ts
tests/rules/order-media.test.ts
tests/rules/order-tracking027.test.ts
tests/rules/private-read-authority026.test.ts
tests/rules/public-products.test.ts
tests/rules/remaining-authority026.test.ts
tests/rules/reminder-role-array026.test.ts
tests/rules/server.test.ts
tests/rules/shipping-lookup028.test.ts
tests/rules/shipping-rates027.test.ts
tests/rules/staff-role-array026.test.ts
tests/rules/ticket-messages-hardening.test.ts
tests/rules/workspace-authority-hardening.test.ts
tests/rules/workspace-authority026.test.ts
tests/rules/workspace-version026.test.ts
tests/unit/auth-guards.test.ts
tests/unit/blog-comments-ui027.test.ts
tests/unit/blog-comments027.test.ts
tests/unit/blog-studio-advanced027.test.ts
tests/unit/blog-studio-service027.test.ts
tests/unit/campaign-banners-service076.test.ts
tests/unit/catalog-search-cache027.test.ts
tests/unit/domain.test.ts
tests/unit/email-delivery-security.test.ts
tests/unit/membership-command.test.ts
tests/unit/membership-reminder-policy.test.ts
tests/unit/provider-release-gate067.test.ts
tests/unit/shipping.test.ts
tests/unit/verified-google.test.ts",PROPOSED_TEST_ORACLE_SOURCE_REFERENCED_NOT_EXECUTED,NOT_RUN,STAGING_AUTHORIZATION_AND_SAFE_FIXTURES_REQUIRED,,,NONE,,,,
SG-SEC-014,security,SEC,Mass assignment,P0,"guest, A/B, all staff roles, locked/revoked variants",EMULATOR,Môi trường test cô lập; chỉ payload synthetic; không tải secrets hoặc PII production; endpoint inventory trong TRACEABILITY.,"Gửi extra ownerId,roles,locked,stage,collected,bank allocation trong strict payloads",Không nhận fields authority từ client; schema fail hoặc ignore chỉ khi source quy định rõ.,"Dùng invariant của nhóm và I1–I10 trong README; đối chiếu trước/sau, không chỉ response.","Độc lập: chạy với namespace sạch; biên/multiple variants trong steps phải có result con riêng, mọi variant pass mới PASS case.","firestore.rules
storage.rules
functions/src/auth/guards.ts
functions/src/workspace.ts
functions/src/index.ts
functions/src/blog-comments.ts
functions/src/invoice-share.ts
functions/src/provider-release-gate.ts","tests/browser/fixtures.ts
tests/browser/release-blog-comments027.spec.ts
tests/browser/release-crm-keyboard-zoom031.spec.ts
tests/browser/release-finance-activity-positive031.spec.ts
tests/browser/release-membership-plan-pagination034.spec.ts
tests/browser/release-studio-complete027.spec.ts
tests/browser/release-studio-reference-parity027.spec.ts
tests/http/bootstrap-owner075.mjs
tests/http/callable.mjs
tests/http/restore-fixture.mjs
tests/rules/ask-hardening.test.ts
tests/rules/ask-payment.test.ts
tests/rules/ask-workflow.test.ts
tests/rules/backend-authority-hardening.test.ts
tests/rules/biz-hardening.test.ts
tests/rules/blog-comment-commands027.test.ts
tests/rules/blog-comments027.test.ts
tests/rules/blog-studio-advanced027.test.ts
tests/rules/blog-studio027.test.ts
tests/rules/catalog-checkout.test.ts
tests/rules/catalog-payments.test.ts
tests/rules/changequeue026.test.ts
tests/rules/command-authority-hardening.test.ts
tests/rules/conversation-role-array026.test.ts
tests/rules/crm-authority026.test.ts
tests/rules/crm-boundaries028.test.ts
tests/rules/crm-hardening.test.ts
tests/rules/email-delivery.test.ts
tests/rules/firestore.test.ts
tests/rules/invoices.test.ts
tests/rules/manual-delivery-estimate064.test.ts
tests/rules/membership.test.ts
tests/rules/mutation-authority026.test.ts
tests/rules/order-conversation.test.ts
tests/rules/order-media.test.ts
tests/rules/order-tracking027.test.ts
tests/rules/private-read-authority026.test.ts
tests/rules/public-products.test.ts
tests/rules/remaining-authority026.test.ts
tests/rules/reminder-role-array026.test.ts
tests/rules/server.test.ts
tests/rules/shipping-lookup028.test.ts
tests/rules/shipping-rates027.test.ts
tests/rules/staff-role-array026.test.ts
tests/rules/ticket-messages-hardening.test.ts
tests/rules/workspace-authority-hardening.test.ts
tests/rules/workspace-authority026.test.ts
tests/rules/workspace-version026.test.ts
tests/unit/auth-guards.test.ts
tests/unit/blog-comments-ui027.test.ts
tests/unit/blog-comments027.test.ts
tests/unit/blog-studio-advanced027.test.ts
tests/unit/blog-studio-service027.test.ts
tests/unit/campaign-banners-service076.test.ts
tests/unit/catalog-search-cache027.test.ts
tests/unit/domain.test.ts
tests/unit/email-delivery-security.test.ts
tests/unit/membership-command.test.ts
tests/unit/membership-reminder-policy.test.ts
tests/unit/provider-release-gate067.test.ts
tests/unit/shipping.test.ts
tests/unit/verified-google.test.ts",PROPOSED_TEST_ORACLE_SOURCE_REFERENCED_NOT_EXECUTED,NOT_RUN,,,,NONE,,,,
SG-SEC-015,security,SEC,Idempotency payload collision,P0,"guest, A/B, all staff roles, locked/revoked variants",EMULATOR,Môi trường test cô lập; chỉ payload synthetic; không tải secrets hoặc PII production; endpoint inventory trong TRACEABILITY.,"Same UID+operationId payload khác
same operationId across UIDs
unauthorized replay",Hash/context phân biệt; không cross-user replay hoặc private result leak.,"Dùng invariant của nhóm và I1–I10 trong README; đối chiếu trước/sau, không chỉ response.","Độc lập: chạy với namespace sạch; biên/multiple variants trong steps phải có result con riêng, mọi variant pass mới PASS case.","firestore.rules
storage.rules
functions/src/auth/guards.ts
functions/src/workspace.ts
functions/src/index.ts
functions/src/blog-comments.ts
functions/src/invoice-share.ts
functions/src/provider-release-gate.ts","tests/browser/fixtures.ts
tests/browser/release-blog-comments027.spec.ts
tests/browser/release-crm-keyboard-zoom031.spec.ts
tests/browser/release-finance-activity-positive031.spec.ts
tests/browser/release-membership-plan-pagination034.spec.ts
tests/browser/release-studio-complete027.spec.ts
tests/browser/release-studio-reference-parity027.spec.ts
tests/http/bootstrap-owner075.mjs
tests/http/callable.mjs
tests/http/restore-fixture.mjs
tests/rules/ask-hardening.test.ts
tests/rules/ask-payment.test.ts
tests/rules/ask-workflow.test.ts
tests/rules/backend-authority-hardening.test.ts
tests/rules/biz-hardening.test.ts
tests/rules/blog-comment-commands027.test.ts
tests/rules/blog-comments027.test.ts
tests/rules/blog-studio-advanced027.test.ts
tests/rules/blog-studio027.test.ts
tests/rules/catalog-checkout.test.ts
tests/rules/catalog-payments.test.ts
tests/rules/changequeue026.test.ts
tests/rules/command-authority-hardening.test.ts
tests/rules/conversation-role-array026.test.ts
tests/rules/crm-authority026.test.ts
tests/rules/crm-boundaries028.test.ts
tests/rules/crm-hardening.test.ts
tests/rules/email-delivery.test.ts
tests/rules/firestore.test.ts
tests/rules/invoices.test.ts
tests/rules/manual-delivery-estimate064.test.ts
tests/rules/membership.test.ts
tests/rules/mutation-authority026.test.ts
tests/rules/order-conversation.test.ts
tests/rules/order-media.test.ts
tests/rules/order-tracking027.test.ts
tests/rules/private-read-authority026.test.ts
tests/rules/public-products.test.ts
tests/rules/remaining-authority026.test.ts
tests/rules/reminder-role-array026.test.ts
tests/rules/server.test.ts
tests/rules/shipping-lookup028.test.ts
tests/rules/shipping-rates027.test.ts
tests/rules/staff-role-array026.test.ts
tests/rules/ticket-messages-hardening.test.ts
tests/rules/workspace-authority-hardening.test.ts
tests/rules/workspace-authority026.test.ts
tests/rules/workspace-version026.test.ts
tests/unit/auth-guards.test.ts
tests/unit/blog-comments-ui027.test.ts
tests/unit/blog-comments027.test.ts
tests/unit/blog-studio-advanced027.test.ts
tests/unit/blog-studio-service027.test.ts
tests/unit/campaign-banners-service076.test.ts
tests/unit/catalog-search-cache027.test.ts
tests/unit/domain.test.ts
tests/unit/email-delivery-security.test.ts
tests/unit/membership-command.test.ts
tests/unit/membership-reminder-policy.test.ts
tests/unit/provider-release-gate067.test.ts
tests/unit/shipping.test.ts
tests/unit/verified-google.test.ts",PROPOSED_TEST_ORACLE_SOURCE_REFERENCED_NOT_EXECUTED,NOT_RUN,,,,NONE,,,,
SG-SEC-016,security,SEC,Version tampering,P0,"guest, A/B, all staff roles, locked/revoked variants",EMULATOR,Môi trường test cô lập; chỉ payload synthetic; không tải secrets hoặc PII production; endpoint inventory trong TRACEABILITY.,"expectedVersion âm,lẻ,string,missing và old version cho từng mutation versioned",Invalid/conflict; không last-write-wins ngầm ở contract có version.,"Dùng invariant của nhóm và I1–I10 trong README; đối chiếu trước/sau, không chỉ response.","Độc lập: chạy với namespace sạch; biên/multiple variants trong steps phải có result con riêng, mọi variant pass mới PASS case.","firestore.rules
storage.rules
functions/src/auth/guards.ts
functions/src/workspace.ts
functions/src/index.ts
functions/src/blog-comments.ts
functions/src/invoice-share.ts
functions/src/provider-release-gate.ts","tests/browser/fixtures.ts
tests/browser/release-blog-comments027.spec.ts
tests/browser/release-crm-keyboard-zoom031.spec.ts
tests/browser/release-finance-activity-positive031.spec.ts
tests/browser/release-membership-plan-pagination034.spec.ts
tests/browser/release-studio-complete027.spec.ts
tests/browser/release-studio-reference-parity027.spec.ts
tests/http/bootstrap-owner075.mjs
tests/http/callable.mjs
tests/http/restore-fixture.mjs
tests/rules/ask-hardening.test.ts
tests/rules/ask-payment.test.ts
tests/rules/ask-workflow.test.ts
tests/rules/backend-authority-hardening.test.ts
tests/rules/biz-hardening.test.ts
tests/rules/blog-comment-commands027.test.ts
tests/rules/blog-comments027.test.ts
tests/rules/blog-studio-advanced027.test.ts
tests/rules/blog-studio027.test.ts
tests/rules/catalog-checkout.test.ts
tests/rules/catalog-payments.test.ts
tests/rules/changequeue026.test.ts
tests/rules/command-authority-hardening.test.ts
tests/rules/conversation-role-array026.test.ts
tests/rules/crm-authority026.test.ts
tests/rules/crm-boundaries028.test.ts
tests/rules/crm-hardening.test.ts
tests/rules/email-delivery.test.ts
tests/rules/firestore.test.ts
tests/rules/invoices.test.ts
tests/rules/manual-delivery-estimate064.test.ts
tests/rules/membership.test.ts
tests/rules/mutation-authority026.test.ts
tests/rules/order-conversation.test.ts
tests/rules/order-media.test.ts
tests/rules/order-tracking027.test.ts
tests/rules/private-read-authority026.test.ts
tests/rules/public-products.test.ts
tests/rules/remaining-authority026.test.ts
tests/rules/reminder-role-array026.test.ts
tests/rules/server.test.ts
tests/rules/shipping-lookup028.test.ts
tests/rules/shipping-rates027.test.ts
tests/rules/staff-role-array026.test.ts
tests/rules/ticket-messages-hardening.test.ts
tests/rules/workspace-authority-hardening.test.ts
tests/rules/workspace-authority026.test.ts
tests/rules/workspace-version026.test.ts
tests/unit/auth-guards.test.ts
tests/unit/blog-comments-ui027.test.ts
tests/unit/blog-comments027.test.ts
tests/unit/blog-studio-advanced027.test.ts
tests/unit/blog-studio-service027.test.ts
tests/unit/campaign-banners-service076.test.ts
tests/unit/catalog-search-cache027.test.ts
tests/unit/domain.test.ts
tests/unit/email-delivery-security.test.ts
tests/unit/membership-command.test.ts
tests/unit/membership-reminder-policy.test.ts
tests/unit/provider-release-gate067.test.ts
tests/unit/shipping.test.ts
tests/unit/verified-google.test.ts",PROPOSED_TEST_ORACLE_SOURCE_REFERENCED_NOT_EXECUTED,NOT_RUN,,,,NONE,,,,
SG-SEC-017,security,SEC,Path injection,P0,"guest, A/B, all staff roles, locked/revoked variants",EMULATOR,Môi trường test cô lập; chỉ payload synthetic; không tải secrets hoặc PII production; endpoint inventory trong TRACEABILITY.,"IDs chứa ../,slash,%2f,control chars và overlong
thử nested document refs",Không truy cập path tùy ý hoặc query unbounded; reject safely.,"Dùng invariant của nhóm và I1–I10 trong README; đối chiếu trước/sau, không chỉ response.","Độc lập: chạy với namespace sạch; biên/multiple variants trong steps phải có result con riêng, mọi variant pass mới PASS case.","firestore.rules
storage.rules
functions/src/auth/guards.ts
functions/src/workspace.ts
functions/src/index.ts
functions/src/blog-comments.ts
functions/src/invoice-share.ts
functions/src/provider-release-gate.ts","tests/browser/fixtures.ts
tests/browser/release-blog-comments027.spec.ts
tests/browser/release-crm-keyboard-zoom031.spec.ts
tests/browser/release-finance-activity-positive031.spec.ts
tests/browser/release-membership-plan-pagination034.spec.ts
tests/browser/release-studio-complete027.spec.ts
tests/browser/release-studio-reference-parity027.spec.ts
tests/http/bootstrap-owner075.mjs
tests/http/callable.mjs
tests/http/restore-fixture.mjs
tests/rules/ask-hardening.test.ts
tests/rules/ask-payment.test.ts
tests/rules/ask-workflow.test.ts
tests/rules/backend-authority-hardening.test.ts
tests/rules/biz-hardening.test.ts
tests/rules/blog-comment-commands027.test.ts
tests/rules/blog-comments027.test.ts
tests/rules/blog-studio-advanced027.test.ts
tests/rules/blog-studio027.test.ts
tests/rules/catalog-checkout.test.ts
tests/rules/catalog-payments.test.ts
tests/rules/changequeue026.test.ts
tests/rules/command-authority-hardening.test.ts
tests/rules/conversation-role-array026.test.ts
tests/rules/crm-authority026.test.ts
tests/rules/crm-boundaries028.test.ts
tests/rules/crm-hardening.test.ts
tests/rules/email-delivery.test.ts
tests/rules/firestore.test.ts
tests/rules/invoices.test.ts
tests/rules/manual-delivery-estimate064.test.ts
tests/rules/membership.test.ts
tests/rules/mutation-authority026.test.ts
tests/rules/order-conversation.test.ts
tests/rules/order-media.test.ts
tests/rules/order-tracking027.test.ts
tests/rules/private-read-authority026.test.ts
tests/rules/public-products.test.ts
tests/rules/remaining-authority026.test.ts
tests/rules/reminder-role-array026.test.ts
tests/rules/server.test.ts
tests/rules/shipping-lookup028.test.ts
tests/rules/shipping-rates027.test.ts
tests/rules/staff-role-array026.test.ts
tests/rules/ticket-messages-hardening.test.ts
tests/rules/workspace-authority-hardening.test.ts
tests/rules/workspace-authority026.test.ts
tests/rules/workspace-version026.test.ts
tests/unit/auth-guards.test.ts
tests/unit/blog-comments-ui027.test.ts
tests/unit/blog-comments027.test.ts
tests/unit/blog-studio-advanced027.test.ts
tests/unit/blog-studio-service027.test.ts
tests/unit/campaign-banners-service076.test.ts
tests/unit/catalog-search-cache027.test.ts
tests/unit/domain.test.ts
tests/unit/email-delivery-security.test.ts
tests/unit/membership-command.test.ts
tests/unit/membership-reminder-policy.test.ts
tests/unit/provider-release-gate067.test.ts
tests/unit/shipping.test.ts
tests/unit/verified-google.test.ts",PROPOSED_TEST_ORACLE_SOURCE_REFERENCED_NOT_EXECUTED,NOT_RUN,,,,NONE,,,,
SG-SEC-018,security,SEC,Public publication bypass,P0,"guest, A/B, all staff roles, locked/revoked variants",EMULATOR,Môi trường test cô lập; chỉ payload synthetic; không tải secrets hoặc PII production; endpoint inventory trong TRACEABILITY.,"Đọc draft post/product/plan,children image/comment bằng ID và slug cũ",Only published projection theo contract; no draft exposure.,"Dùng invariant của nhóm và I1–I10 trong README; đối chiếu trước/sau, không chỉ response.","Độc lập: chạy với namespace sạch; biên/multiple variants trong steps phải có result con riêng, mọi variant pass mới PASS case.","firestore.rules
storage.rules
functions/src/auth/guards.ts
functions/src/workspace.ts
functions/src/index.ts
functions/src/blog-comments.ts
functions/src/invoice-share.ts
functions/src/provider-release-gate.ts","tests/browser/fixtures.ts
tests/browser/release-blog-comments027.spec.ts
tests/browser/release-crm-keyboard-zoom031.spec.ts
tests/browser/release-finance-activity-positive031.spec.ts
tests/browser/release-membership-plan-pagination034.spec.ts
tests/browser/release-studio-complete027.spec.ts
tests/browser/release-studio-reference-parity027.spec.ts
tests/http/bootstrap-owner075.mjs
tests/http/callable.mjs
tests/http/restore-fixture.mjs
tests/rules/ask-hardening.test.ts
tests/rules/ask-payment.test.ts
tests/rules/ask-workflow.test.ts
tests/rules/backend-authority-hardening.test.ts
tests/rules/biz-hardening.test.ts
tests/rules/blog-comment-commands027.test.ts
tests/rules/blog-comments027.test.ts
tests/rules/blog-studio-advanced027.test.ts
tests/rules/blog-studio027.test.ts
tests/rules/catalog-checkout.test.ts
tests/rules/catalog-payments.test.ts
tests/rules/changequeue026.test.ts
tests/rules/command-authority-hardening.test.ts
tests/rules/conversation-role-array026.test.ts
tests/rules/crm-authority026.test.ts
tests/rules/crm-boundaries028.test.ts
tests/rules/crm-hardening.test.ts
tests/rules/email-delivery.test.ts
tests/rules/firestore.test.ts
tests/rules/invoices.test.ts
tests/rules/manual-delivery-estimate064.test.ts
tests/rules/membership.test.ts
tests/rules/mutation-authority026.test.ts
tests/rules/order-conversation.test.ts
tests/rules/order-media.test.ts
tests/rules/order-tracking027.test.ts
tests/rules/private-read-authority026.test.ts
tests/rules/public-products.test.ts
tests/rules/remaining-authority026.test.ts
tests/rules/reminder-role-array026.test.ts
tests/rules/server.test.ts
tests/rules/shipping-lookup028.test.ts
tests/rules/shipping-rates027.test.ts
tests/rules/staff-role-array026.test.ts
tests/rules/ticket-messages-hardening.test.ts
tests/rules/workspace-authority-hardening.test.ts
tests/rules/workspace-authority026.test.ts
tests/rules/workspace-version026.test.ts
tests/unit/auth-guards.test.ts
tests/unit/blog-comments-ui027.test.ts
tests/unit/blog-comments027.test.ts
tests/unit/blog-studio-advanced027.test.ts
tests/unit/blog-studio-service027.test.ts
tests/unit/campaign-banners-service076.test.ts
tests/unit/catalog-search-cache027.test.ts
tests/unit/domain.test.ts
tests/unit/email-delivery-security.test.ts
tests/unit/membership-command.test.ts
tests/unit/membership-reminder-policy.test.ts
tests/unit/provider-release-gate067.test.ts
tests/unit/shipping.test.ts
tests/unit/verified-google.test.ts",PROPOSED_TEST_ORACLE_SOURCE_REFERENCED_NOT_EXECUTED,NOT_RUN,,,,NONE,,,,
SG-SEC-019,security,SEC,Share token attack,P0,"guest, A/B, all staff roles, locked/revoked variants",EMULATOR,Môi trường test cô lập; chỉ payload synthetic; không tải secrets hoặc PII production; endpoint inventory trong TRACEABILITY.,"Token thiếu,random,revoked
document draft/void theo share contract
rate-limit probe bounded","Không leak document qua guessed ID; revoke enforce; thiếu rate control ghi finding thực, không giả PASS.","Dùng invariant của nhóm và I1–I10 trong README; đối chiếu trước/sau, không chỉ response.","Độc lập: chạy với namespace sạch; biên/multiple variants trong steps phải có result con riêng, mọi variant pass mới PASS case.","firestore.rules
storage.rules
functions/src/auth/guards.ts
functions/src/workspace.ts
functions/src/index.ts
functions/src/blog-comments.ts
functions/src/invoice-share.ts
functions/src/provider-release-gate.ts","tests/browser/fixtures.ts
tests/browser/release-blog-comments027.spec.ts
tests/browser/release-crm-keyboard-zoom031.spec.ts
tests/browser/release-finance-activity-positive031.spec.ts
tests/browser/release-membership-plan-pagination034.spec.ts
tests/browser/release-studio-complete027.spec.ts
tests/browser/release-studio-reference-parity027.spec.ts
tests/http/bootstrap-owner075.mjs
tests/http/callable.mjs
tests/http/restore-fixture.mjs
tests/rules/ask-hardening.test.ts
tests/rules/ask-payment.test.ts
tests/rules/ask-workflow.test.ts
tests/rules/backend-authority-hardening.test.ts
tests/rules/biz-hardening.test.ts
tests/rules/blog-comment-commands027.test.ts
tests/rules/blog-comments027.test.ts
tests/rules/blog-studio-advanced027.test.ts
tests/rules/blog-studio027.test.ts
tests/rules/catalog-checkout.test.ts
tests/rules/catalog-payments.test.ts
tests/rules/changequeue026.test.ts
tests/rules/command-authority-hardening.test.ts
tests/rules/conversation-role-array026.test.ts
tests/rules/crm-authority026.test.ts
tests/rules/crm-boundaries028.test.ts
tests/rules/crm-hardening.test.ts
tests/rules/email-delivery.test.ts
tests/rules/firestore.test.ts
tests/rules/invoices.test.ts
tests/rules/manual-delivery-estimate064.test.ts
tests/rules/membership.test.ts
tests/rules/mutation-authority026.test.ts
tests/rules/order-conversation.test.ts
tests/rules/order-media.test.ts
tests/rules/order-tracking027.test.ts
tests/rules/private-read-authority026.test.ts
tests/rules/public-products.test.ts
tests/rules/remaining-authority026.test.ts
tests/rules/reminder-role-array026.test.ts
tests/rules/server.test.ts
tests/rules/shipping-lookup028.test.ts
tests/rules/shipping-rates027.test.ts
tests/rules/staff-role-array026.test.ts
tests/rules/ticket-messages-hardening.test.ts
tests/rules/workspace-authority-hardening.test.ts
tests/rules/workspace-authority026.test.ts
tests/rules/workspace-version026.test.ts
tests/unit/auth-guards.test.ts
tests/unit/blog-comments-ui027.test.ts
tests/unit/blog-comments027.test.ts
tests/unit/blog-studio-advanced027.test.ts
tests/unit/blog-studio-service027.test.ts
tests/unit/campaign-banners-service076.test.ts
tests/unit/catalog-search-cache027.test.ts
tests/unit/domain.test.ts
tests/unit/email-delivery-security.test.ts
tests/unit/membership-command.test.ts
tests/unit/membership-reminder-policy.test.ts
tests/unit/provider-release-gate067.test.ts
tests/unit/shipping.test.ts
tests/unit/verified-google.test.ts",PROPOSED_TEST_ORACLE_SOURCE_REFERENCED_NOT_EXECUTED,NOT_RUN,,,,NONE,,,,
SG-SEC-020,security,SEC,XSS stored/reflected,P0,"guest, A/B, all staff roles, locked/revoked variants",EMULATOR,Môi trường test cô lập; chỉ payload synthetic; không tải secrets hoặc PII production; endpoint inventory trong TRACEABILITY.,"Inject script,event handler,SVG,Merm aid URL,unsafe markdown/comment/banner link trong fixture","Sanitize/escape trong editor,preview,SSR/public/client; không executable injection.","Dùng invariant của nhóm và I1–I10 trong README; đối chiếu trước/sau, không chỉ response.","Độc lập: chạy với namespace sạch; biên/multiple variants trong steps phải có result con riêng, mọi variant pass mới PASS case.","firestore.rules
storage.rules
functions/src/auth/guards.ts
functions/src/workspace.ts
functions/src/index.ts
functions/src/blog-comments.ts
functions/src/invoice-share.ts
functions/src/provider-release-gate.ts","tests/browser/fixtures.ts
tests/browser/release-blog-comments027.spec.ts
tests/browser/release-crm-keyboard-zoom031.spec.ts
tests/browser/release-finance-activity-positive031.spec.ts
tests/browser/release-membership-plan-pagination034.spec.ts
tests/browser/release-studio-complete027.spec.ts
tests/browser/release-studio-reference-parity027.spec.ts
tests/http/bootstrap-owner075.mjs
tests/http/callable.mjs
tests/http/restore-fixture.mjs
tests/rules/ask-hardening.test.ts
tests/rules/ask-payment.test.ts
tests/rules/ask-workflow.test.ts
tests/rules/backend-authority-hardening.test.ts
tests/rules/biz-hardening.test.ts
tests/rules/blog-comment-commands027.test.ts
tests/rules/blog-comments027.test.ts
tests/rules/blog-studio-advanced027.test.ts
tests/rules/blog-studio027.test.ts
tests/rules/catalog-checkout.test.ts
tests/rules/catalog-payments.test.ts
tests/rules/changequeue026.test.ts
tests/rules/command-authority-hardening.test.ts
tests/rules/conversation-role-array026.test.ts
tests/rules/crm-authority026.test.ts
tests/rules/crm-boundaries028.test.ts
tests/rules/crm-hardening.test.ts
tests/rules/email-delivery.test.ts
tests/rules/firestore.test.ts
tests/rules/invoices.test.ts
tests/rules/manual-delivery-estimate064.test.ts
tests/rules/membership.test.ts
tests/rules/mutation-authority026.test.ts
tests/rules/order-conversation.test.ts
tests/rules/order-media.test.ts
tests/rules/order-tracking027.test.ts
tests/rules/private-read-authority026.test.ts
tests/rules/public-products.test.ts
tests/rules/remaining-authority026.test.ts
tests/rules/reminder-role-array026.test.ts
tests/rules/server.test.ts
tests/rules/shipping-lookup028.test.ts
tests/rules/shipping-rates027.test.ts
tests/rules/staff-role-array026.test.ts
tests/rules/ticket-messages-hardening.test.ts
tests/rules/workspace-authority-hardening.test.ts
tests/rules/workspace-authority026.test.ts
tests/rules/workspace-version026.test.ts
tests/unit/auth-guards.test.ts
tests/unit/blog-comments-ui027.test.ts
tests/unit/blog-comments027.test.ts
tests/unit/blog-studio-advanced027.test.ts
tests/unit/blog-studio-service027.test.ts
tests/unit/campaign-banners-service076.test.ts
tests/unit/catalog-search-cache027.test.ts
tests/unit/domain.test.ts
tests/unit/email-delivery-security.test.ts
tests/unit/membership-command.test.ts
tests/unit/membership-reminder-policy.test.ts
tests/unit/provider-release-gate067.test.ts
tests/unit/shipping.test.ts
tests/unit/verified-google.test.ts",PROPOSED_TEST_ORACLE_SOURCE_REFERENCED_NOT_EXECUTED,NOT_RUN,,,,NONE,,,,
SG-SEC-021,security,SEC,CSV formula injection,P0,"guest, A/B, all staff roles, locked/revoked variants",EMULATOR,Môi trường test cô lập; chỉ payload synthetic; không tải secrets hoặc PII production; endpoint inventory trong TRACEABILITY.,"Export customer/taxonomy/content có leading whitespace rồi =,+,-,@ và newline/quotes",Không formula execution khi mở spreadsheet; escape bảo toàn dữ liệu.,"Dùng invariant của nhóm và I1–I10 trong README; đối chiếu trước/sau, không chỉ response.","Độc lập: chạy với namespace sạch; biên/multiple variants trong steps phải có result con riêng, mọi variant pass mới PASS case.","firestore.rules
storage.rules
functions/src/auth/guards.ts
functions/src/workspace.ts
functions/src/index.ts
functions/src/blog-comments.ts
functions/src/invoice-share.ts
functions/src/provider-release-gate.ts","tests/browser/fixtures.ts
tests/browser/release-blog-comments027.spec.ts
tests/browser/release-crm-keyboard-zoom031.spec.ts
tests/browser/release-finance-activity-positive031.spec.ts
tests/browser/release-membership-plan-pagination034.spec.ts
tests/browser/release-studio-complete027.spec.ts
tests/browser/release-studio-reference-parity027.spec.ts
tests/http/bootstrap-owner075.mjs
tests/http/callable.mjs
tests/http/restore-fixture.mjs
tests/rules/ask-hardening.test.ts
tests/rules/ask-payment.test.ts
tests/rules/ask-workflow.test.ts
tests/rules/backend-authority-hardening.test.ts
tests/rules/biz-hardening.test.ts
tests/rules/blog-comment-commands027.test.ts
tests/rules/blog-comments027.test.ts
tests/rules/blog-studio-advanced027.test.ts
tests/rules/blog-studio027.test.ts
tests/rules/catalog-checkout.test.ts
tests/rules/catalog-payments.test.ts
tests/rules/changequeue026.test.ts
tests/rules/command-authority-hardening.test.ts
tests/rules/conversation-role-array026.test.ts
tests/rules/crm-authority026.test.ts
tests/rules/crm-boundaries028.test.ts
tests/rules/crm-hardening.test.ts
tests/rules/email-delivery.test.ts
tests/rules/firestore.test.ts
tests/rules/invoices.test.ts
tests/rules/manual-delivery-estimate064.test.ts
tests/rules/membership.test.ts
tests/rules/mutation-authority026.test.ts
tests/rules/order-conversation.test.ts
tests/rules/order-media.test.ts
tests/rules/order-tracking027.test.ts
tests/rules/private-read-authority026.test.ts
tests/rules/public-products.test.ts
tests/rules/remaining-authority026.test.ts
tests/rules/reminder-role-array026.test.ts
tests/rules/server.test.ts
tests/rules/shipping-lookup028.test.ts
tests/rules/shipping-rates027.test.ts
tests/rules/staff-role-array026.test.ts
tests/rules/ticket-messages-hardening.test.ts
tests/rules/workspace-authority-hardening.test.ts
tests/rules/workspace-authority026.test.ts
tests/rules/workspace-version026.test.ts
tests/unit/auth-guards.test.ts
tests/unit/blog-comments-ui027.test.ts
tests/unit/blog-comments027.test.ts
tests/unit/blog-studio-advanced027.test.ts
tests/unit/blog-studio-service027.test.ts
tests/unit/campaign-banners-service076.test.ts
tests/unit/catalog-search-cache027.test.ts
tests/unit/domain.test.ts
tests/unit/email-delivery-security.test.ts
tests/unit/membership-command.test.ts
tests/unit/membership-reminder-policy.test.ts
tests/unit/provider-release-gate067.test.ts
tests/unit/shipping.test.ts
tests/unit/verified-google.test.ts",PROPOSED_TEST_ORACLE_SOURCE_REFERENCED_NOT_EXECUTED,NOT_RUN,,,,NONE,,,,
SG-SEC-022,security,SEC,SSRF/external URL,P0,"guest, A/B, all staff roles, locked/revoked variants",EMULATOR,Môi trường test cô lập; chỉ payload synthetic; không tải secrets hoặc PII production; endpoint inventory trong TRACEABILITY.,Thử URL internal/loopback/metadata host trong luồng có server fetch theo source,"Allowlist/validation ngăn fetch ngoài scope; nếu không có server fetch ghi N/A path, không fake vulnerability.","Dùng invariant của nhóm và I1–I10 trong README; đối chiếu trước/sau, không chỉ response.","Độc lập: chạy với namespace sạch; biên/multiple variants trong steps phải có result con riêng, mọi variant pass mới PASS case.","firestore.rules
storage.rules
functions/src/auth/guards.ts
functions/src/workspace.ts
functions/src/index.ts
functions/src/blog-comments.ts
functions/src/invoice-share.ts
functions/src/provider-release-gate.ts","tests/browser/fixtures.ts
tests/browser/release-blog-comments027.spec.ts
tests/browser/release-crm-keyboard-zoom031.spec.ts
tests/browser/release-finance-activity-positive031.spec.ts
tests/browser/release-membership-plan-pagination034.spec.ts
tests/browser/release-studio-complete027.spec.ts
tests/browser/release-studio-reference-parity027.spec.ts
tests/http/bootstrap-owner075.mjs
tests/http/callable.mjs
tests/http/restore-fixture.mjs
tests/rules/ask-hardening.test.ts
tests/rules/ask-payment.test.ts
tests/rules/ask-workflow.test.ts
tests/rules/backend-authority-hardening.test.ts
tests/rules/biz-hardening.test.ts
tests/rules/blog-comment-commands027.test.ts
tests/rules/blog-comments027.test.ts
tests/rules/blog-studio-advanced027.test.ts
tests/rules/blog-studio027.test.ts
tests/rules/catalog-checkout.test.ts
tests/rules/catalog-payments.test.ts
tests/rules/changequeue026.test.ts
tests/rules/command-authority-hardening.test.ts
tests/rules/conversation-role-array026.test.ts
tests/rules/crm-authority026.test.ts
tests/rules/crm-boundaries028.test.ts
tests/rules/crm-hardening.test.ts
tests/rules/email-delivery.test.ts
tests/rules/firestore.test.ts
tests/rules/invoices.test.ts
tests/rules/manual-delivery-estimate064.test.ts
tests/rules/membership.test.ts
tests/rules/mutation-authority026.test.ts
tests/rules/order-conversation.test.ts
tests/rules/order-media.test.ts
tests/rules/order-tracking027.test.ts
tests/rules/private-read-authority026.test.ts
tests/rules/public-products.test.ts
tests/rules/remaining-authority026.test.ts
tests/rules/reminder-role-array026.test.ts
tests/rules/server.test.ts
tests/rules/shipping-lookup028.test.ts
tests/rules/shipping-rates027.test.ts
tests/rules/staff-role-array026.test.ts
tests/rules/ticket-messages-hardening.test.ts
tests/rules/workspace-authority-hardening.test.ts
tests/rules/workspace-authority026.test.ts
tests/rules/workspace-version026.test.ts
tests/unit/auth-guards.test.ts
tests/unit/blog-comments-ui027.test.ts
tests/unit/blog-comments027.test.ts
tests/unit/blog-studio-advanced027.test.ts
tests/unit/blog-studio-service027.test.ts
tests/unit/campaign-banners-service076.test.ts
tests/unit/catalog-search-cache027.test.ts
tests/unit/domain.test.ts
tests/unit/email-delivery-security.test.ts
tests/unit/membership-command.test.ts
tests/unit/membership-reminder-policy.test.ts
tests/unit/provider-release-gate067.test.ts
tests/unit/shipping.test.ts
tests/unit/verified-google.test.ts",PROPOSED_TEST_ORACLE_SOURCE_REFERENCED_NOT_EXECUTED,NOT_RUN,,,,NONE,,,,
SG-SEC-023,security,SEC,Malicious image parser,P0,"guest, A/B, all staff roles, locked/revoked variants",EMULATOR,Môi trường test cô lập; chỉ payload synthetic; không tải secrets hoặc PII production; endpoint inventory trong TRACEABILITY.,"MIME mismatch,large pixel bomb,SVG/polyglot,EXIF GPS fixture",Bounded decode/sanitize; không public PII hoặc HTML executable.,"Dùng invariant của nhóm và I1–I10 trong README; đối chiếu trước/sau, không chỉ response.","Độc lập: chạy với namespace sạch; biên/multiple variants trong steps phải có result con riêng, mọi variant pass mới PASS case.","firestore.rules
storage.rules
functions/src/auth/guards.ts
functions/src/workspace.ts
functions/src/index.ts
functions/src/blog-comments.ts
functions/src/invoice-share.ts
functions/src/provider-release-gate.ts","tests/browser/fixtures.ts
tests/browser/release-blog-comments027.spec.ts
tests/browser/release-crm-keyboard-zoom031.spec.ts
tests/browser/release-finance-activity-positive031.spec.ts
tests/browser/release-membership-plan-pagination034.spec.ts
tests/browser/release-studio-complete027.spec.ts
tests/browser/release-studio-reference-parity027.spec.ts
tests/http/bootstrap-owner075.mjs
tests/http/callable.mjs
tests/http/restore-fixture.mjs
tests/rules/ask-hardening.test.ts
tests/rules/ask-payment.test.ts
tests/rules/ask-workflow.test.ts
tests/rules/backend-authority-hardening.test.ts
tests/rules/biz-hardening.test.ts
tests/rules/blog-comment-commands027.test.ts
tests/rules/blog-comments027.test.ts
tests/rules/blog-studio-advanced027.test.ts
tests/rules/blog-studio027.test.ts
tests/rules/catalog-checkout.test.ts
tests/rules/catalog-payments.test.ts
tests/rules/changequeue026.test.ts
tests/rules/command-authority-hardening.test.ts
tests/rules/conversation-role-array026.test.ts
tests/rules/crm-authority026.test.ts
tests/rules/crm-boundaries028.test.ts
tests/rules/crm-hardening.test.ts
tests/rules/email-delivery.test.ts
tests/rules/firestore.test.ts
tests/rules/invoices.test.ts
tests/rules/manual-delivery-estimate064.test.ts
tests/rules/membership.test.ts
tests/rules/mutation-authority026.test.ts
tests/rules/order-conversation.test.ts
tests/rules/order-media.test.ts
tests/rules/order-tracking027.test.ts
tests/rules/private-read-authority026.test.ts
tests/rules/public-products.test.ts
tests/rules/remaining-authority026.test.ts
tests/rules/reminder-role-array026.test.ts
tests/rules/server.test.ts
tests/rules/shipping-lookup028.test.ts
tests/rules/shipping-rates027.test.ts
tests/rules/staff-role-array026.test.ts
tests/rules/ticket-messages-hardening.test.ts
tests/rules/workspace-authority-hardening.test.ts
tests/rules/workspace-authority026.test.ts
tests/rules/workspace-version026.test.ts
tests/unit/auth-guards.test.ts
tests/unit/blog-comments-ui027.test.ts
tests/unit/blog-comments027.test.ts
tests/unit/blog-studio-advanced027.test.ts
tests/unit/blog-studio-service027.test.ts
tests/unit/campaign-banners-service076.test.ts
tests/unit/catalog-search-cache027.test.ts
tests/unit/domain.test.ts
tests/unit/email-delivery-security.test.ts
tests/unit/membership-command.test.ts
tests/unit/membership-reminder-policy.test.ts
tests/unit/provider-release-gate067.test.ts
tests/unit/shipping.test.ts
tests/unit/verified-google.test.ts",PROPOSED_TEST_ORACLE_SOURCE_REFERENCED_NOT_EXECUTED,NOT_RUN,,,,NONE,,,,
SG-SEC-024,security,SEC,Webhook authenticity,P0,"guest, A/B, all staff roles, locked/revoked variants",EMULATOR,Môi trường test cô lập; chỉ payload synthetic; không tải secrets hoặc PII production; endpoint inventory trong TRACEABILITY.,Fake signature/replayed verified bank IDs/wrong orderCode/amount/currency ở provider harness,Không duplicate hoặc false verified allocation; live route vẫn gate đóng.,"Dùng invariant của nhóm và I1–I10 trong README; đối chiếu trước/sau, không chỉ response.","Độc lập: chạy với namespace sạch; biên/multiple variants trong steps phải có result con riêng, mọi variant pass mới PASS case.","firestore.rules
storage.rules
functions/src/auth/guards.ts
functions/src/workspace.ts
functions/src/index.ts
functions/src/blog-comments.ts
functions/src/invoice-share.ts
functions/src/provider-release-gate.ts","tests/browser/fixtures.ts
tests/browser/release-blog-comments027.spec.ts
tests/browser/release-crm-keyboard-zoom031.spec.ts
tests/browser/release-finance-activity-positive031.spec.ts
tests/browser/release-membership-plan-pagination034.spec.ts
tests/browser/release-studio-complete027.spec.ts
tests/browser/release-studio-reference-parity027.spec.ts
tests/http/bootstrap-owner075.mjs
tests/http/callable.mjs
tests/http/restore-fixture.mjs
tests/rules/ask-hardening.test.ts
tests/rules/ask-payment.test.ts
tests/rules/ask-workflow.test.ts
tests/rules/backend-authority-hardening.test.ts
tests/rules/biz-hardening.test.ts
tests/rules/blog-comment-commands027.test.ts
tests/rules/blog-comments027.test.ts
tests/rules/blog-studio-advanced027.test.ts
tests/rules/blog-studio027.test.ts
tests/rules/catalog-checkout.test.ts
tests/rules/catalog-payments.test.ts
tests/rules/changequeue026.test.ts
tests/rules/command-authority-hardening.test.ts
tests/rules/conversation-role-array026.test.ts
tests/rules/crm-authority026.test.ts
tests/rules/crm-boundaries028.test.ts
tests/rules/crm-hardening.test.ts
tests/rules/email-delivery.test.ts
tests/rules/firestore.test.ts
tests/rules/invoices.test.ts
tests/rules/manual-delivery-estimate064.test.ts
tests/rules/membership.test.ts
tests/rules/mutation-authority026.test.ts
tests/rules/order-conversation.test.ts
tests/rules/order-media.test.ts
tests/rules/order-tracking027.test.ts
tests/rules/private-read-authority026.test.ts
tests/rules/public-products.test.ts
tests/rules/remaining-authority026.test.ts
tests/rules/reminder-role-array026.test.ts
tests/rules/server.test.ts
tests/rules/shipping-lookup028.test.ts
tests/rules/shipping-rates027.test.ts
tests/rules/staff-role-array026.test.ts
tests/rules/ticket-messages-hardening.test.ts
tests/rules/workspace-authority-hardening.test.ts
tests/rules/workspace-authority026.test.ts
tests/rules/workspace-version026.test.ts
tests/unit/auth-guards.test.ts
tests/unit/blog-comments-ui027.test.ts
tests/unit/blog-comments027.test.ts
tests/unit/blog-studio-advanced027.test.ts
tests/unit/blog-studio-service027.test.ts
tests/unit/campaign-banners-service076.test.ts
tests/unit/catalog-search-cache027.test.ts
tests/unit/domain.test.ts
tests/unit/email-delivery-security.test.ts
tests/unit/membership-command.test.ts
tests/unit/membership-reminder-policy.test.ts
tests/unit/provider-release-gate067.test.ts
tests/unit/shipping.test.ts
tests/unit/verified-google.test.ts",PROPOSED_TEST_ORACLE_SOURCE_REFERENCED_NOT_EXECUTED,NOT_RUN,,,,NONE,,,,
SG-SEC-025,security,SEC,Client gate spoof,P0,"guest, A/B, all staff roles, locked/revoked variants",EMULATOR,Môi trường test cô lập; chỉ payload synthetic; không tải secrets hoặc PII production; endpoint inventory trong TRACEABILITY.,"Sửa browser/settings/enabled flags để gọi AI,SMTP,PayOS,maintenance",Code-owned hold vẫn enforce; không network/spend ngoài scope.,"Dùng invariant của nhóm và I1–I10 trong README; đối chiếu trước/sau, không chỉ response.","Độc lập: chạy với namespace sạch; biên/multiple variants trong steps phải có result con riêng, mọi variant pass mới PASS case.","firestore.rules
storage.rules
functions/src/auth/guards.ts
functions/src/workspace.ts
functions/src/index.ts
functions/src/blog-comments.ts
functions/src/invoice-share.ts
functions/src/provider-release-gate.ts","tests/browser/fixtures.ts
tests/browser/release-blog-comments027.spec.ts
tests/browser/release-crm-keyboard-zoom031.spec.ts
tests/browser/release-finance-activity-positive031.spec.ts
tests/browser/release-membership-plan-pagination034.spec.ts
tests/browser/release-studio-complete027.spec.ts
tests/browser/release-studio-reference-parity027.spec.ts
tests/http/bootstrap-owner075.mjs
tests/http/callable.mjs
tests/http/restore-fixture.mjs
tests/rules/ask-hardening.test.ts
tests/rules/ask-payment.test.ts
tests/rules/ask-workflow.test.ts
tests/rules/backend-authority-hardening.test.ts
tests/rules/biz-hardening.test.ts
tests/rules/blog-comment-commands027.test.ts
tests/rules/blog-comments027.test.ts
tests/rules/blog-studio-advanced027.test.ts
tests/rules/blog-studio027.test.ts
tests/rules/catalog-checkout.test.ts
tests/rules/catalog-payments.test.ts
tests/rules/changequeue026.test.ts
tests/rules/command-authority-hardening.test.ts
tests/rules/conversation-role-array026.test.ts
tests/rules/crm-authority026.test.ts
tests/rules/crm-boundaries028.test.ts
tests/rules/crm-hardening.test.ts
tests/rules/email-delivery.test.ts
tests/rules/firestore.test.ts
tests/rules/invoices.test.ts
tests/rules/manual-delivery-estimate064.test.ts
tests/rules/membership.test.ts
tests/rules/mutation-authority026.test.ts
tests/rules/order-conversation.test.ts
tests/rules/order-media.test.ts
tests/rules/order-tracking027.test.ts
tests/rules/private-read-authority026.test.ts
tests/rules/public-products.test.ts
tests/rules/remaining-authority026.test.ts
tests/rules/reminder-role-array026.test.ts
tests/rules/server.test.ts
tests/rules/shipping-lookup028.test.ts
tests/rules/shipping-rates027.test.ts
tests/rules/staff-role-array026.test.ts
tests/rules/ticket-messages-hardening.test.ts
tests/rules/workspace-authority-hardening.test.ts
tests/rules/workspace-authority026.test.ts
tests/rules/workspace-version026.test.ts
tests/unit/auth-guards.test.ts
tests/unit/blog-comments-ui027.test.ts
tests/unit/blog-comments027.test.ts
tests/unit/blog-studio-advanced027.test.ts
tests/unit/blog-studio-service027.test.ts
tests/unit/campaign-banners-service076.test.ts
tests/unit/catalog-search-cache027.test.ts
tests/unit/domain.test.ts
tests/unit/email-delivery-security.test.ts
tests/unit/membership-command.test.ts
tests/unit/membership-reminder-policy.test.ts
tests/unit/provider-release-gate067.test.ts
tests/unit/shipping.test.ts
tests/unit/verified-google.test.ts",PROPOSED_TEST_ORACLE_SOURCE_REFERENCED_NOT_EXECUTED,NOT_RUN,,,,NONE,,,,
SG-SEC-026,security,SEC,Prompt injection và tool authority,P0,"guest, A/B, all staff roles, locked/revoked variants",EMULATOR,Môi trường test cô lập; chỉ payload synthetic; không tải secrets hoặc PII production; endpoint inventory trong TRACEABILITY.,"Fake retrieval/AI output yêu cầu đổi owner,lấy staff notes,đánh dấu paid","AI không có quyền financial/authorization, không lộ private context.","Dùng invariant của nhóm và I1–I10 trong README; đối chiếu trước/sau, không chỉ response.","Độc lập: chạy với namespace sạch; biên/multiple variants trong steps phải có result con riêng, mọi variant pass mới PASS case.","firestore.rules
storage.rules
functions/src/auth/guards.ts
functions/src/workspace.ts
functions/src/index.ts
functions/src/blog-comments.ts
functions/src/invoice-share.ts
functions/src/provider-release-gate.ts","tests/browser/fixtures.ts
tests/browser/release-blog-comments027.spec.ts
tests/browser/release-crm-keyboard-zoom031.spec.ts
tests/browser/release-finance-activity-positive031.spec.ts
tests/browser/release-membership-plan-pagination034.spec.ts
tests/browser/release-studio-complete027.spec.ts
tests/browser/release-studio-reference-parity027.spec.ts
tests/http/bootstrap-owner075.mjs
tests/http/callable.mjs
tests/http/restore-fixture.mjs
tests/rules/ask-hardening.test.ts
tests/rules/ask-payment.test.ts
tests/rules/ask-workflow.test.ts
tests/rules/backend-authority-hardening.test.ts
tests/rules/biz-hardening.test.ts
tests/rules/blog-comment-commands027.test.ts
tests/rules/blog-comments027.test.ts
tests/rules/blog-studio-advanced027.test.ts
tests/rules/blog-studio027.test.ts
tests/rules/catalog-checkout.test.ts
tests/rules/catalog-payments.test.ts
tests/rules/changequeue026.test.ts
tests/rules/command-authority-hardening.test.ts
tests/rules/conversation-role-array026.test.ts
tests/rules/crm-authority026.test.ts
tests/rules/crm-boundaries028.test.ts
tests/rules/crm-hardening.test.ts
tests/rules/email-delivery.test.ts
tests/rules/firestore.test.ts
tests/rules/invoices.test.ts
tests/rules/manual-delivery-estimate064.test.ts
tests/rules/membership.test.ts
tests/rules/mutation-authority026.test.ts
tests/rules/order-conversation.test.ts
tests/rules/order-media.test.ts
tests/rules/order-tracking027.test.ts
tests/rules/private-read-authority026.test.ts
tests/rules/public-products.test.ts
tests/rules/remaining-authority026.test.ts
tests/rules/reminder-role-array026.test.ts
tests/rules/server.test.ts
tests/rules/shipping-lookup028.test.ts
tests/rules/shipping-rates027.test.ts
tests/rules/staff-role-array026.test.ts
tests/rules/ticket-messages-hardening.test.ts
tests/rules/workspace-authority-hardening.test.ts
tests/rules/workspace-authority026.test.ts
tests/rules/workspace-version026.test.ts
tests/unit/auth-guards.test.ts
tests/unit/blog-comments-ui027.test.ts
tests/unit/blog-comments027.test.ts
tests/unit/blog-studio-advanced027.test.ts
tests/unit/blog-studio-service027.test.ts
tests/unit/campaign-banners-service076.test.ts
tests/unit/catalog-search-cache027.test.ts
tests/unit/domain.test.ts
tests/unit/email-delivery-security.test.ts
tests/unit/membership-command.test.ts
tests/unit/membership-reminder-policy.test.ts
tests/unit/provider-release-gate067.test.ts
tests/unit/shipping.test.ts
tests/unit/verified-google.test.ts",PROPOSED_TEST_ORACLE_SOURCE_REFERENCED_NOT_EXECUTED,NOT_RUN,,,,NONE,,,,
SG-SEC-027,security,SEC,Abuse input limits,P0,"guest, A/B, all staff roles, locked/revoked variants",EMULATOR,Môi trường test cô lập; chỉ payload synthetic; không tải secrets hoặc PII production; endpoint inventory trong TRACEABILITY.,"Gửi tối đa/ngoài schema item count,strings,cursor,bytes trong từng handler",Reject bounded; không resource exhaustion không kiểm soát; capture metrics fixture.,"Dùng invariant của nhóm và I1–I10 trong README; đối chiếu trước/sau, không chỉ response.","Độc lập: chạy với namespace sạch; biên/multiple variants trong steps phải có result con riêng, mọi variant pass mới PASS case.","firestore.rules
storage.rules
functions/src/auth/guards.ts
functions/src/workspace.ts
functions/src/index.ts
functions/src/blog-comments.ts
functions/src/invoice-share.ts
functions/src/provider-release-gate.ts","tests/browser/fixtures.ts
tests/browser/release-blog-comments027.spec.ts
tests/browser/release-crm-keyboard-zoom031.spec.ts
tests/browser/release-finance-activity-positive031.spec.ts
tests/browser/release-membership-plan-pagination034.spec.ts
tests/browser/release-studio-complete027.spec.ts
tests/browser/release-studio-reference-parity027.spec.ts
tests/http/bootstrap-owner075.mjs
tests/http/callable.mjs
tests/http/restore-fixture.mjs
tests/rules/ask-hardening.test.ts
tests/rules/ask-payment.test.ts
tests/rules/ask-workflow.test.ts
tests/rules/backend-authority-hardening.test.ts
tests/rules/biz-hardening.test.ts
tests/rules/blog-comment-commands027.test.ts
tests/rules/blog-comments027.test.ts
tests/rules/blog-studio-advanced027.test.ts
tests/rules/blog-studio027.test.ts
tests/rules/catalog-checkout.test.ts
tests/rules/catalog-payments.test.ts
tests/rules/changequeue026.test.ts
tests/rules/command-authority-hardening.test.ts
tests/rules/conversation-role-array026.test.ts
tests/rules/crm-authority026.test.ts
tests/rules/crm-boundaries028.test.ts
tests/rules/crm-hardening.test.ts
tests/rules/email-delivery.test.ts
tests/rules/firestore.test.ts
tests/rules/invoices.test.ts
tests/rules/manual-delivery-estimate064.test.ts
tests/rules/membership.test.ts
tests/rules/mutation-authority026.test.ts
tests/rules/order-conversation.test.ts
tests/rules/order-media.test.ts
tests/rules/order-tracking027.test.ts
tests/rules/private-read-authority026.test.ts
tests/rules/public-products.test.ts
tests/rules/remaining-authority026.test.ts
tests/rules/reminder-role-array026.test.ts
tests/rules/server.test.ts
tests/rules/shipping-lookup028.test.ts
tests/rules/shipping-rates027.test.ts
tests/rules/staff-role-array026.test.ts
tests/rules/ticket-messages-hardening.test.ts
tests/rules/workspace-authority-hardening.test.ts
tests/rules/workspace-authority026.test.ts
tests/rules/workspace-version026.test.ts
tests/unit/auth-guards.test.ts
tests/unit/blog-comments-ui027.test.ts
tests/unit/blog-comments027.test.ts
tests/unit/blog-studio-advanced027.test.ts
tests/unit/blog-studio-service027.test.ts
tests/unit/campaign-banners-service076.test.ts
tests/unit/catalog-search-cache027.test.ts
tests/unit/domain.test.ts
tests/unit/email-delivery-security.test.ts
tests/unit/membership-command.test.ts
tests/unit/membership-reminder-policy.test.ts
tests/unit/provider-release-gate067.test.ts
tests/unit/shipping.test.ts
tests/unit/verified-google.test.ts",PROPOSED_TEST_ORACLE_SOURCE_REFERENCED_NOT_EXECUTED,NOT_RUN,,,,NONE,,,,
SG-SEC-028,security,SEC,Privacy request authority,P0,"guest, A/B, all staff roles, locked/revoked variants",EMULATOR,Môi trường test cô lập; chỉ payload synthetic; không tải secrets hoặc PII production; endpoint inventory trong TRACEABILITY.,"Open ticket data-export/deletion
caller cố dùng ticket làm quyền export/delete",Request chỉ ghi nhận; không tự permanent delete hoặc release PII ngoài authorized workflow.,"Dùng invariant của nhóm và I1–I10 trong README; đối chiếu trước/sau, không chỉ response.","Độc lập: chạy với namespace sạch; biên/multiple variants trong steps phải có result con riêng, mọi variant pass mới PASS case.","firestore.rules
storage.rules
functions/src/auth/guards.ts
functions/src/workspace.ts
functions/src/index.ts
functions/src/blog-comments.ts
functions/src/invoice-share.ts
functions/src/provider-release-gate.ts","tests/browser/fixtures.ts
tests/browser/release-blog-comments027.spec.ts
tests/browser/release-crm-keyboard-zoom031.spec.ts
tests/browser/release-finance-activity-positive031.spec.ts
tests/browser/release-membership-plan-pagination034.spec.ts
tests/browser/release-studio-complete027.spec.ts
tests/browser/release-studio-reference-parity027.spec.ts
tests/http/bootstrap-owner075.mjs
tests/http/callable.mjs
tests/http/restore-fixture.mjs
tests/rules/ask-hardening.test.ts
tests/rules/ask-payment.test.ts
tests/rules/ask-workflow.test.ts
tests/rules/backend-authority-hardening.test.ts
tests/rules/biz-hardening.test.ts
tests/rules/blog-comment-commands027.test.ts
tests/rules/blog-comments027.test.ts
tests/rules/blog-studio-advanced027.test.ts
tests/rules/blog-studio027.test.ts
tests/rules/catalog-checkout.test.ts
tests/rules/catalog-payments.test.ts
tests/rules/changequeue026.test.ts
tests/rules/command-authority-hardening.test.ts
tests/rules/conversation-role-array026.test.ts
tests/rules/crm-authority026.test.ts
tests/rules/crm-boundaries028.test.ts
tests/rules/crm-hardening.test.ts
tests/rules/email-delivery.test.ts
tests/rules/firestore.test.ts
tests/rules/invoices.test.ts
tests/rules/manual-delivery-estimate064.test.ts
tests/rules/membership.test.ts
tests/rules/mutation-authority026.test.ts
tests/rules/order-conversation.test.ts
tests/rules/order-media.test.ts
tests/rules/order-tracking027.test.ts
tests/rules/private-read-authority026.test.ts
tests/rules/public-products.test.ts
tests/rules/remaining-authority026.test.ts
tests/rules/reminder-role-array026.test.ts
tests/rules/server.test.ts
tests/rules/shipping-lookup028.test.ts
tests/rules/shipping-rates027.test.ts
tests/rules/staff-role-array026.test.ts
tests/rules/ticket-messages-hardening.test.ts
tests/rules/workspace-authority-hardening.test.ts
tests/rules/workspace-authority026.test.ts
tests/rules/workspace-version026.test.ts
tests/unit/auth-guards.test.ts
tests/unit/blog-comments-ui027.test.ts
tests/unit/blog-comments027.test.ts
tests/unit/blog-studio-advanced027.test.ts
tests/unit/blog-studio-service027.test.ts
tests/unit/campaign-banners-service076.test.ts
tests/unit/catalog-search-cache027.test.ts
tests/unit/domain.test.ts
tests/unit/email-delivery-security.test.ts
tests/unit/membership-command.test.ts
tests/unit/membership-reminder-policy.test.ts
tests/unit/provider-release-gate067.test.ts
tests/unit/shipping.test.ts
tests/unit/verified-google.test.ts",PROPOSED_TEST_ORACLE_SOURCE_REFERENCED_NOT_EXECUTED,NOT_RUN,,,,NONE,,,,
SG-SEC-029,security,SEC,Error/log redaction,P0,"guest, A/B, all staff roles, locked/revoked variants",EMULATOR,Môi trường test cô lập; chỉ payload synthetic; không tải secrets hoặc PII production; endpoint inventory trong TRACEABILITY.,"Capture error responses và local logs từ auth,finance,share,email,AI malformed fixture","Không credentials,raw tokens,private addresses,raw transcript; safe user message.","Dùng invariant của nhóm và I1–I10 trong README; đối chiếu trước/sau, không chỉ response.","Độc lập: chạy với namespace sạch; biên/multiple variants trong steps phải có result con riêng, mọi variant pass mới PASS case.","firestore.rules
storage.rules
functions/src/auth/guards.ts
functions/src/workspace.ts
functions/src/index.ts
functions/src/blog-comments.ts
functions/src/invoice-share.ts
functions/src/provider-release-gate.ts","tests/browser/fixtures.ts
tests/browser/release-blog-comments027.spec.ts
tests/browser/release-crm-keyboard-zoom031.spec.ts
tests/browser/release-finance-activity-positive031.spec.ts
tests/browser/release-membership-plan-pagination034.spec.ts
tests/browser/release-studio-complete027.spec.ts
tests/browser/release-studio-reference-parity027.spec.ts
tests/http/bootstrap-owner075.mjs
tests/http/callable.mjs
tests/http/restore-fixture.mjs
tests/rules/ask-hardening.test.ts
tests/rules/ask-payment.test.ts
tests/rules/ask-workflow.test.ts
tests/rules/backend-authority-hardening.test.ts
tests/rules/biz-hardening.test.ts
tests/rules/blog-comment-commands027.test.ts
tests/rules/blog-comments027.test.ts
tests/rules/blog-studio-advanced027.test.ts
tests/rules/blog-studio027.test.ts
tests/rules/catalog-checkout.test.ts
tests/rules/catalog-payments.test.ts
tests/rules/changequeue026.test.ts
tests/rules/command-authority-hardening.test.ts
tests/rules/conversation-role-array026.test.ts
tests/rules/crm-authority026.test.ts
tests/rules/crm-boundaries028.test.ts
tests/rules/crm-hardening.test.ts
tests/rules/email-delivery.test.ts
tests/rules/firestore.test.ts
tests/rules/invoices.test.ts
tests/rules/manual-delivery-estimate064.test.ts
tests/rules/membership.test.ts
tests/rules/mutation-authority026.test.ts
tests/rules/order-conversation.test.ts
tests/rules/order-media.test.ts
tests/rules/order-tracking027.test.ts
tests/rules/private-read-authority026.test.ts
tests/rules/public-products.test.ts
tests/rules/remaining-authority026.test.ts
tests/rules/reminder-role-array026.test.ts
tests/rules/server.test.ts
tests/rules/shipping-lookup028.test.ts
tests/rules/shipping-rates027.test.ts
tests/rules/staff-role-array026.test.ts
tests/rules/ticket-messages-hardening.test.ts
tests/rules/workspace-authority-hardening.test.ts
tests/rules/workspace-authority026.test.ts
tests/rules/workspace-version026.test.ts
tests/unit/auth-guards.test.ts
tests/unit/blog-comments-ui027.test.ts
tests/unit/blog-comments027.test.ts
tests/unit/blog-studio-advanced027.test.ts
tests/unit/blog-studio-service027.test.ts
tests/unit/campaign-banners-service076.test.ts
tests/unit/catalog-search-cache027.test.ts
tests/unit/domain.test.ts
tests/unit/email-delivery-security.test.ts
tests/unit/membership-command.test.ts
tests/unit/membership-reminder-policy.test.ts
tests/unit/provider-release-gate067.test.ts
tests/unit/shipping.test.ts
tests/unit/verified-google.test.ts",PROPOSED_TEST_ORACLE_SOURCE_REFERENCED_NOT_EXECUTED,NOT_RUN,,,,NONE,,,,
SG-SEC-030,security,SEC,Security release artifact,P0,"guest, A/B, all staff roles, locked/revoked variants",EMULATOR,Môi trường test cô lập; chỉ payload synthetic; không tải secrets hoặc PII production; endpoint inventory trong TRACEABILITY.,"Kiểm tra local manifest/bundle/public config theo offline scanner
thử demo auth route non-demo",Không expose secret; fail config; không claim external security audit.,"Dùng invariant của nhóm và I1–I10 trong README; đối chiếu trước/sau, không chỉ response.","Độc lập: chạy với namespace sạch; biên/multiple variants trong steps phải có result con riêng, mọi variant pass mới PASS case.","firestore.rules
storage.rules
functions/src/auth/guards.ts
functions/src/workspace.ts
functions/src/index.ts
functions/src/blog-comments.ts
functions/src/invoice-share.ts
functions/src/provider-release-gate.ts","tests/browser/fixtures.ts
tests/browser/release-blog-comments027.spec.ts
tests/browser/release-crm-keyboard-zoom031.spec.ts
tests/browser/release-finance-activity-positive031.spec.ts
tests/browser/release-membership-plan-pagination034.spec.ts
tests/browser/release-studio-complete027.spec.ts
tests/browser/release-studio-reference-parity027.spec.ts
tests/http/bootstrap-owner075.mjs
tests/http/callable.mjs
tests/http/restore-fixture.mjs
tests/rules/ask-hardening.test.ts
tests/rules/ask-payment.test.ts
tests/rules/ask-workflow.test.ts
tests/rules/backend-authority-hardening.test.ts
tests/rules/biz-hardening.test.ts
tests/rules/blog-comment-commands027.test.ts
tests/rules/blog-comments027.test.ts
tests/rules/blog-studio-advanced027.test.ts
tests/rules/blog-studio027.test.ts
tests/rules/catalog-checkout.test.ts
tests/rules/catalog-payments.test.ts
tests/rules/changequeue026.test.ts
tests/rules/command-authority-hardening.test.ts
tests/rules/conversation-role-array026.test.ts
tests/rules/crm-authority026.test.ts
tests/rules/crm-boundaries028.test.ts
tests/rules/crm-hardening.test.ts
tests/rules/email-delivery.test.ts
tests/rules/firestore.test.ts
tests/rules/invoices.test.ts
tests/rules/manual-delivery-estimate064.test.ts
tests/rules/membership.test.ts
tests/rules/mutation-authority026.test.ts
tests/rules/order-conversation.test.ts
tests/rules/order-media.test.ts
tests/rules/order-tracking027.test.ts
tests/rules/private-read-authority026.test.ts
tests/rules/public-products.test.ts
tests/rules/remaining-authority026.test.ts
tests/rules/reminder-role-array026.test.ts
tests/rules/server.test.ts
tests/rules/shipping-lookup028.test.ts
tests/rules/shipping-rates027.test.ts
tests/rules/staff-role-array026.test.ts
tests/rules/ticket-messages-hardening.test.ts
tests/rules/workspace-authority-hardening.test.ts
tests/rules/workspace-authority026.test.ts
tests/rules/workspace-version026.test.ts
tests/unit/auth-guards.test.ts
tests/unit/blog-comments-ui027.test.ts
tests/unit/blog-comments027.test.ts
tests/unit/blog-studio-advanced027.test.ts
tests/unit/blog-studio-service027.test.ts
tests/unit/campaign-banners-service076.test.ts
tests/unit/catalog-search-cache027.test.ts
tests/unit/domain.test.ts
tests/unit/email-delivery-security.test.ts
tests/unit/membership-command.test.ts
tests/unit/membership-reminder-policy.test.ts
tests/unit/provider-release-gate067.test.ts
tests/unit/shipping.test.ts
tests/unit/verified-google.test.ts",PROPOSED_TEST_ORACLE_SOURCE_REFERENCED_NOT_EXECUTED,NOT_RUN,,,,NONE,,,,
SG-SEC-031,security,SEC,Cache private boundary,P0,"guest, A/B, all staff roles, locked/revoked variants",EMULATOR,Môi trường test cô lập; chỉ payload synthetic; không tải secrets hoặc PII production; endpoint inventory trong TRACEABILITY.,"A private reads cached
revoke/signout/change UID
B thử phục hồi cache/back button",Scope và cleanup đúng; no stale private rendering.,"Dùng invariant của nhóm và I1–I10 trong README; đối chiếu trước/sau, không chỉ response.","Độc lập: chạy với namespace sạch; biên/multiple variants trong steps phải có result con riêng, mọi variant pass mới PASS case.","firestore.rules
storage.rules
functions/src/auth/guards.ts
functions/src/workspace.ts
functions/src/index.ts
functions/src/blog-comments.ts
functions/src/invoice-share.ts
functions/src/provider-release-gate.ts","tests/browser/fixtures.ts
tests/browser/release-blog-comments027.spec.ts
tests/browser/release-crm-keyboard-zoom031.spec.ts
tests/browser/release-finance-activity-positive031.spec.ts
tests/browser/release-membership-plan-pagination034.spec.ts
tests/browser/release-studio-complete027.spec.ts
tests/browser/release-studio-reference-parity027.spec.ts
tests/http/bootstrap-owner075.mjs
tests/http/callable.mjs
tests/http/restore-fixture.mjs
tests/rules/ask-hardening.test.ts
tests/rules/ask-payment.test.ts
tests/rules/ask-workflow.test.ts
tests/rules/backend-authority-hardening.test.ts
tests/rules/biz-hardening.test.ts
tests/rules/blog-comment-commands027.test.ts
tests/rules/blog-comments027.test.ts
tests/rules/blog-studio-advanced027.test.ts
tests/rules/blog-studio027.test.ts
tests/rules/catalog-checkout.test.ts
tests/rules/catalog-payments.test.ts
tests/rules/changequeue026.test.ts
tests/rules/command-authority-hardening.test.ts
tests/rules/conversation-role-array026.test.ts
tests/rules/crm-authority026.test.ts
tests/rules/crm-boundaries028.test.ts
tests/rules/crm-hardening.test.ts
tests/rules/email-delivery.test.ts
tests/rules/firestore.test.ts
tests/rules/invoices.test.ts
tests/rules/manual-delivery-estimate064.test.ts
tests/rules/membership.test.ts
tests/rules/mutation-authority026.test.ts
tests/rules/order-conversation.test.ts
tests/rules/order-media.test.ts
tests/rules/order-tracking027.test.ts
tests/rules/private-read-authority026.test.ts
tests/rules/public-products.test.ts
tests/rules/remaining-authority026.test.ts
tests/rules/reminder-role-array026.test.ts
tests/rules/server.test.ts
tests/rules/shipping-lookup028.test.ts
tests/rules/shipping-rates027.test.ts
tests/rules/staff-role-array026.test.ts
tests/rules/ticket-messages-hardening.test.ts
tests/rules/workspace-authority-hardening.test.ts
tests/rules/workspace-authority026.test.ts
tests/rules/workspace-version026.test.ts
tests/unit/auth-guards.test.ts
tests/unit/blog-comments-ui027.test.ts
tests/unit/blog-comments027.test.ts
tests/unit/blog-studio-advanced027.test.ts
tests/unit/blog-studio-service027.test.ts
tests/unit/campaign-banners-service076.test.ts
tests/unit/catalog-search-cache027.test.ts
tests/unit/domain.test.ts
tests/unit/email-delivery-security.test.ts
tests/unit/membership-command.test.ts
tests/unit/membership-reminder-policy.test.ts
tests/unit/provider-release-gate067.test.ts
tests/unit/shipping.test.ts
tests/unit/verified-google.test.ts",PROPOSED_TEST_ORACLE_SOURCE_REFERENCED_NOT_EXECUTED,NOT_RUN,,,,NONE,,,,
SG-SEC-032,security,SEC,Race unauthorized replay,P0,"guest, A/B, all staff roles, locked/revoked variants",EMULATOR,Môi trường test cô lập; chỉ payload synthetic; không tải secrets hoặc PII production; endpoint inventory trong TRACEABILITY.,"Commit valid mutation
revoke role rồi replay same operationId và concurrent private read",Current authz trước idempotent result; không trả dữ liệu hoặc effect trái quyền.,"Dùng invariant của nhóm và I1–I10 trong README; đối chiếu trước/sau, không chỉ response.","Độc lập: chạy với namespace sạch; biên/multiple variants trong steps phải có result con riêng, mọi variant pass mới PASS case.","firestore.rules
storage.rules
functions/src/auth/guards.ts
functions/src/workspace.ts
functions/src/index.ts
functions/src/blog-comments.ts
functions/src/invoice-share.ts
functions/src/provider-release-gate.ts","tests/browser/fixtures.ts
tests/browser/release-blog-comments027.spec.ts
tests/browser/release-crm-keyboard-zoom031.spec.ts
tests/browser/release-finance-activity-positive031.spec.ts
tests/browser/release-membership-plan-pagination034.spec.ts
tests/browser/release-studio-complete027.spec.ts
tests/browser/release-studio-reference-parity027.spec.ts
tests/http/bootstrap-owner075.mjs
tests/http/callable.mjs
tests/http/restore-fixture.mjs
tests/rules/ask-hardening.test.ts
tests/rules/ask-payment.test.ts
tests/rules/ask-workflow.test.ts
tests/rules/backend-authority-hardening.test.ts
tests/rules/biz-hardening.test.ts
tests/rules/blog-comment-commands027.test.ts
tests/rules/blog-comments027.test.ts
tests/rules/blog-studio-advanced027.test.ts
tests/rules/blog-studio027.test.ts
tests/rules/catalog-checkout.test.ts
tests/rules/catalog-payments.test.ts
tests/rules/changequeue026.test.ts
tests/rules/command-authority-hardening.test.ts
tests/rules/conversation-role-array026.test.ts
tests/rules/crm-authority026.test.ts
tests/rules/crm-boundaries028.test.ts
tests/rules/crm-hardening.test.ts
tests/rules/email-delivery.test.ts
tests/rules/firestore.test.ts
tests/rules/invoices.test.ts
tests/rules/manual-delivery-estimate064.test.ts
tests/rules/membership.test.ts
tests/rules/mutation-authority026.test.ts
tests/rules/order-conversation.test.ts
tests/rules/order-media.test.ts
tests/rules/order-tracking027.test.ts
tests/rules/private-read-authority026.test.ts
tests/rules/public-products.test.ts
tests/rules/remaining-authority026.test.ts
tests/rules/reminder-role-array026.test.ts
tests/rules/server.test.ts
tests/rules/shipping-lookup028.test.ts
tests/rules/shipping-rates027.test.ts
tests/rules/staff-role-array026.test.ts
tests/rules/ticket-messages-hardening.test.ts
tests/rules/workspace-authority-hardening.test.ts
tests/rules/workspace-authority026.test.ts
tests/rules/workspace-version026.test.ts
tests/unit/auth-guards.test.ts
tests/unit/blog-comments-ui027.test.ts
tests/unit/blog-comments027.test.ts
tests/unit/blog-studio-advanced027.test.ts
tests/unit/blog-studio-service027.test.ts
tests/unit/campaign-banners-service076.test.ts
tests/unit/catalog-search-cache027.test.ts
tests/unit/domain.test.ts
tests/unit/email-delivery-security.test.ts
tests/unit/membership-command.test.ts
tests/unit/membership-reminder-policy.test.ts
tests/unit/provider-release-gate067.test.ts
tests/unit/shipping.test.ts
tests/unit/verified-google.test.ts",PROPOSED_TEST_ORACLE_SOURCE_REFERENCED_NOT_EXECUTED,NOT_RUN,,,,NONE,,,,
SG-SEC-033,security,SEC,Security control outage,P0,"guest, A/B, all staff roles, locked/revoked variants",EMULATOR,Môi trường test cô lập; chỉ payload synthetic; không tải secrets hoặc PII production; endpoint inventory trong TRACEABILITY.,Fail access/user read hoặc auth resolver trong fake harness,Deny/ unavailable; không fallback allow chỉ vì dependency không đọc được.,"Dùng invariant của nhóm và I1–I10 trong README; đối chiếu trước/sau, không chỉ response.","Độc lập: chạy với namespace sạch; biên/multiple variants trong steps phải có result con riêng, mọi variant pass mới PASS case.","firestore.rules
storage.rules
functions/src/auth/guards.ts
functions/src/workspace.ts
functions/src/index.ts
functions/src/blog-comments.ts
functions/src/invoice-share.ts
functions/src/provider-release-gate.ts","tests/browser/fixtures.ts
tests/browser/release-blog-comments027.spec.ts
tests/browser/release-crm-keyboard-zoom031.spec.ts
tests/browser/release-finance-activity-positive031.spec.ts
tests/browser/release-membership-plan-pagination034.spec.ts
tests/browser/release-studio-complete027.spec.ts
tests/browser/release-studio-reference-parity027.spec.ts
tests/http/bootstrap-owner075.mjs
tests/http/callable.mjs
tests/http/restore-fixture.mjs
tests/rules/ask-hardening.test.ts
tests/rules/ask-payment.test.ts
tests/rules/ask-workflow.test.ts
tests/rules/backend-authority-hardening.test.ts
tests/rules/biz-hardening.test.ts
tests/rules/blog-comment-commands027.test.ts
tests/rules/blog-comments027.test.ts
tests/rules/blog-studio-advanced027.test.ts
tests/rules/blog-studio027.test.ts
tests/rules/catalog-checkout.test.ts
tests/rules/catalog-payments.test.ts
tests/rules/changequeue026.test.ts
tests/rules/command-authority-hardening.test.ts
tests/rules/conversation-role-array026.test.ts
tests/rules/crm-authority026.test.ts
tests/rules/crm-boundaries028.test.ts
tests/rules/crm-hardening.test.ts
tests/rules/email-delivery.test.ts
tests/rules/firestore.test.ts
tests/rules/invoices.test.ts
tests/rules/manual-delivery-estimate064.test.ts
tests/rules/membership.test.ts
tests/rules/mutation-authority026.test.ts
tests/rules/order-conversation.test.ts
tests/rules/order-media.test.ts
tests/rules/order-tracking027.test.ts
tests/rules/private-read-authority026.test.ts
tests/rules/public-products.test.ts
tests/rules/remaining-authority026.test.ts
tests/rules/reminder-role-array026.test.ts
tests/rules/server.test.ts
tests/rules/shipping-lookup028.test.ts
tests/rules/shipping-rates027.test.ts
tests/rules/staff-role-array026.test.ts
tests/rules/ticket-messages-hardening.test.ts
tests/rules/workspace-authority-hardening.test.ts
tests/rules/workspace-authority026.test.ts
tests/rules/workspace-version026.test.ts
tests/unit/auth-guards.test.ts
tests/unit/blog-comments-ui027.test.ts
tests/unit/blog-comments027.test.ts
tests/unit/blog-studio-advanced027.test.ts
tests/unit/blog-studio-service027.test.ts
tests/unit/campaign-banners-service076.test.ts
tests/unit/catalog-search-cache027.test.ts
tests/unit/domain.test.ts
tests/unit/email-delivery-security.test.ts
tests/unit/membership-command.test.ts
tests/unit/membership-reminder-policy.test.ts
tests/unit/provider-release-gate067.test.ts
tests/unit/shipping.test.ts
tests/unit/verified-google.test.ts",PROPOSED_TEST_ORACLE_SOURCE_REFERENCED_NOT_EXECUTED,NOT_RUN,,,,NONE,,,,
SG-UX-001,ui-ux,UX,Responsive public/account/CRM,P1,"guest, customer, từng staff role",BROWSER_LOCAL,"Browser local candidate; viewport 320/390/768/1440; keyboard, screen reader; fixture loading/empty/error/partial.","Mở mọi route trong traceability ở 320,390,768,1440
thêm text dài,table và money",Không overflow page hoặc mất CTA; table có scroll kiểm soát; panel/Ask không che nội dung.,"Dùng invariant của nhóm và I1–I10 trong README; đối chiếu trước/sau, không chỉ response.","Độc lập: chạy với namespace sạch; biên/multiple variants trong steps phải có result con riêng, mọi variant pass mới PASS case.","src/app/App.tsx
src/features/crm/Workspace.tsx
src/features/account/AccountRail.tsx
src/shared/Loading.tsx
src/shared/Toast.tsx
src/styles/global.css
src/features/ask/Ask.tsx","tests/browser/release-ask-integration049.spec.ts
tests/unit/ask-hybrid-policy038.test.ts",PROPOSED_TEST_ORACLE_SOURCE_REFERENCED_NOT_EXECUTED,NOT_RUN,,,,NONE,,,,
SG-UX-002,ui-ux,UX,Keyboard toàn flow,P1,"guest, customer, từng staff role",BROWSER_LOCAL,"Browser local candidate; viewport 320/390/768/1440; keyboard, screen reader; fixture loading/empty/error/partial.","Chỉ Tab/ShiftTab/Enter/Space/Escape qua checkout,request,finance,studio,dialogs",Focus visible và thứ tự hợp lý; không keyboard trap; action được kích hoạt đúng một lần.,"Dùng invariant của nhóm và I1–I10 trong README; đối chiếu trước/sau, không chỉ response.","Độc lập: chạy với namespace sạch; biên/multiple variants trong steps phải có result con riêng, mọi variant pass mới PASS case.","src/app/App.tsx
src/features/crm/Workspace.tsx
src/features/account/AccountRail.tsx
src/shared/Loading.tsx
src/shared/Toast.tsx
src/styles/global.css
src/features/ask/Ask.tsx","tests/browser/release-ask-integration049.spec.ts
tests/unit/ask-hybrid-policy038.test.ts",PROPOSED_TEST_ORACLE_SOURCE_REFERENCED_NOT_EXECUTED,NOT_RUN,,,,NONE,,,,
SG-UX-003,ui-ux,UX,Dialog focus,P1,"guest, customer, từng staff role",BROWSER_LOCAL,"Browser local candidate; viewport 320/390/768/1440; keyboard, screen reader; fixture loading/empty/error/partial.","Mở account/CRM menu,confirm,preview
close bằng Escape/button
thử busy dialog",Focus vào dialog và trả trigger phù hợp; background không tương tác trái modal.,"Dùng invariant của nhóm và I1–I10 trong README; đối chiếu trước/sau, không chỉ response.","Độc lập: chạy với namespace sạch; biên/multiple variants trong steps phải có result con riêng, mọi variant pass mới PASS case.","src/app/App.tsx
src/features/crm/Workspace.tsx
src/features/account/AccountRail.tsx
src/shared/Loading.tsx
src/shared/Toast.tsx
src/styles/global.css
src/features/ask/Ask.tsx","tests/browser/release-ask-integration049.spec.ts
tests/unit/ask-hybrid-policy038.test.ts",PROPOSED_TEST_ORACLE_SOURCE_REFERENCED_NOT_EXECUTED,NOT_RUN,,,,NONE,,,,
SG-UX-004,ui-ux,UX,Zoom và reflow,P1,"guest, customer, từng staff role",BROWSER_LOCAL,"Browser local candidate; viewport 320/390/768/1440; keyboard, screen reader; fixture loading/empty/error/partial.","Zoom200%,400% ở checkout/CRM/details/security
thao tác mọi action cần thiết",Nội dung/labels/errors đọc và dùng được; không che nút hoặc thông tin tiền.,"Dùng invariant của nhóm và I1–I10 trong README; đối chiếu trước/sau, không chỉ response.","Độc lập: chạy với namespace sạch; biên/multiple variants trong steps phải có result con riêng, mọi variant pass mới PASS case.","src/app/App.tsx
src/features/crm/Workspace.tsx
src/features/account/AccountRail.tsx
src/shared/Loading.tsx
src/shared/Toast.tsx
src/styles/global.css
src/features/ask/Ask.tsx","tests/browser/release-ask-integration049.spec.ts
tests/unit/ask-hybrid-policy038.test.ts",PROPOSED_TEST_ORACLE_SOURCE_REFERENCED_NOT_EXECUTED,NOT_RUN,,,,NONE,,,,
SG-UX-005,ui-ux,UX,Screen reader trạng thái,P1,"guest, customer, từng staff role",BROWSER_LOCAL,"Browser local candidate; viewport 320/390/768/1440; keyboard, screen reader; fixture loading/empty/error/partial.","Đọc labels,hints,validation,toasts,loading,empty,error,conflict,pending/unknown",Tên/trạng thái accessible đúng; live announcements không spam hoặc giấu lỗi.,"Dùng invariant của nhóm và I1–I10 trong README; đối chiếu trước/sau, không chỉ response.","Độc lập: chạy với namespace sạch; biên/multiple variants trong steps phải có result con riêng, mọi variant pass mới PASS case.","src/app/App.tsx
src/features/crm/Workspace.tsx
src/features/account/AccountRail.tsx
src/shared/Loading.tsx
src/shared/Toast.tsx
src/styles/global.css
src/features/ask/Ask.tsx","tests/browser/release-ask-integration049.spec.ts
tests/unit/ask-hybrid-policy038.test.ts",PROPOSED_TEST_ORACLE_SOURCE_REFERENCED_NOT_EXECUTED,NOT_RUN,,,,NONE,,,,
SG-UX-006,ui-ux,UX,Loading khác empty,P1,"guest, customer, từng staff role",BROWSER_LOCAL,"Browser local candidate; viewport 320/390/768/1440; keyboard, screen reader; fixture loading/empty/error/partial.","Trì hoãn reads ở orders,profile,finance,studio,tracking,rates
sau đó trả zero rows",Loading không hiện chưa có dữ liệu; empty chỉ sau response hợp lệ.,"Dùng invariant của nhóm và I1–I10 trong README; đối chiếu trước/sau, không chỉ response.","Độc lập: chạy với namespace sạch; biên/multiple variants trong steps phải có result con riêng, mọi variant pass mới PASS case.","src/app/App.tsx
src/features/crm/Workspace.tsx
src/features/account/AccountRail.tsx
src/shared/Loading.tsx
src/shared/Toast.tsx
src/styles/global.css
src/features/ask/Ask.tsx","tests/browser/release-ask-integration049.spec.ts
tests/unit/ask-hybrid-policy038.test.ts",PROPOSED_TEST_ORACLE_SOURCE_REFERENCED_NOT_EXECUTED,NOT_RUN,,,,NONE,,,,
SG-UX-007,ui-ux,UX,Error khác zero,P1,"guest, customer, từng staff role",BROWSER_LOCAL,"Browser local candidate; viewport 320/390/768/1440; keyboard, screen reader; fixture loading/empty/error/partial.","Fail amounts/dashboard/tracking/invoice fetch
retry",Không hiển thị 0 VND hoặc healthy thay unavailable; next action dễ hiểu.,"Dùng invariant của nhóm và I1–I10 trong README; đối chiếu trước/sau, không chỉ response.","Độc lập: chạy với namespace sạch; biên/multiple variants trong steps phải có result con riêng, mọi variant pass mới PASS case.","src/app/App.tsx
src/features/crm/Workspace.tsx
src/features/account/AccountRail.tsx
src/shared/Loading.tsx
src/shared/Toast.tsx
src/styles/global.css
src/features/ask/Ask.tsx","tests/browser/release-ask-integration049.spec.ts
tests/unit/ask-hybrid-policy038.test.ts",PROPOSED_TEST_ORACLE_SOURCE_REFERENCED_NOT_EXECUTED,NOT_RUN,,,,NONE,,,,
SG-UX-008,ui-ux,UX,Pending khác success,P1,"guest, customer, từng staff role",BROWSER_LOCAL,"Browser local candidate; viewport 320/390/768/1440; keyboard, screen reader; fixture loading/empty/error/partial.","Transfer report,refund request,queued email,Ask draft,quote proposal chưa accepted",Copy đúng business state; không nói đã trả/đã mua/đã gửi/đã duyệt trước authoritative ack.,"Dùng invariant của nhóm và I1–I10 trong README; đối chiếu trước/sau, không chỉ response.","Độc lập: chạy với namespace sạch; biên/multiple variants trong steps phải có result con riêng, mọi variant pass mới PASS case.","src/app/App.tsx
src/features/crm/Workspace.tsx
src/features/account/AccountRail.tsx
src/shared/Loading.tsx
src/shared/Toast.tsx
src/styles/global.css
src/features/ask/Ask.tsx","tests/browser/release-ask-integration049.spec.ts
tests/unit/ask-hybrid-policy038.test.ts",PROPOSED_TEST_ORACLE_SOURCE_REFERENCED_NOT_EXECUTED,NOT_RUN,,,,NONE,,,,
SG-UX-009,ui-ux,UX,Catalog/custom language,P1,"guest, customer, từng staff role",BROWSER_LOCAL,"Browser local candidate; viewport 320/390/768/1440; keyboard, screen reader; fixture loading/empty/error/partial.",So sánh checkout/account/Ask/CRM/docs cho catalog và custom,Catalog nói full payment all-inclusive; custom nói quote/deposit/balance; không nhầm stage chung.,"Dùng invariant của nhóm và I1–I10 trong README; đối chiếu trước/sau, không chỉ response.","Độc lập: chạy với namespace sạch; biên/multiple variants trong steps phải có result con riêng, mọi variant pass mới PASS case.","src/app/App.tsx
src/features/crm/Workspace.tsx
src/features/account/AccountRail.tsx
src/shared/Loading.tsx
src/shared/Toast.tsx
src/styles/global.css
src/features/ask/Ask.tsx","tests/browser/release-ask-integration049.spec.ts
tests/unit/ask-hybrid-policy038.test.ts",PROPOSED_TEST_ORACLE_SOURCE_REFERENCED_NOT_EXECUTED,NOT_RUN,,,,NONE,,,,
SG-UX-010,ui-ux,UX,Money/units chính xác,P1,"guest, customer, từng staff role",BROWSER_LOCAL,"Browser local candidate; viewport 320/390/768/1440; keyboard, screen reader; fixture loading/empty/error/partial.","Hiển thị 100001 VND,USD minor,grams/kg và amount lớn
đọc bằng screen reader","Không mất đồng/đơn vị hoặc FX ngầm; format nhất quán, currency rõ.","Dùng invariant của nhóm và I1–I10 trong README; đối chiếu trước/sau, không chỉ response.","Độc lập: chạy với namespace sạch; biên/multiple variants trong steps phải có result con riêng, mọi variant pass mới PASS case.","src/app/App.tsx
src/features/crm/Workspace.tsx
src/features/account/AccountRail.tsx
src/shared/Loading.tsx
src/shared/Toast.tsx
src/styles/global.css
src/features/ask/Ask.tsx","tests/browser/release-ask-integration049.spec.ts
tests/unit/ask-hybrid-policy038.test.ts",PROPOSED_TEST_ORACLE_SOURCE_REFERENCED_NOT_EXECUTED,NOT_RUN,,,,NONE,,,,
SG-UX-011,ui-ux,UX,Vietnamese tự nhiên,P1,"guest, customer, từng staff role",BROWSER_LOCAL,"Browser local candidate; viewport 320/390/768/1440; keyboard, screen reader; fixture loading/empty/error/partial.","Review mọi string trong flow,error,empty,confirm ở ngữ cảnh","Ngắn rõ, có hành động phù hợp; không jargon nội bộ hoặc cam kết vượt source.","Dùng invariant của nhóm và I1–I10 trong README; đối chiếu trước/sau, không chỉ response.","Độc lập: chạy với namespace sạch; biên/multiple variants trong steps phải có result con riêng, mọi variant pass mới PASS case.","src/app/App.tsx
src/features/crm/Workspace.tsx
src/features/account/AccountRail.tsx
src/shared/Loading.tsx
src/shared/Toast.tsx
src/styles/global.css
src/features/ask/Ask.tsx","tests/browser/release-ask-integration049.spec.ts
tests/unit/ask-hybrid-policy038.test.ts",PROPOSED_TEST_ORACLE_SOURCE_REFERENCED_NOT_EXECUTED,NOT_RUN,,,,NONE,,,,
SG-UX-012,ui-ux,UX,English parity,P1,"guest, customer, từng staff role",BROWSER_LOCAL,"Browser local candidate; viewport 320/390/768/1440; keyboard, screen reader; fixture loading/empty/error/partial.","Đổi ngôn ngữ Ask nhiệm vụ tương đương
so sánh source labels,trạng thái và money",Không đổi meaning hoặc quyền; fallback ngôn ngữ không làm sai nghiệp vụ.,"Dùng invariant của nhóm và I1–I10 trong README; đối chiếu trước/sau, không chỉ response.","Độc lập: chạy với namespace sạch; biên/multiple variants trong steps phải có result con riêng, mọi variant pass mới PASS case.","src/app/App.tsx
src/features/crm/Workspace.tsx
src/features/account/AccountRail.tsx
src/shared/Loading.tsx
src/shared/Toast.tsx
src/styles/global.css
src/features/ask/Ask.tsx","tests/browser/release-ask-integration049.spec.ts
tests/unit/ask-hybrid-policy038.test.ts",PROPOSED_TEST_ORACLE_SOURCE_REFERENCED_NOT_EXECUTED,NOT_RUN,,,,NONE,,,,
SG-UX-013,ui-ux,UX,Eight principles in context,P1,"guest, customer, từng staff role",BROWSER_LOCAL,"Browser local candidate; viewport 320/390/768/1440; keyboard, screen reader; fixture loading/empty/error/partial.","Với từng critical flow ghi Purpose,Agency,Responsibility,Familiarity,Flexibility,Simplicity,Craft,Delight và screenshot states",Mỗi principle có evidence thực; không chấm generic hoặc chỉ string file; web platform fit.,"Dùng invariant của nhóm và I1–I10 trong README; đối chiếu trước/sau, không chỉ response.","Độc lập: chạy với namespace sạch; biên/multiple variants trong steps phải có result con riêng, mọi variant pass mới PASS case.","src/app/App.tsx
src/features/crm/Workspace.tsx
src/features/account/AccountRail.tsx
src/shared/Loading.tsx
src/shared/Toast.tsx
src/styles/global.css
src/features/ask/Ask.tsx","tests/browser/release-ask-integration049.spec.ts
tests/unit/ask-hybrid-policy038.test.ts",PROPOSED_TEST_ORACLE_SOURCE_REFERENCED_NOT_EXECUTED,NOT_RUN,,,,NONE,,,,
SG-UX-014,ui-ux,UX,Consent trước tiền/hàng,P1,"guest, customer, từng staff role",BROWSER_LOCAL,"Browser local candidate; viewport 320/390/768/1440; keyboard, screen reader; fixture loading/empty/error/partial.","Mở accept quote,final/change,refund/dispatch dialogs
back/cancel rồi confirm",Thấy rõ amount/entity/consequence trước action; cancel không mutate; không AI auto-consent.,"Dùng invariant của nhóm và I1–I10 trong README; đối chiếu trước/sau, không chỉ response.","Độc lập: chạy với namespace sạch; biên/multiple variants trong steps phải có result con riêng, mọi variant pass mới PASS case.","src/app/App.tsx
src/features/crm/Workspace.tsx
src/features/account/AccountRail.tsx
src/shared/Loading.tsx
src/shared/Toast.tsx
src/styles/global.css
src/features/ask/Ask.tsx","tests/browser/release-ask-integration049.spec.ts
tests/unit/ask-hybrid-policy038.test.ts",PROPOSED_TEST_ORACLE_SOURCE_REFERENCED_NOT_EXECUTED,NOT_RUN,,,,NONE,,,,
SG-UX-015,ui-ux,UX,Validation giữ draft,P1,"guest, customer, từng staff role",BROWSER_LOCAL,"Browser local candidate; viewport 320/390/768/1440; keyboard, screen reader; fixture loading/empty/error/partial.","Submit invalid form 2 dòng
sửa field
backend conflict/error
retry","Lỗi đúng field, focus hữu ích; giữ dữ liệu; không reset form vì network fail.","Dùng invariant của nhóm và I1–I10 trong README; đối chiếu trước/sau, không chỉ response.","Độc lập: chạy với namespace sạch; biên/multiple variants trong steps phải có result con riêng, mọi variant pass mới PASS case.","src/app/App.tsx
src/features/crm/Workspace.tsx
src/features/account/AccountRail.tsx
src/shared/Loading.tsx
src/shared/Toast.tsx
src/styles/global.css
src/features/ask/Ask.tsx","tests/browser/release-ask-integration049.spec.ts
tests/unit/ask-hybrid-policy038.test.ts",PROPOSED_TEST_ORACLE_SOURCE_REFERENCED_NOT_EXECUTED,NOT_RUN,,,,NONE,,,,
SG-UX-016,ui-ux,UX,Double click và busy,P1,"guest, customer, từng staff role",BROWSER_LOCAL,"Browser local candidate; viewport 320/390/768/1440; keyboard, screen reader; fixture loading/empty/error/partial.","Double click pay,submit,send,issue,dispatch
keyboard Enter liên tục",UI busy rõ; một operation intent; server dedupe; không silently bỏ ý định khác.,"Dùng invariant của nhóm và I1–I10 trong README; đối chiếu trước/sau, không chỉ response.","Độc lập: chạy với namespace sạch; biên/multiple variants trong steps phải có result con riêng, mọi variant pass mới PASS case.","src/app/App.tsx
src/features/crm/Workspace.tsx
src/features/account/AccountRail.tsx
src/shared/Loading.tsx
src/shared/Toast.tsx
src/styles/global.css
src/features/ask/Ask.tsx","tests/browser/release-ask-integration049.spec.ts
tests/unit/ask-hybrid-policy038.test.ts",PROPOSED_TEST_ORACLE_SOURCE_REFERENCED_NOT_EXECUTED,NOT_RUN,,,,NONE,,,,
SG-UX-017,ui-ux,UX,Reduced motion,P1,"guest, customer, từng staff role",BROWSER_LOCAL,"Browser local candidate; viewport 320/390/768/1440; keyboard, screen reader; fixture loading/empty/error/partial.","prefers-reduced-motion=true ở home timeline,loading,banner,Ask,dialogs",Chuyển động giảm theo nhu cầu; không mất thông tin hoặc thao tác.,"Dùng invariant của nhóm và I1–I10 trong README; đối chiếu trước/sau, không chỉ response.","Độc lập: chạy với namespace sạch; biên/multiple variants trong steps phải có result con riêng, mọi variant pass mới PASS case.","src/app/App.tsx
src/features/crm/Workspace.tsx
src/features/account/AccountRail.tsx
src/shared/Loading.tsx
src/shared/Toast.tsx
src/styles/global.css
src/features/ask/Ask.tsx","tests/browser/release-ask-integration049.spec.ts
tests/unit/ask-hybrid-policy038.test.ts",PROPOSED_TEST_ORACLE_SOURCE_REFERENCED_NOT_EXECUTED,NOT_RUN,,,,NONE,,,,
SG-UX-018,ui-ux,UX,Contrast và noncolor,P1,"guest, customer, từng staff role",BROWSER_LOCAL,"Browser local candidate; viewport 320/390/768/1440; keyboard, screen reader; fixture loading/empty/error/partial.","Light/dark OS nếu app hỗ trợ
states success,error,held,pending và focus","Thông tin không chỉ màu; contrast measured theo agreed accessibility target, ghi ratio thực.","Dùng invariant của nhóm và I1–I10 trong README; đối chiếu trước/sau, không chỉ response.","Độc lập: chạy với namespace sạch; biên/multiple variants trong steps phải có result con riêng, mọi variant pass mới PASS case.","src/app/App.tsx
src/features/crm/Workspace.tsx
src/features/account/AccountRail.tsx
src/shared/Loading.tsx
src/shared/Toast.tsx
src/styles/global.css
src/features/ask/Ask.tsx","tests/browser/release-ask-integration049.spec.ts
tests/unit/ask-hybrid-policy038.test.ts",PROPOSED_TEST_ORACLE_SOURCE_REFERENCED_NOT_EXECUTED,NOT_RUN,,,,NONE,,,,
SG-UX-019,ui-ux,UX,Touch và mobile keyboard,P1,"guest, customer, từng staff role",BROWSER_LOCAL,"Browser local candidate; viewport 320/390/768/1440; keyboard, screen reader; fixture loading/empty/error/partial.","Tap controls
mở keyboard trên form/Ask
rotate
safe area",Không che input/CTA; touch target đo được; scroll không bị khóa sai.,"Dùng invariant của nhóm và I1–I10 trong README; đối chiếu trước/sau, không chỉ response.","Độc lập: chạy với namespace sạch; biên/multiple variants trong steps phải có result con riêng, mọi variant pass mới PASS case.","src/app/App.tsx
src/features/crm/Workspace.tsx
src/features/account/AccountRail.tsx
src/shared/Loading.tsx
src/shared/Toast.tsx
src/styles/global.css
src/features/ask/Ask.tsx","tests/browser/release-ask-integration049.spec.ts
tests/unit/ask-hybrid-policy038.test.ts",PROPOSED_TEST_ORACLE_SOURCE_REFERENCED_NOT_EXECUTED,NOT_RUN,,,,NONE,,,,
SG-UX-020,ui-ux,UX,Back/forward và deep links,P1,"guest, customer, từng staff role",BROWSER_LOCAL,"Browser local candidate; viewport 320/390/768/1440; keyboard, screen reader; fixture loading/empty/error/partial.","Đi account→order→docs/CRM rồi back/forward
reload direct URL",Selection/context đúng URL; no private cache leak; recovery cho missing target.,"Dùng invariant của nhóm và I1–I10 trong README; đối chiếu trước/sau, không chỉ response.","Độc lập: chạy với namespace sạch; biên/multiple variants trong steps phải có result con riêng, mọi variant pass mới PASS case.","src/app/App.tsx
src/features/crm/Workspace.tsx
src/features/account/AccountRail.tsx
src/shared/Loading.tsx
src/shared/Toast.tsx
src/styles/global.css
src/features/ask/Ask.tsx","tests/browser/release-ask-integration049.spec.ts
tests/unit/ask-hybrid-policy038.test.ts",PROPOSED_TEST_ORACLE_SOURCE_REFERENCED_NOT_EXECUTED,NOT_RUN,,,,NONE,,,,
SG-UX-021,ui-ux,UX,Pagination và filter language,P1,"guest, customer, từng staff role",BROWSER_LOCAL,"Browser local candidate; viewport 320/390/768/1440; keyboard, screen reader; fixture loading/empty/error/partial.","Đổi page/filter ở customers,work queues,comments,docs
đọc counts",Nêu page/scope rõ; subtotal không giả total; selected entity không nhảy sai.,"Dùng invariant của nhóm và I1–I10 trong README; đối chiếu trước/sau, không chỉ response.","Độc lập: chạy với namespace sạch; biên/multiple variants trong steps phải có result con riêng, mọi variant pass mới PASS case.","src/app/App.tsx
src/features/crm/Workspace.tsx
src/features/account/AccountRail.tsx
src/shared/Loading.tsx
src/shared/Toast.tsx
src/styles/global.css
src/features/ask/Ask.tsx","tests/browser/release-ask-integration049.spec.ts
tests/unit/ask-hybrid-policy038.test.ts",PROPOSED_TEST_ORACLE_SOURCE_REFERENCED_NOT_EXECUTED,NOT_RUN,,,,NONE,,,,
SG-UX-022,ui-ux,UX,Return focus sau error,P1,"guest, customer, từng staff role",BROWSER_LOCAL,"Browser local candidate; viewport 320/390/768/1440; keyboard, screen reader; fixture loading/empty/error/partial.","Fail mutation,close toast/dialog
retry
đọc kết quả bằng keyboard","Focus vẫn ở action liên quan; error actionable, toast không auto-hide thông tin cần quyết định.","Dùng invariant của nhóm và I1–I10 trong README; đối chiếu trước/sau, không chỉ response.","Độc lập: chạy với namespace sạch; biên/multiple variants trong steps phải có result con riêng, mọi variant pass mới PASS case.","src/app/App.tsx
src/features/crm/Workspace.tsx
src/features/account/AccountRail.tsx
src/shared/Loading.tsx
src/shared/Toast.tsx
src/styles/global.css
src/features/ask/Ask.tsx","tests/browser/release-ask-integration049.spec.ts
tests/unit/ask-hybrid-policy038.test.ts",PROPOSED_TEST_ORACLE_SOURCE_REFERENCED_NOT_EXECUTED,NOT_RUN,,,,NONE,,,,
SG-UX-023,ui-ux,UX,Long data và missing fields,P1,"guest, customer, từng staff role",BROWSER_LOCAL,"Browser local candidate; viewport 320/390/768/1440; keyboard, screen reader; fixture loading/empty/error/partial.","Tên200 chars,30 items,empty image,legacy missing purchaseKind
mở mọi critical detail",Không crash/cắt money; legacy semantics đúng; unknown data hiển thị thật.,"Dùng invariant của nhóm và I1–I10 trong README; đối chiếu trước/sau, không chỉ response.","Độc lập: chạy với namespace sạch; biên/multiple variants trong steps phải có result con riêng, mọi variant pass mới PASS case.","src/app/App.tsx
src/features/crm/Workspace.tsx
src/features/account/AccountRail.tsx
src/shared/Loading.tsx
src/shared/Toast.tsx
src/styles/global.css
src/features/ask/Ask.tsx","tests/browser/release-ask-integration049.spec.ts
tests/unit/ask-hybrid-policy038.test.ts",PROPOSED_TEST_ORACLE_SOURCE_REFERENCED_NOT_EXECUTED,NOT_RUN,,,,NONE,,,,
SG-UX-024,ui-ux,UX,Print document,P1,"guest, customer, từng staff role",BROWSER_LOCAL,"Browser local candidate; viewport 320/390/768/1440; keyboard, screen reader; fixture loading/empty/error/partial.","Print nhiều trang với long line items,void/replacement và amount lớn",Không mất tổng/sign/status; page breaks không che data; bản in đúng issued snapshot.,"Dùng invariant của nhóm và I1–I10 trong README; đối chiếu trước/sau, không chỉ response.","Độc lập: chạy với namespace sạch; biên/multiple variants trong steps phải có result con riêng, mọi variant pass mới PASS case.","src/app/App.tsx
src/features/crm/Workspace.tsx
src/features/account/AccountRail.tsx
src/shared/Loading.tsx
src/shared/Toast.tsx
src/styles/global.css
src/features/ask/Ask.tsx","tests/browser/release-ask-integration049.spec.ts
tests/unit/ask-hybrid-policy038.test.ts",PROPOSED_TEST_ORACLE_SOURCE_REFERENCED_NOT_EXECUTED,NOT_RUN,,,,NONE,,,,
SG-UX-025,ui-ux,UX,Private identity display,P1,"guest, customer, từng staff role",BROWSER_LOCAL,"Browser local candidate; viewport 320/390/768/1440; keyboard, screen reader; fixture loading/empty/error/partial.",Đổi A→B và guest với account menu/rail/security đang mở,"Tên/email current, không mix account; không expose private metadata không cần thiết.","Dùng invariant của nhóm và I1–I10 trong README; đối chiếu trước/sau, không chỉ response.","Độc lập: chạy với namespace sạch; biên/multiple variants trong steps phải có result con riêng, mọi variant pass mới PASS case.","src/app/App.tsx
src/features/crm/Workspace.tsx
src/features/account/AccountRail.tsx
src/shared/Loading.tsx
src/shared/Toast.tsx
src/styles/global.css
src/features/ask/Ask.tsx","tests/browser/release-ask-integration049.spec.ts
tests/unit/ask-hybrid-policy038.test.ts",PROPOSED_TEST_ORACLE_SOURCE_REFERENCED_NOT_EXECUTED,NOT_RUN,,,,NONE,,,,
SG-UX-026,ui-ux,UX,Recovery lỗi chunk/runtime,P1,"guest, customer, từng staff role",BROWSER_LOCAL,"Browser local candidate; viewport 320/390/768/1440; keyboard, screen reader; fixture loading/empty/error/partial.","Fail lazy import CRM/Studio
throw render error fixture
retry ErrorBoundary",Có fallback an toàn và khả năng phục hồi; không spinner vô hạn hoặc raw stack/secret.,"Dùng invariant của nhóm và I1–I10 trong README; đối chiếu trước/sau, không chỉ response.","Độc lập: chạy với namespace sạch; biên/multiple variants trong steps phải có result con riêng, mọi variant pass mới PASS case.","src/app/App.tsx
src/features/crm/Workspace.tsx
src/features/account/AccountRail.tsx
src/shared/Loading.tsx
src/shared/Toast.tsx
src/styles/global.css
src/features/ask/Ask.tsx","tests/browser/release-ask-integration049.spec.ts
tests/unit/ask-hybrid-policy038.test.ts",PROPOSED_TEST_ORACLE_SOURCE_REFERENCED_NOT_EXECUTED,NOT_RUN,,,,NONE,,,,
SG-PERF-001,performance,PERF,Core Web Vitals public,P1,"tester local load, operator approved staging",LOAD_LOCAL,"Data/load synthetic; harness isolated; cold/warm runs; network profiles; thresholds PROPOSED trong README, không chạy load production.","Đo home/products/post ở mobile slow profile và desktop
5 cold/warm runs",Ghi LCP/CLS/INP đo thật; so với budget đề xuất; lab không giả field p75.,"Dùng invariant của nhóm và I1–I10 trong README; đối chiếu trước/sau, không chỉ response.","Độc lập: chạy với namespace sạch; biên/multiple variants trong steps phải có result con riêng, mọi variant pass mới PASS case.","functions/src/index.ts
functions/src/workspace.ts
functions/src/jobs.ts
functions/src/payments/payos.ts
src/shared/live-cache.ts
src/features/ask/transport.ts
src/features/content/studio/source-editor.tsx","tests/browser/release-finance-activity-positive031.spec.ts
tests/rules/ask-payment.test.ts
tests/rules/biz-hardening.test.ts
tests/rules/catalog-checkout.test.ts
tests/rules/catalog-payments.test.ts
tests/rules/server.test.ts
tests/unit/ask-transport.test.ts
tests/unit/payos-signature.test.ts
tests/unit/ui-runtime.test.ts",PROPOSED_TEST_ORACLE_SOURCE_REFERENCED_NOT_EXECUTED,NOT_RUN,,,,NONE,,,,
SG-PERF-002,performance,PERF,Private route startup,P1,"tester local load, operator approved staging",LOAD_LOCAL,"Data/load synthetic; harness isolated; cold/warm runs; network profiles; thresholds PROPOSED trong README, không chạy load production.","Đo account/order/CRM lazy chunks với cold cache
refresh deep link",Không spinner vô hạn; p50/p95 và payload/chunk bytes có evidence; private data không SSR public.,"Dùng invariant của nhóm và I1–I10 trong README; đối chiếu trước/sau, không chỉ response.","Độc lập: chạy với namespace sạch; biên/multiple variants trong steps phải có result con riêng, mọi variant pass mới PASS case.","functions/src/index.ts
functions/src/workspace.ts
functions/src/jobs.ts
functions/src/payments/payos.ts
src/shared/live-cache.ts
src/features/ask/transport.ts
src/features/content/studio/source-editor.tsx","tests/browser/release-finance-activity-positive031.spec.ts
tests/rules/ask-payment.test.ts
tests/rules/biz-hardening.test.ts
tests/rules/catalog-checkout.test.ts
tests/rules/catalog-payments.test.ts
tests/rules/server.test.ts
tests/unit/ask-transport.test.ts
tests/unit/payos-signature.test.ts
tests/unit/ui-runtime.test.ts",PROPOSED_TEST_ORACLE_SOURCE_REFERENCED_NOT_EXECUTED,NOT_RUN,,,,NONE,,,,
SG-PERF-003,performance,PERF,Query size bounded,P1,"tester local load, operator approved staging",LOAD_LOCAL,"Data/load synthetic; harness isolated; cold/warm runs; network profiles; thresholds PROPOSED trong README, không chạy load production.","Seed 10k customers/orders và 50k events/comments
đọc một page và filter",Số docs/response bounded theo source; không tải toàn collection để paginate client.,"Dùng invariant của nhóm và I1–I10 trong README; đối chiếu trước/sau, không chỉ response.","Độc lập: chạy với namespace sạch; biên/multiple variants trong steps phải có result con riêng, mọi variant pass mới PASS case.","functions/src/index.ts
functions/src/workspace.ts
functions/src/jobs.ts
functions/src/payments/payos.ts
src/shared/live-cache.ts
src/features/ask/transport.ts
src/features/content/studio/source-editor.tsx","tests/browser/release-finance-activity-positive031.spec.ts
tests/rules/ask-payment.test.ts
tests/rules/biz-hardening.test.ts
tests/rules/catalog-checkout.test.ts
tests/rules/catalog-payments.test.ts
tests/rules/server.test.ts
tests/unit/ask-transport.test.ts
tests/unit/payos-signature.test.ts
tests/unit/ui-runtime.test.ts",PROPOSED_TEST_ORACLE_SOURCE_REFERENCED_NOT_EXECUTED,NOT_RUN,,,,NONE,,,,
SG-PERF-004,performance,PERF,Cursor depth,P1,"tester local load, operator approved staging",LOAD_LOCAL,"Data/load synthetic; harness isolated; cold/warm runs; network profiles; thresholds PROPOSED trong README, không chạy load production.","Đi page1,10,100 với stable synthetic dataset
compare latency/read counts",Không tăng cost tuyến tính bởi offset/full scans; no duplicate/missing IDs.,"Dùng invariant của nhóm và I1–I10 trong README; đối chiếu trước/sau, không chỉ response.","Độc lập: chạy với namespace sạch; biên/multiple variants trong steps phải có result con riêng, mọi variant pass mới PASS case.","functions/src/index.ts
functions/src/workspace.ts
functions/src/jobs.ts
functions/src/payments/payos.ts
src/shared/live-cache.ts
src/features/ask/transport.ts
src/features/content/studio/source-editor.tsx","tests/browser/release-finance-activity-positive031.spec.ts
tests/rules/ask-payment.test.ts
tests/rules/biz-hardening.test.ts
tests/rules/catalog-checkout.test.ts
tests/rules/catalog-payments.test.ts
tests/rules/server.test.ts
tests/unit/ask-transport.test.ts
tests/unit/payos-signature.test.ts
tests/unit/ui-runtime.test.ts",PROPOSED_TEST_ORACLE_SOURCE_REFERENCED_NOT_EXECUTED,NOT_RUN,,,,NONE,,,,
SG-PERF-005,performance,PERF,Listener lifecycle,P1,"tester local load, operator approved staging",LOAD_LOCAL,"Data/load synthetic; harness isolated; cold/warm runs; network profiles; thresholds PROPOSED trong README, không chạy load production.","Mount/unmount/đổi order/account 100 lần
đo active subscriptions và heap",Listener/timer được cleanup; không growth liên tục hoặc callbacks UID cũ.,"Dùng invariant của nhóm và I1–I10 trong README; đối chiếu trước/sau, không chỉ response.","Độc lập: chạy với namespace sạch; biên/multiple variants trong steps phải có result con riêng, mọi variant pass mới PASS case.","functions/src/index.ts
functions/src/workspace.ts
functions/src/jobs.ts
functions/src/payments/payos.ts
src/shared/live-cache.ts
src/features/ask/transport.ts
src/features/content/studio/source-editor.tsx","tests/browser/release-finance-activity-positive031.spec.ts
tests/rules/ask-payment.test.ts
tests/rules/biz-hardening.test.ts
tests/rules/catalog-checkout.test.ts
tests/rules/catalog-payments.test.ts
tests/rules/server.test.ts
tests/unit/ask-transport.test.ts
tests/unit/payos-signature.test.ts
tests/unit/ui-runtime.test.ts",PROPOSED_TEST_ORACLE_SOURCE_REFERENCED_NOT_EXECUTED,NOT_RUN,,,,NONE,,,,
SG-PERF-006,performance,PERF,Cache scope và kích thước,P1,"tester local load, operator approved staging",LOAD_LOCAL,"Data/load synthetic; harness isolated; cold/warm runs; network profiles; thresholds PROPOSED trong README, không chạy load production.","Tìm1000 queries unique
đổi filter/account
expire cache",Cache có TTL/eviction theo source; không private cross-UID cache; không unbounded heap.,"Dùng invariant của nhóm và I1–I10 trong README; đối chiếu trước/sau, không chỉ response.","Độc lập: chạy với namespace sạch; biên/multiple variants trong steps phải có result con riêng, mọi variant pass mới PASS case.","functions/src/index.ts
functions/src/workspace.ts
functions/src/jobs.ts
functions/src/payments/payos.ts
src/shared/live-cache.ts
src/features/ask/transport.ts
src/features/content/studio/source-editor.tsx","tests/browser/release-finance-activity-positive031.spec.ts
tests/rules/ask-payment.test.ts
tests/rules/biz-hardening.test.ts
tests/rules/catalog-checkout.test.ts
tests/rules/catalog-payments.test.ts
tests/rules/server.test.ts
tests/unit/ask-transport.test.ts
tests/unit/payos-signature.test.ts
tests/unit/ui-runtime.test.ts",PROPOSED_TEST_ORACLE_SOURCE_REFERENCED_NOT_EXECUTED,NOT_RUN,,,,NONE,,,,
SG-PERF-007,performance,PERF,Concurrent commands,P1,"tester local load, operator approved staging",LOAD_LOCAL,"Data/load synthetic; harness isolated; cold/warm runs; network profiles; thresholds PROPOSED trong README, không chạy load production.","Load 20 rồi50 concurrent operations trên orders khác nhau ở harness
đo p95/error/transactions","Không violate money/quantity/idempotency; ghi throttling và actual capacity, không assume concurrency config là throughput.","Dùng invariant của nhóm và I1–I10 trong README; đối chiếu trước/sau, không chỉ response.","Độc lập: chạy với namespace sạch; biên/multiple variants trong steps phải có result con riêng, mọi variant pass mới PASS case.","functions/src/index.ts
functions/src/workspace.ts
functions/src/jobs.ts
functions/src/payments/payos.ts
src/shared/live-cache.ts
src/features/ask/transport.ts
src/features/content/studio/source-editor.tsx","tests/browser/release-finance-activity-positive031.spec.ts
tests/rules/ask-payment.test.ts
tests/rules/biz-hardening.test.ts
tests/rules/catalog-checkout.test.ts
tests/rules/catalog-payments.test.ts
tests/rules/server.test.ts
tests/unit/ask-transport.test.ts
tests/unit/payos-signature.test.ts
tests/unit/ui-runtime.test.ts",PROPOSED_TEST_ORACLE_SOURCE_REFERENCED_NOT_EXECUTED,NOT_RUN,,,,NONE,,,,
SG-PERF-008,performance,PERF,Hot-order contention,P1,"tester local load, operator approved staging",LOAD_LOCAL,"Data/load synthetic; harness isolated; cold/warm runs; network profiles; thresholds PROPOSED trong README, không chạy load production.","20 clients mutate cùng expectedVersion
retry bounded đúng protocol",Một version winner; conflict rate có evidence; không retry storm/duplicate effects.,"Dùng invariant của nhóm và I1–I10 trong README; đối chiếu trước/sau, không chỉ response.","Độc lập: chạy với namespace sạch; biên/multiple variants trong steps phải có result con riêng, mọi variant pass mới PASS case.","functions/src/index.ts
functions/src/workspace.ts
functions/src/jobs.ts
functions/src/payments/payos.ts
src/shared/live-cache.ts
src/features/ask/transport.ts
src/features/content/studio/source-editor.tsx","tests/browser/release-finance-activity-positive031.spec.ts
tests/rules/ask-payment.test.ts
tests/rules/biz-hardening.test.ts
tests/rules/catalog-checkout.test.ts
tests/rules/catalog-payments.test.ts
tests/rules/server.test.ts
tests/unit/ask-transport.test.ts
tests/unit/payos-signature.test.ts
tests/unit/ui-runtime.test.ts",PROPOSED_TEST_ORACLE_SOURCE_REFERENCED_NOT_EXECUTED,NOT_RUN,,,,NONE,,,,
SG-PERF-009,performance,PERF,Payment dedupe throughput,P1,"tester local load, operator approved staging",LOAD_LOCAL,"Data/load synthetic; harness isolated; cold/warm runs; network profiles; thresholds PROPOSED trong README, không chạy load production.","Fake applyVerifiedPayment 100 duplicate deliveries
race với reconcile",Một bank receipt; latency/reads bounded; no unbounded reservation/job growth.,"Dùng invariant của nhóm và I1–I10 trong README; đối chiếu trước/sau, không chỉ response.","Độc lập: chạy với namespace sạch; biên/multiple variants trong steps phải có result con riêng, mọi variant pass mới PASS case.","functions/src/index.ts
functions/src/workspace.ts
functions/src/jobs.ts
functions/src/payments/payos.ts
src/shared/live-cache.ts
src/features/ask/transport.ts
src/features/content/studio/source-editor.tsx","tests/browser/release-finance-activity-positive031.spec.ts
tests/rules/ask-payment.test.ts
tests/rules/biz-hardening.test.ts
tests/rules/catalog-checkout.test.ts
tests/rules/catalog-payments.test.ts
tests/rules/server.test.ts
tests/unit/ask-transport.test.ts
tests/unit/payos-signature.test.ts
tests/unit/ui-runtime.test.ts",PROPOSED_TEST_ORACLE_SOURCE_REFERENCED_NOT_EXECUTED,NOT_RUN,,,,NONE,,,,
SG-PERF-010,performance,PERF,Media decode memory,P1,"tester local load, operator approved staging",LOAD_LOCAL,"Data/load synthetic; harness isolated; cold/warm runs; network profiles; thresholds PROPOSED trong README, không chạy load production.","Upload sát byte/pixel limit và bomb fixture vào local sanitizer
đo peak RSS/time",Bounds được enforce; không crash/hang hoặc memory growth sau cleanup.,"Dùng invariant của nhóm và I1–I10 trong README; đối chiếu trước/sau, không chỉ response.","Độc lập: chạy với namespace sạch; biên/multiple variants trong steps phải có result con riêng, mọi variant pass mới PASS case.","functions/src/index.ts
functions/src/workspace.ts
functions/src/jobs.ts
functions/src/payments/payos.ts
src/shared/live-cache.ts
src/features/ask/transport.ts
src/features/content/studio/source-editor.tsx","tests/browser/release-finance-activity-positive031.spec.ts
tests/rules/ask-payment.test.ts
tests/rules/biz-hardening.test.ts
tests/rules/catalog-checkout.test.ts
tests/rules/catalog-payments.test.ts
tests/rules/server.test.ts
tests/unit/ask-transport.test.ts
tests/unit/payos-signature.test.ts
tests/unit/ui-runtime.test.ts",PROPOSED_TEST_ORACLE_SOURCE_REFERENCED_NOT_EXECUTED,NOT_RUN,,,,NONE,,,,
SG-PERF-011,performance,PERF,Studio typing large doc,P1,"tester local load, operator approved staging",LOAD_LOCAL,"Data/load synthetic; harness isolated; cold/warm runs; network profiles; thresholds PROPOSED trong README, không chạy load production.","Soạn document/body gần schema maximum cótable/code/mermaid
đo key latency và autosave requests",Không freeze typing; requests được kiểm soát; no lost draft trong debounce/unmount.,"Dùng invariant của nhóm và I1–I10 trong README; đối chiếu trước/sau, không chỉ response.","Độc lập: chạy với namespace sạch; biên/multiple variants trong steps phải có result con riêng, mọi variant pass mới PASS case.","functions/src/index.ts
functions/src/workspace.ts
functions/src/jobs.ts
functions/src/payments/payos.ts
src/shared/live-cache.ts
src/features/ask/transport.ts
src/features/content/studio/source-editor.tsx","tests/browser/release-finance-activity-positive031.spec.ts
tests/rules/ask-payment.test.ts
tests/rules/biz-hardening.test.ts
tests/rules/catalog-checkout.test.ts
tests/rules/catalog-payments.test.ts
tests/rules/server.test.ts
tests/unit/ask-transport.test.ts
tests/unit/payos-signature.test.ts
tests/unit/ui-runtime.test.ts",PROPOSED_TEST_ORACLE_SOURCE_REFERENCED_NOT_EXECUTED,NOT_RUN,,,,NONE,,,,
SG-PERF-012,performance,PERF,Ask streaming backpressure,P1,"tester local load, operator approved staging",LOAD_LOCAL,"Data/load synthetic; harness isolated; cold/warm runs; network profiles; thresholds PROPOSED trong README, không chạy load production.","Fake stream nhiều chunks/lớn
cancel giữa chừng
network slow",Không rerender/pending buffer không giới hạn; cancel cleanup; provider paid vẫn gate đóng.,"Dùng invariant của nhóm và I1–I10 trong README; đối chiếu trước/sau, không chỉ response.","Độc lập: chạy với namespace sạch; biên/multiple variants trong steps phải có result con riêng, mọi variant pass mới PASS case.","functions/src/index.ts
functions/src/workspace.ts
functions/src/jobs.ts
functions/src/payments/payos.ts
src/shared/live-cache.ts
src/features/ask/transport.ts
src/features/content/studio/source-editor.tsx","tests/browser/release-finance-activity-positive031.spec.ts
tests/rules/ask-payment.test.ts
tests/rules/biz-hardening.test.ts
tests/rules/catalog-checkout.test.ts
tests/rules/catalog-payments.test.ts
tests/rules/server.test.ts
tests/unit/ask-transport.test.ts
tests/unit/payos-signature.test.ts
tests/unit/ui-runtime.test.ts",PROPOSED_TEST_ORACLE_SOURCE_REFERENCED_NOT_EXECUTED,NOT_RUN,,,,NONE,,,,
SG-PERF-013,performance,PERF,Schedulers batch size,P1,"tester local load, operator approved staging",LOAD_LOCAL,"Data/load synthetic; harness isolated; cold/warm runs; network profiles; thresholds PROPOSED trong README, không chạy load production.","Seed 10k outbox/reminder/scheduled posts fixture
run approved demo bounded scan",Batch/lease/query limits đúng source; no provider dispatch; thời gian và remaining work rõ.,"Dùng invariant của nhóm và I1–I10 trong README; đối chiếu trước/sau, không chỉ response.","Độc lập: chạy với namespace sạch; biên/multiple variants trong steps phải có result con riêng, mọi variant pass mới PASS case.","functions/src/index.ts
functions/src/workspace.ts
functions/src/jobs.ts
functions/src/payments/payos.ts
src/shared/live-cache.ts
src/features/ask/transport.ts
src/features/content/studio/source-editor.tsx","tests/browser/release-finance-activity-positive031.spec.ts
tests/rules/ask-payment.test.ts
tests/rules/biz-hardening.test.ts
tests/rules/catalog-checkout.test.ts
tests/rules/catalog-payments.test.ts
tests/rules/server.test.ts
tests/unit/ask-transport.test.ts
tests/unit/payos-signature.test.ts
tests/unit/ui-runtime.test.ts",PROPOSED_TEST_ORACLE_SOURCE_REFERENCED_NOT_EXECUTED,NOT_RUN,,,,NONE,,,,
SG-PERF-014,performance,PERF,Cold function latency,P1,"tester local load, operator approved staging",APPROVED_STAGING,"Data/load synthetic; harness isolated; cold/warm runs; network profiles; thresholds PROPOSED trong README, không chạy load production.","Ở approved staging đo cold/warm auth read và mutation không provider
record region/network",Có distribution p50/p95/p99; emulator timing không thay cold cloud proof.,"Dùng invariant của nhóm và I1–I10 trong README; đối chiếu trước/sau, không chỉ response.","Độc lập: chạy với namespace sạch; biên/multiple variants trong steps phải có result con riêng, mọi variant pass mới PASS case.","functions/src/index.ts
functions/src/workspace.ts
functions/src/jobs.ts
functions/src/payments/payos.ts
src/shared/live-cache.ts
src/features/ask/transport.ts
src/features/content/studio/source-editor.tsx","tests/browser/release-finance-activity-positive031.spec.ts
tests/rules/ask-payment.test.ts
tests/rules/biz-hardening.test.ts
tests/rules/catalog-checkout.test.ts
tests/rules/catalog-payments.test.ts
tests/rules/server.test.ts
tests/unit/ask-transport.test.ts
tests/unit/payos-signature.test.ts
tests/unit/ui-runtime.test.ts",PROPOSED_TEST_ORACLE_SOURCE_REFERENCED_NOT_EXECUTED,NOT_RUN,STAGING_AUTHORIZATION_AND_SAFE_FIXTURES_REQUIRED,,,NONE,,,,
SG-PERF-015,performance,PERF,Slow/offline/timeouts,P1,"tester local load, operator approved staging",LOAD_LOCAL,"Data/load synthetic; harness isolated; cold/warm runs; network profiles; thresholds PROPOSED trong README, không chạy load production.","Throttle RTT và fail requests từng nhóm
thử retry 10 clients đồng thời",Timeout/retry/cancel có giới hạn; no duplicate order/ledger; user không kẹt busy.,"Dùng invariant của nhóm và I1–I10 trong README; đối chiếu trước/sau, không chỉ response.","Độc lập: chạy với namespace sạch; biên/multiple variants trong steps phải có result con riêng, mọi variant pass mới PASS case.","functions/src/index.ts
functions/src/workspace.ts
functions/src/jobs.ts
functions/src/payments/payos.ts
src/shared/live-cache.ts
src/features/ask/transport.ts
src/features/content/studio/source-editor.tsx","tests/browser/release-finance-activity-positive031.spec.ts
tests/rules/ask-payment.test.ts
tests/rules/biz-hardening.test.ts
tests/rules/catalog-checkout.test.ts
tests/rules/catalog-payments.test.ts
tests/rules/server.test.ts
tests/unit/ask-transport.test.ts
tests/unit/payos-signature.test.ts
tests/unit/ui-runtime.test.ts",PROPOSED_TEST_ORACLE_SOURCE_REFERENCED_NOT_EXECUTED,NOT_RUN,,,,NONE,,,,
SG-PERF-016,performance,PERF,Long session heap,P1,"tester local load, operator approved staging",LOAD_LOCAL,"Data/load synthetic; harness isolated; cold/warm runs; network profiles; thresholds PROPOSED trong README, không chạy load production.","Dùng Ask/CRM/Studio60 phút bằng synthetic driver
GC snapshots đầu/cuối",Không retained object/listener growth không giải thích được; report raw measurement đã redact.,"Dùng invariant của nhóm và I1–I10 trong README; đối chiếu trước/sau, không chỉ response.","Độc lập: chạy với namespace sạch; biên/multiple variants trong steps phải có result con riêng, mọi variant pass mới PASS case.","functions/src/index.ts
functions/src/workspace.ts
functions/src/jobs.ts
functions/src/payments/payos.ts
src/shared/live-cache.ts
src/features/ask/transport.ts
src/features/content/studio/source-editor.tsx","tests/browser/release-finance-activity-positive031.spec.ts
tests/rules/ask-payment.test.ts
tests/rules/biz-hardening.test.ts
tests/rules/catalog-checkout.test.ts
tests/rules/catalog-payments.test.ts
tests/rules/server.test.ts
tests/unit/ask-transport.test.ts
tests/unit/payos-signature.test.ts
tests/unit/ui-runtime.test.ts",PROPOSED_TEST_ORACLE_SOURCE_REFERENCED_NOT_EXECUTED,NOT_RUN,,,,NONE,,,,
SG-PERF-017,performance,PERF,Bundle budget,P1,"tester local load, operator approved staging",LOAD_LOCAL,"Data/load synthetic; harness isolated; cold/warm runs; network profiles; thresholds PROPOSED trong README, không chạy load production.","Đọc local build artifact stats đã có hoặc build riêng được phép
compare public vs lazy CRM/Studio","Public chunk không kéo editor/CRM không cần thiết; ghi bytes/hash, không gọi build cũ là candidate mới.","Dùng invariant của nhóm và I1–I10 trong README; đối chiếu trước/sau, không chỉ response.","Độc lập: chạy với namespace sạch; biên/multiple variants trong steps phải có result con riêng, mọi variant pass mới PASS case.","functions/src/index.ts
functions/src/workspace.ts
functions/src/jobs.ts
functions/src/payments/payos.ts
src/shared/live-cache.ts
src/features/ask/transport.ts
src/features/content/studio/source-editor.tsx","tests/browser/release-finance-activity-positive031.spec.ts
tests/rules/ask-payment.test.ts
tests/rules/biz-hardening.test.ts
tests/rules/catalog-checkout.test.ts
tests/rules/catalog-payments.test.ts
tests/rules/server.test.ts
tests/unit/ask-transport.test.ts
tests/unit/payos-signature.test.ts
tests/unit/ui-runtime.test.ts",PROPOSED_TEST_ORACLE_SOURCE_REFERENCED_NOT_EXECUTED,NOT_RUN,,,,NONE,,,,
SG-PERF-018,performance,PERF,HTML/cache efficiency,P1,"tester local load, operator approved staging",LOAD_LOCAL,"Data/load synthetic; harness isolated; cold/warm runs; network profiles; thresholds PROPOSED trong README, không chạy load production.","Đo public endpoints ETag/cache/status theo source bằng local fixture
unpublish và re-read",Cache giảm repeated payload trong boundary; không cache private response/shared authority trái source.,"Dùng invariant của nhóm và I1–I10 trong README; đối chiếu trước/sau, không chỉ response.","Độc lập: chạy với namespace sạch; biên/multiple variants trong steps phải có result con riêng, mọi variant pass mới PASS case.","functions/src/index.ts
functions/src/workspace.ts
functions/src/jobs.ts
functions/src/payments/payos.ts
src/shared/live-cache.ts
src/features/ask/transport.ts
src/features/content/studio/source-editor.tsx","tests/browser/release-finance-activity-positive031.spec.ts
tests/rules/ask-payment.test.ts
tests/rules/biz-hardening.test.ts
tests/rules/catalog-checkout.test.ts
tests/rules/catalog-payments.test.ts
tests/rules/server.test.ts
tests/unit/ask-transport.test.ts
tests/unit/payos-signature.test.ts
tests/unit/ui-runtime.test.ts",PROPOSED_TEST_ORACLE_SOURCE_REFERENCED_NOT_EXECUTED,NOT_RUN,,,,NONE,,,,
SG-PERF-019,performance,PERF,Export bounded resources,P1,"tester local load, operator approved staging",LOAD_LOCAL,"Data/load synthetic; harness isolated; cold/warm runs; network profiles; thresholds PROPOSED trong README, không chạy load production.","Export synthetic max page/data theo source
đo memory/time
thử canceled download","Scope/limit rõ, không unbounded DB read; formula safety giữ nguyên.","Dùng invariant của nhóm và I1–I10 trong README; đối chiếu trước/sau, không chỉ response.","Độc lập: chạy với namespace sạch; biên/multiple variants trong steps phải có result con riêng, mọi variant pass mới PASS case.","functions/src/index.ts
functions/src/workspace.ts
functions/src/jobs.ts
functions/src/payments/payos.ts
src/shared/live-cache.ts
src/features/ask/transport.ts
src/features/content/studio/source-editor.tsx","tests/browser/release-finance-activity-positive031.spec.ts
tests/rules/ask-payment.test.ts
tests/rules/biz-hardening.test.ts
tests/rules/catalog-checkout.test.ts
tests/rules/catalog-payments.test.ts
tests/rules/server.test.ts
tests/unit/ask-transport.test.ts
tests/unit/payos-signature.test.ts
tests/unit/ui-runtime.test.ts",PROPOSED_TEST_ORACLE_SOURCE_REFERENCED_NOT_EXECUTED,NOT_RUN,,,,NONE,,,,
SG-PERF-020,performance,PERF,Failure recovery saturation,P1,"tester local load, operator approved staging",LOAD_LOCAL,"Data/load synthetic; harness isolated; cold/warm runs; network profiles; thresholds PROPOSED trong README, không chạy load production.","Inject dependency errors 30% local load
đo queues/retries sau healthy",Không retry thác lũ hoặc queue không thoát; không giảm security checks để phục hồi nhanh.,"Dùng invariant của nhóm và I1–I10 trong README; đối chiếu trước/sau, không chỉ response.","Độc lập: chạy với namespace sạch; biên/multiple variants trong steps phải có result con riêng, mọi variant pass mới PASS case.","functions/src/index.ts
functions/src/workspace.ts
functions/src/jobs.ts
functions/src/payments/payos.ts
src/shared/live-cache.ts
src/features/ask/transport.ts
src/features/content/studio/source-editor.tsx","tests/browser/release-finance-activity-positive031.spec.ts
tests/rules/ask-payment.test.ts
tests/rules/biz-hardening.test.ts
tests/rules/catalog-checkout.test.ts
tests/rules/catalog-payments.test.ts
tests/rules/server.test.ts
tests/unit/ask-transport.test.ts
tests/unit/payos-signature.test.ts
tests/unit/ui-runtime.test.ts",PROPOSED_TEST_ORACLE_SOURCE_REFERENCED_NOT_EXECUTED,NOT_RUN,,,,NONE,,,,
SG-PERF-021,performance,PERF,Money arithmetic extremes,P1,"tester local load, operator approved staging",LOAD_LOCAL,"Data/load synthetic; harness isolated; cold/warm runs; network profiles; thresholds PROPOSED trong README, không chạy load production.","Run integer FX/freight/balance sát safeMoney max với property fixtures
đo correctness/time",Conserve exact đồng; invalid reject bounded; BigInt không overflow hoặc drift.,"Dùng invariant của nhóm và I1–I10 trong README; đối chiếu trước/sau, không chỉ response.","Độc lập: chạy với namespace sạch; biên/multiple variants trong steps phải có result con riêng, mọi variant pass mới PASS case.","functions/src/index.ts
functions/src/workspace.ts
functions/src/jobs.ts
functions/src/payments/payos.ts
src/shared/live-cache.ts
src/features/ask/transport.ts
src/features/content/studio/source-editor.tsx","tests/browser/release-finance-activity-positive031.spec.ts
tests/rules/ask-payment.test.ts
tests/rules/biz-hardening.test.ts
tests/rules/catalog-checkout.test.ts
tests/rules/catalog-payments.test.ts
tests/rules/server.test.ts
tests/unit/ask-transport.test.ts
tests/unit/payos-signature.test.ts
tests/unit/ui-runtime.test.ts",PROPOSED_TEST_ORACLE_SOURCE_REFERENCED_NOT_EXECUTED,NOT_RUN,,,,NONE,,,,
SG-PERF-022,performance,PERF,Throughput vs business correctness,P1,"tester local load, operator approved staging",LOAD_LOCAL,"Data/load synthetic; harness isolated; cold/warm runs; network profiles; thresholds PROPOSED trong README, không chạy load production.","Ramp local load5→20→50→100 users
reconcile final ledger/quantities/audit",Budget latency không đổi lấy sai tiền/hàng; mọi invariant I1–I10 vẫn giữ; saturation ghi rõ.,"Dùng invariant của nhóm và I1–I10 trong README; đối chiếu trước/sau, không chỉ response.","Độc lập: chạy với namespace sạch; biên/multiple variants trong steps phải có result con riêng, mọi variant pass mới PASS case.","functions/src/index.ts
functions/src/workspace.ts
functions/src/jobs.ts
functions/src/payments/payos.ts
src/shared/live-cache.ts
src/features/ask/transport.ts
src/features/content/studio/source-editor.tsx","tests/browser/release-finance-activity-positive031.spec.ts
tests/rules/ask-payment.test.ts
tests/rules/biz-hardening.test.ts
tests/rules/catalog-checkout.test.ts
tests/rules/catalog-payments.test.ts
tests/rules/server.test.ts
tests/unit/ask-transport.test.ts
tests/unit/payos-signature.test.ts
tests/unit/ui-runtime.test.ts",PROPOSED_TEST_ORACLE_SOURCE_REFERENCED_NOT_EXECUTED,NOT_RUN,,,,NONE,,,,
SG-PERF-023,performance,PERF,Performance provider boundary,P1,"tester local load, operator approved staging",APPROVED_PROVIDER_SANDBOX,"Data/load synthetic; harness isolated; cold/warm runs; network profiles; thresholds PROPOSED trong README, không chạy load production.",Chỉ sau approval đo PayOS/Gemini/SMTP sandbox latency/cost và rate limits riêng,Hiện BLOCKED; fake latency không là provider SLA/cost; không tự mở gate để benchmark.,"Dùng invariant của nhóm và I1–I10 trong README; đối chiếu trước/sau, không chỉ response.","Độc lập: chạy với namespace sạch; biên/multiple variants trong steps phải có result con riêng, mọi variant pass mới PASS case.","functions/src/index.ts
functions/src/workspace.ts
functions/src/jobs.ts
functions/src/payments/payos.ts
src/shared/live-cache.ts
src/features/ask/transport.ts
src/features/content/studio/source-editor.tsx","tests/browser/release-finance-activity-positive031.spec.ts
tests/rules/ask-payment.test.ts
tests/rules/biz-hardening.test.ts
tests/rules/catalog-checkout.test.ts
tests/rules/catalog-payments.test.ts
tests/rules/server.test.ts
tests/unit/ask-transport.test.ts
tests/unit/payos-signature.test.ts
tests/unit/ui-runtime.test.ts",PROPOSED_TEST_ORACLE_SOURCE_REFERENCED_NOT_EXECUTED,NOT_RUN,CURRENT_CODE_OWNED_PROVIDER_HOLD; AUTHORIZATION_AND_CANDIDATE_REQUIRED,,,NONE,,,,
SG-HELP-001,independent,HELP,CSV parsing roundtrip,P0,"unit harness, customer UI",EMULATOR,Pure function fixtures synthetic; schemas/limits lấy từ current source; không database/provider network.,"Parse/export comma,quotes,newline,Unicode và formula prefixes
thử thiếu/sai header",Bảo toàn cell; errors theo schema; không đổi quantity/money hoặc chạy formula.,"Dùng invariant của nhóm và I1–I10 trong README; đối chiếu trước/sau, không chỉ response.","Độc lập: chạy với namespace sạch; biên/multiple variants trong steps phải có result con riêng, mọi variant pass mới PASS case.","packages/domain/csv.ts
packages/domain/chat-action.ts
packages/domain/product-selection.ts
packages/domain/ask-stream.ts
packages/domain/ask-images.ts
packages/domain/ask-read-task-plan.ts
packages/domain/ask-hybrid-policy.ts
packages/domain/notification-content.ts
packages/domain/customer-order-filter.ts
packages/domain/rich-content-html.ts
packages/domain/ask-language-query.ts
packages/domain/ask-response-composer.ts
src/features/ask/transport.ts
src/shared/service-error.ts","tests/browser/request083.spec.ts
tests/unit/ask-business-contract026.test.ts
tests/unit/ask-content.test.ts
tests/unit/ask-english-tracking061.test.ts
tests/unit/ask-hybrid-policy038.test.ts
tests/unit/ask-language-query040.test.ts
tests/unit/ask-read-task-plan038.test.ts
tests/unit/ask-response-composer038.test.ts
tests/unit/ask-task-frame.test.ts
tests/unit/ask-transport.test.ts
tests/unit/csv.test.ts
tests/unit/customer-order-filter073.test.ts
tests/unit/product-selection.test.ts
tests/unit/rich-content-html027.test.ts
tests/unit/service-error.test.ts",PROPOSED_TEST_ORACLE_SOURCE_REFERENCED_NOT_EXECUTED,NOT_RUN,,,,NONE,,,,
SG-HELP-002,independent,HELP,Product selection ambiguity,P0,"unit harness, customer UI",EMULATOR,Pure function fixtures synthetic; schemas/limits lấy từ current source; không database/provider network.,"Chọn hai products gần tên và variants khác
query không có đủ thông tin",Không chọn ngầm sản phẩm/size sai; cần user clarify đúng domain contract.,"Dùng invariant của nhóm và I1–I10 trong README; đối chiếu trước/sau, không chỉ response.","Độc lập: chạy với namespace sạch; biên/multiple variants trong steps phải có result con riêng, mọi variant pass mới PASS case.","packages/domain/csv.ts
packages/domain/chat-action.ts
packages/domain/product-selection.ts
packages/domain/ask-stream.ts
packages/domain/ask-images.ts
packages/domain/ask-read-task-plan.ts
packages/domain/ask-hybrid-policy.ts
packages/domain/notification-content.ts
packages/domain/customer-order-filter.ts
packages/domain/rich-content-html.ts
packages/domain/ask-language-query.ts
packages/domain/ask-response-composer.ts
src/features/ask/transport.ts
src/shared/service-error.ts","tests/browser/request083.spec.ts
tests/unit/ask-business-contract026.test.ts
tests/unit/ask-content.test.ts
tests/unit/ask-english-tracking061.test.ts
tests/unit/ask-hybrid-policy038.test.ts
tests/unit/ask-language-query040.test.ts
tests/unit/ask-read-task-plan038.test.ts
tests/unit/ask-response-composer038.test.ts
tests/unit/ask-task-frame.test.ts
tests/unit/ask-transport.test.ts
tests/unit/csv.test.ts
tests/unit/customer-order-filter073.test.ts
tests/unit/product-selection.test.ts
tests/unit/rich-content-html027.test.ts
tests/unit/service-error.test.ts",PROPOSED_TEST_ORACLE_SOURCE_REFERENCED_NOT_EXECUTED,NOT_RUN,,,,NONE,,,,
SG-HELP-003,independent,HELP,Chat action parser,P0,"unit harness, customer UI",EMULATOR,Pure function fixtures synthetic; schemas/limits lấy từ current source; không database/provider network.,"Parse action hợp lệ
extra fields,malformed JSON,wrong action và links unsafe",Chỉ action có schema; không thực thi text tự do thành mutation.,"Dùng invariant của nhóm và I1–I10 trong README; đối chiếu trước/sau, không chỉ response.","Độc lập: chạy với namespace sạch; biên/multiple variants trong steps phải có result con riêng, mọi variant pass mới PASS case.","packages/domain/csv.ts
packages/domain/chat-action.ts
packages/domain/product-selection.ts
packages/domain/ask-stream.ts
packages/domain/ask-images.ts
packages/domain/ask-read-task-plan.ts
packages/domain/ask-hybrid-policy.ts
packages/domain/notification-content.ts
packages/domain/customer-order-filter.ts
packages/domain/rich-content-html.ts
packages/domain/ask-language-query.ts
packages/domain/ask-response-composer.ts
src/features/ask/transport.ts
src/shared/service-error.ts","tests/browser/request083.spec.ts
tests/unit/ask-business-contract026.test.ts
tests/unit/ask-content.test.ts
tests/unit/ask-english-tracking061.test.ts
tests/unit/ask-hybrid-policy038.test.ts
tests/unit/ask-language-query040.test.ts
tests/unit/ask-read-task-plan038.test.ts
tests/unit/ask-response-composer038.test.ts
tests/unit/ask-task-frame.test.ts
tests/unit/ask-transport.test.ts
tests/unit/csv.test.ts
tests/unit/customer-order-filter073.test.ts
tests/unit/product-selection.test.ts
tests/unit/rich-content-html027.test.ts
tests/unit/service-error.test.ts",PROPOSED_TEST_ORACLE_SOURCE_REFERENCED_NOT_EXECUTED,NOT_RUN,,,,NONE,,,,
SG-HELP-004,independent,HELP,Stream parser split chunks,P0,"unit harness, customer UI",EMULATOR,Pure function fixtures synthetic; schemas/limits lấy từ current source; không database/provider network.,"Chia mỗi byte boundary qua UTF-8/JSON stream
malformed/truncated frame
done/error",Không mất ký tự Việt hoặc nhân đôi event; error/cancel không trả success giả.,"Dùng invariant của nhóm và I1–I10 trong README; đối chiếu trước/sau, không chỉ response.","Độc lập: chạy với namespace sạch; biên/multiple variants trong steps phải có result con riêng, mọi variant pass mới PASS case.","packages/domain/csv.ts
packages/domain/chat-action.ts
packages/domain/product-selection.ts
packages/domain/ask-stream.ts
packages/domain/ask-images.ts
packages/domain/ask-read-task-plan.ts
packages/domain/ask-hybrid-policy.ts
packages/domain/notification-content.ts
packages/domain/customer-order-filter.ts
packages/domain/rich-content-html.ts
packages/domain/ask-language-query.ts
packages/domain/ask-response-composer.ts
src/features/ask/transport.ts
src/shared/service-error.ts","tests/browser/request083.spec.ts
tests/unit/ask-business-contract026.test.ts
tests/unit/ask-content.test.ts
tests/unit/ask-english-tracking061.test.ts
tests/unit/ask-hybrid-policy038.test.ts
tests/unit/ask-language-query040.test.ts
tests/unit/ask-read-task-plan038.test.ts
tests/unit/ask-response-composer038.test.ts
tests/unit/ask-task-frame.test.ts
tests/unit/ask-transport.test.ts
tests/unit/csv.test.ts
tests/unit/customer-order-filter073.test.ts
tests/unit/product-selection.test.ts
tests/unit/rich-content-html027.test.ts
tests/unit/service-error.test.ts",PROPOSED_TEST_ORACLE_SOURCE_REFERENCED_NOT_EXECUTED,NOT_RUN,,,,NONE,,,,
SG-HELP-005,independent,HELP,Image intake schema,P0,"unit harness, customer UI",EMULATOR,Pure function fixtures synthetic; schemas/limits lấy từ current source; không database/provider network.,Parse byte/type/name/size boundary và corrupt content metadata,Bounds/media meaning đúng; không coi metadata ảnh là xác nhận hàng từ nhà bán.,"Dùng invariant của nhóm và I1–I10 trong README; đối chiếu trước/sau, không chỉ response.","Độc lập: chạy với namespace sạch; biên/multiple variants trong steps phải có result con riêng, mọi variant pass mới PASS case.","packages/domain/csv.ts
packages/domain/chat-action.ts
packages/domain/product-selection.ts
packages/domain/ask-stream.ts
packages/domain/ask-images.ts
packages/domain/ask-read-task-plan.ts
packages/domain/ask-hybrid-policy.ts
packages/domain/notification-content.ts
packages/domain/customer-order-filter.ts
packages/domain/rich-content-html.ts
packages/domain/ask-language-query.ts
packages/domain/ask-response-composer.ts
src/features/ask/transport.ts
src/shared/service-error.ts","tests/browser/request083.spec.ts
tests/unit/ask-business-contract026.test.ts
tests/unit/ask-content.test.ts
tests/unit/ask-english-tracking061.test.ts
tests/unit/ask-hybrid-policy038.test.ts
tests/unit/ask-language-query040.test.ts
tests/unit/ask-read-task-plan038.test.ts
tests/unit/ask-response-composer038.test.ts
tests/unit/ask-task-frame.test.ts
tests/unit/ask-transport.test.ts
tests/unit/csv.test.ts
tests/unit/customer-order-filter073.test.ts
tests/unit/product-selection.test.ts
tests/unit/rich-content-html027.test.ts
tests/unit/service-error.test.ts",PROPOSED_TEST_ORACLE_SOURCE_REFERENCED_NOT_EXECUTED,NOT_RUN,,,,NONE,,,,
SG-HELP-006,independent,HELP,Read task plan,P0,"unit harness, customer UI",EMULATOR,Pure function fixtures synthetic; schemas/limits lấy từ current source; không database/provider network.,"Compose tracking,invoice,catalog,rates task thiếu order/context hoặc ambiguous",Read plan không phát sinh consent/payment/mutation; unavailable được giữ.,"Dùng invariant của nhóm và I1–I10 trong README; đối chiếu trước/sau, không chỉ response.","Độc lập: chạy với namespace sạch; biên/multiple variants trong steps phải có result con riêng, mọi variant pass mới PASS case.","packages/domain/csv.ts
packages/domain/chat-action.ts
packages/domain/product-selection.ts
packages/domain/ask-stream.ts
packages/domain/ask-images.ts
packages/domain/ask-read-task-plan.ts
packages/domain/ask-hybrid-policy.ts
packages/domain/notification-content.ts
packages/domain/customer-order-filter.ts
packages/domain/rich-content-html.ts
packages/domain/ask-language-query.ts
packages/domain/ask-response-composer.ts
src/features/ask/transport.ts
src/shared/service-error.ts","tests/browser/request083.spec.ts
tests/unit/ask-business-contract026.test.ts
tests/unit/ask-content.test.ts
tests/unit/ask-english-tracking061.test.ts
tests/unit/ask-hybrid-policy038.test.ts
tests/unit/ask-language-query040.test.ts
tests/unit/ask-read-task-plan038.test.ts
tests/unit/ask-response-composer038.test.ts
tests/unit/ask-task-frame.test.ts
tests/unit/ask-transport.test.ts
tests/unit/csv.test.ts
tests/unit/customer-order-filter073.test.ts
tests/unit/product-selection.test.ts
tests/unit/rich-content-html027.test.ts
tests/unit/service-error.test.ts",PROPOSED_TEST_ORACLE_SOURCE_REFERENCED_NOT_EXECUTED,NOT_RUN,,,,NONE,,,,
SG-HELP-007,independent,HELP,Hybrid policy,P0,"unit harness, customer UI",EMULATOR,Pure function fixtures synthetic; schemas/limits lấy từ current source; không database/provider network.,"Input deterministic known task và unknown prompt
paid capability disabled",Fallback đúng policy; không gọi paid inference chỉ do deterministic miss.,"Dùng invariant của nhóm và I1–I10 trong README; đối chiếu trước/sau, không chỉ response.","Độc lập: chạy với namespace sạch; biên/multiple variants trong steps phải có result con riêng, mọi variant pass mới PASS case.","packages/domain/csv.ts
packages/domain/chat-action.ts
packages/domain/product-selection.ts
packages/domain/ask-stream.ts
packages/domain/ask-images.ts
packages/domain/ask-read-task-plan.ts
packages/domain/ask-hybrid-policy.ts
packages/domain/notification-content.ts
packages/domain/customer-order-filter.ts
packages/domain/rich-content-html.ts
packages/domain/ask-language-query.ts
packages/domain/ask-response-composer.ts
src/features/ask/transport.ts
src/shared/service-error.ts","tests/browser/request083.spec.ts
tests/unit/ask-business-contract026.test.ts
tests/unit/ask-content.test.ts
tests/unit/ask-english-tracking061.test.ts
tests/unit/ask-hybrid-policy038.test.ts
tests/unit/ask-language-query040.test.ts
tests/unit/ask-read-task-plan038.test.ts
tests/unit/ask-response-composer038.test.ts
tests/unit/ask-task-frame.test.ts
tests/unit/ask-transport.test.ts
tests/unit/csv.test.ts
tests/unit/customer-order-filter073.test.ts
tests/unit/product-selection.test.ts
tests/unit/rich-content-html027.test.ts
tests/unit/service-error.test.ts",PROPOSED_TEST_ORACLE_SOURCE_REFERENCED_NOT_EXECUTED,NOT_RUN,,,,NONE,,,,
SG-HELP-008,independent,HELP,Customer order filter,P0,"unit harness, customer UI",EMULATOR,Pure function fixtures synthetic; schemas/limits lấy từ current source; không database/provider network.,Filter current/past/status và selected ID với legacy/cancelled/completed rows,Không ẩn selected order trái source; counts phản ánh scope; không leak owner khác.,"Dùng invariant của nhóm và I1–I10 trong README; đối chiếu trước/sau, không chỉ response.","Độc lập: chạy với namespace sạch; biên/multiple variants trong steps phải có result con riêng, mọi variant pass mới PASS case.","packages/domain/csv.ts
packages/domain/chat-action.ts
packages/domain/product-selection.ts
packages/domain/ask-stream.ts
packages/domain/ask-images.ts
packages/domain/ask-read-task-plan.ts
packages/domain/ask-hybrid-policy.ts
packages/domain/notification-content.ts
packages/domain/customer-order-filter.ts
packages/domain/rich-content-html.ts
packages/domain/ask-language-query.ts
packages/domain/ask-response-composer.ts
src/features/ask/transport.ts
src/shared/service-error.ts","tests/browser/request083.spec.ts
tests/unit/ask-business-contract026.test.ts
tests/unit/ask-content.test.ts
tests/unit/ask-english-tracking061.test.ts
tests/unit/ask-hybrid-policy038.test.ts
tests/unit/ask-language-query040.test.ts
tests/unit/ask-read-task-plan038.test.ts
tests/unit/ask-response-composer038.test.ts
tests/unit/ask-task-frame.test.ts
tests/unit/ask-transport.test.ts
tests/unit/csv.test.ts
tests/unit/customer-order-filter073.test.ts
tests/unit/product-selection.test.ts
tests/unit/rich-content-html027.test.ts
tests/unit/service-error.test.ts",PROPOSED_TEST_ORACLE_SOURCE_REFERENCED_NOT_EXECUTED,NOT_RUN,,,,NONE,,,,
SG-HELP-009,independent,HELP,Rich content HTML,P0,"unit harness, customer UI",EMULATOR,Pure function fixtures synthetic; schemas/limits lấy từ current source; không database/provider network.,"Roundtrip headings/tables/code/mermaid
script/link hostile
empty content",Safe sanitized HTML; code hiển thị dạng code; output không executable.,"Dùng invariant của nhóm và I1–I10 trong README; đối chiếu trước/sau, không chỉ response.","Độc lập: chạy với namespace sạch; biên/multiple variants trong steps phải có result con riêng, mọi variant pass mới PASS case.","packages/domain/csv.ts
packages/domain/chat-action.ts
packages/domain/product-selection.ts
packages/domain/ask-stream.ts
packages/domain/ask-images.ts
packages/domain/ask-read-task-plan.ts
packages/domain/ask-hybrid-policy.ts
packages/domain/notification-content.ts
packages/domain/customer-order-filter.ts
packages/domain/rich-content-html.ts
packages/domain/ask-language-query.ts
packages/domain/ask-response-composer.ts
src/features/ask/transport.ts
src/shared/service-error.ts","tests/browser/request083.spec.ts
tests/unit/ask-business-contract026.test.ts
tests/unit/ask-content.test.ts
tests/unit/ask-english-tracking061.test.ts
tests/unit/ask-hybrid-policy038.test.ts
tests/unit/ask-language-query040.test.ts
tests/unit/ask-read-task-plan038.test.ts
tests/unit/ask-response-composer038.test.ts
tests/unit/ask-task-frame.test.ts
tests/unit/ask-transport.test.ts
tests/unit/csv.test.ts
tests/unit/customer-order-filter073.test.ts
tests/unit/product-selection.test.ts
tests/unit/rich-content-html027.test.ts
tests/unit/service-error.test.ts",PROPOSED_TEST_ORACLE_SOURCE_REFERENCED_NOT_EXECUTED,NOT_RUN,,,,NONE,,,,
SG-HELP-010,independent,HELP,Notification/service errors,P0,"unit harness, customer UI",EMULATOR,Pure function fixtures synthetic; schemas/limits lấy từ current source; không database/provider network.,"Compose target/status/error cho missing entity,unavailable,conflict,permission-denied",Không raw exception/secret; next action đúng quyền và business meaning.,"Dùng invariant của nhóm và I1–I10 trong README; đối chiếu trước/sau, không chỉ response.","Độc lập: chạy với namespace sạch; biên/multiple variants trong steps phải có result con riêng, mọi variant pass mới PASS case.","packages/domain/csv.ts
packages/domain/chat-action.ts
packages/domain/product-selection.ts
packages/domain/ask-stream.ts
packages/domain/ask-images.ts
packages/domain/ask-read-task-plan.ts
packages/domain/ask-hybrid-policy.ts
packages/domain/notification-content.ts
packages/domain/customer-order-filter.ts
packages/domain/rich-content-html.ts
packages/domain/ask-language-query.ts
packages/domain/ask-response-composer.ts
src/features/ask/transport.ts
src/shared/service-error.ts","tests/browser/request083.spec.ts
tests/unit/ask-business-contract026.test.ts
tests/unit/ask-content.test.ts
tests/unit/ask-english-tracking061.test.ts
tests/unit/ask-hybrid-policy038.test.ts
tests/unit/ask-language-query040.test.ts
tests/unit/ask-read-task-plan038.test.ts
tests/unit/ask-response-composer038.test.ts
tests/unit/ask-task-frame.test.ts
tests/unit/ask-transport.test.ts
tests/unit/csv.test.ts
tests/unit/customer-order-filter073.test.ts
tests/unit/product-selection.test.ts
tests/unit/rich-content-html027.test.ts
tests/unit/service-error.test.ts",PROPOSED_TEST_ORACLE_SOURCE_REFERENCED_NOT_EXECUTED,NOT_RUN,,,,NONE,,,,
SG-API-001,endpoint-contract,ASKFLOW,askWorkflow — onCall contract,P0,customer A/B,HARNESS_LOCAL,"Ask conversation versioned; custom/catalog draft; recipient; accepted quote.; payload/schema cụ thể từ source handler. Đây là contract envelope, không thay ca business của nhóm.","Đọc schema và guards của askWorkflow tại functions/src/ai/ask-workflow.ts:46; tạo fixture tối thiểu theo nhóm ASKFLOW.
Invoke askWorkflow với identity/quyền hợp lệ và payload source-valid; snapshot response/DB state đã redact.
Invoke bằng input ngoài schema và identity/quyền không hợp lệ nếu handler yêu cầu; đối chiếu trước/sau.",Hợp lệ trả đúng projection/state theo source; invalid/unauthorized không mutate hoặc leak private data. Public callable giữ public-read semantics; action có financial/version/idempotency guards phải kiểm tra cùng ca module tương ứng.,"I1–I10 nếu áp dụng; API/read vs write/public vs private dựa source, không suy ra từ tên.","Độc lập: chạy với namespace sạch; biên/multiple variants trong steps phải có result con riêng, mọi variant pass mới PASS case.",functions/src/ai/ask-workflow.ts,"tests/browser/release-ask-changes026.spec.ts
tests/browser/release-ask-hydration026.spec.ts
tests/browser/release-ask-integration049.spec.ts
tests/browser/release-ask-product-content057.spec.ts
tests/browser/release-ask-timeline063.spec.ts
tests/browser/release-ask-tracking-rates027.spec.ts
tests/browser/release-catalog-continuation-states027.spec.ts
tests/browser/release-catalog-fallback027.spec.ts
tests/browser/release-catalog-search027.spec.ts
tests/browser/release-commerce-context058.spec.ts
tests/browser/release-sanity.spec.ts
tests/rules/ask-hardening.test.ts
tests/rules/ask-workflow.test.ts
tests/unit/ask-business-contract026.test.ts
tests/unit/ask-workflow.test.ts",PROPOSED_TEST_ORACLE_SOURCE_REFERENCED_NOT_EXECUTED,NOT_RUN,,,,NONE,,,,
SG-API-002,endpoint-contract,ASKFLOW,currentAskConversation — onCall contract,P0,customer A/B,HARNESS_LOCAL,"Ask conversation versioned; custom/catalog draft; recipient; accepted quote.; payload/schema cụ thể từ source handler. Đây là contract envelope, không thay ca business của nhóm.","Đọc schema và guards của currentAskConversation tại functions/src/ai/ask-workflow.ts:370; tạo fixture tối thiểu theo nhóm ASKFLOW.
Invoke currentAskConversation với identity/quyền hợp lệ và payload source-valid; snapshot response/DB state đã redact.
Invoke bằng input ngoài schema và identity/quyền không hợp lệ nếu handler yêu cầu; đối chiếu trước/sau.",Hợp lệ trả đúng projection/state theo source; invalid/unauthorized không mutate hoặc leak private data. Public callable giữ public-read semantics; action có financial/version/idempotency guards phải kiểm tra cùng ca module tương ứng.,"I1–I10 nếu áp dụng; API/read vs write/public vs private dựa source, không suy ra từ tên.","Độc lập: chạy với namespace sạch; biên/multiple variants trong steps phải có result con riêng, mọi variant pass mới PASS case.",functions/src/ai/ask-workflow.ts,"tests/browser/release-ask-changes-states026.spec.ts
tests/browser/release-ask-changes026.spec.ts
tests/browser/release-ask-hydration026.spec.ts
tests/browser/release-ask-integration049.spec.ts
tests/browser/release-ask-product-content057.spec.ts
tests/browser/release-ask-support-entry.spec.ts
tests/browser/release-ask-taskflow.spec.ts
tests/browser/release-ask-timeline063.spec.ts
tests/browser/release-catalog-fallback027.spec.ts
tests/browser/release-commerce-context058.spec.ts
tests/browser/release-crm-keyboard-zoom031.spec.ts
tests/rules/ask-hardening.test.ts
tests/rules/ask-workflow.test.ts
tests/unit/ask-business-contract026.test.ts
tests/unit/ask-workflow.test.ts",PROPOSED_TEST_ORACLE_SOURCE_REFERENCED_NOT_EXECUTED,NOT_RUN,,,,NONE,,,,
SG-API-003,endpoint-contract,ASK,ask — onCall contract,P0,"guest/customer theo từng read path, fake AI adapter",HARNESS_LOCAL,"Published/draft knowledge; vi/en prompts; fake generation; AI paid gate đóng.; payload/schema cụ thể từ source handler. Đây là contract envelope, không thay ca business của nhóm.","Mở source functions/src/ai/ask.ts:52 và gate capability của ask; chuẩn bị fixture đúng schema.
Invoke ask trong local harness với gate đóng; ghi số lần network attempts.
Thử settings/client flag bật capability; so sánh trước/sau.","Gate code-owned chặn provider/spend; maintenance chỉ được chạy non-provider ở exact canonical demo. Không báo gửi/thanh toán/AI thành công từ fixture. Live provider branch BLOCKED, cần approval/candidate riêng.","I1–I10 nếu áp dụng; API/read vs write/public vs private dựa source, không suy ra từ tên.","Độc lập: chạy với namespace sạch; biên/multiple variants trong steps phải có result con riêng, mọi variant pass mới PASS case.",functions/src/ai/ask.ts,"tests/browser/ask-integration-owned049.ts
tests/browser/release-account-tracking073.spec.ts
tests/browser/release-ask-cache027.spec.ts
tests/browser/release-ask-changes-states026.spec.ts
tests/browser/release-ask-changes026.spec.ts
tests/browser/release-ask-hydration026.spec.ts
tests/browser/release-ask-integration049.spec.ts
tests/browser/release-ask-product-content057.spec.ts
tests/browser/release-ask-quota-copy055.spec.ts
tests/browser/release-ask-source-labels062.spec.ts
tests/browser/release-ask-support-entry.spec.ts
tests/browser/release-ask-taskflow.spec.ts
tests/browser/release-ask-timeline063.spec.ts
tests/browser/release-ask-tracking-rates027.spec.ts
tests/browser/release-auth-hardening.spec.ts
tests/browser/release-catalog-continuation-states027.spec.ts
tests/browser/release-catalog-fallback027.spec.ts
tests/browser/release-catalog-search027.spec.ts
tests/browser/release-commerce-context058.spec.ts
tests/browser/release-crm-taskflow.spec.ts
tests/browser/release-studio-reference-parity027.spec.ts
tests/rules/ask-hardening.test.ts
tests/rules/ask-payment.test.ts
tests/rules/ask-workflow.test.ts
tests/rules/server.test.ts
tests/unit/ask-business-contract026.test.ts
tests/unit/ask-commerce-context-fence046.test.ts
tests/unit/ask-content.test.ts
tests/unit/ask-english-tracking061.test.ts
tests/unit/ask-hybrid-policy038.test.ts
tests/unit/ask-knowledge.test.ts
tests/unit/ask-language-integration044.test.ts
tests/unit/ask-language-query040.test.ts
tests/unit/ask-links.test.ts
tests/unit/ask-read-task-plan038.test.ts
tests/unit/ask-response-composer038.test.ts
tests/unit/ask-task-frame.test.ts
tests/unit/ask-transport.test.ts
tests/unit/ask-workflow.test.ts
tests/unit/catalog-search-cache027.test.ts
tests/unit/shipping-question027.test.ts",PROPOSED_TEST_ORACLE_SOURCE_REFERENCED_NOT_EXECUTED,NOT_RUN,,,,NONE,,,,
SG-API-004,endpoint-contract,COMMENT,blogCommentSubmit — onCall contract,P0,"customer A/B, editorial moderator, guest public read",HARNESS_LOCAL,"Published/unpublished parent posts; top-level/replies/deleted comments; report fixtures.; payload/schema cụ thể từ source handler. Đây là contract envelope, không thay ca business của nhóm.","Đọc schema và guards của blogCommentSubmit tại functions/src/blog-comments.ts:115; tạo fixture tối thiểu theo nhóm COMMENT.
Invoke blogCommentSubmit với identity/quyền hợp lệ và payload source-valid; snapshot response/DB state đã redact.
Invoke bằng input ngoài schema và identity/quyền không hợp lệ nếu handler yêu cầu; đối chiếu trước/sau.",Hợp lệ trả đúng projection/state theo source; invalid/unauthorized không mutate hoặc leak private data. Public callable giữ public-read semantics; action có financial/version/idempotency guards phải kiểm tra cùng ca module tương ứng.,"I1–I10 nếu áp dụng; API/read vs write/public vs private dựa source, không suy ra từ tên.","Độc lập: chạy với namespace sạch; biên/multiple variants trong steps phải có result con riêng, mọi variant pass mới PASS case.",functions/src/blog-comments.ts,"tests/browser/release-blog-comments027.spec.ts
tests/rules/blog-comment-commands027.test.ts
tests/rules/blog-comments027.test.ts
tests/unit/blog-comments-ui027.test.ts
tests/unit/blog-comments027.test.ts",PROPOSED_TEST_ORACLE_SOURCE_REFERENCED_NOT_EXECUTED,NOT_RUN,,,,NONE,,,,
SG-API-005,endpoint-contract,COMMENT,blogCommentList — onCall contract,P0,"customer A/B, editorial moderator, guest public read",HARNESS_LOCAL,"Published/unpublished parent posts; top-level/replies/deleted comments; report fixtures.; payload/schema cụ thể từ source handler. Đây là contract envelope, không thay ca business của nhóm.","Đọc schema và guards của blogCommentList tại functions/src/blog-comments.ts:249; tạo fixture tối thiểu theo nhóm COMMENT.
Invoke blogCommentList với identity/quyền hợp lệ và payload source-valid; snapshot response/DB state đã redact.
Invoke bằng input ngoài schema và identity/quyền không hợp lệ nếu handler yêu cầu; đối chiếu trước/sau.",Hợp lệ trả đúng projection/state theo source; invalid/unauthorized không mutate hoặc leak private data. Public callable giữ public-read semantics; action có financial/version/idempotency guards phải kiểm tra cùng ca module tương ứng.,"I1–I10 nếu áp dụng; API/read vs write/public vs private dựa source, không suy ra từ tên.","Độc lập: chạy với namespace sạch; biên/multiple variants trong steps phải có result con riêng, mọi variant pass mới PASS case.",functions/src/blog-comments.ts,"tests/browser/release-blog-comments027.spec.ts
tests/browser/release-crm-keyboard-zoom031.spec.ts
tests/rules/blog-comment-commands027.test.ts
tests/rules/blog-comments027.test.ts
tests/unit/blog-comments-ui027.test.ts
tests/unit/blog-comments027.test.ts",PROPOSED_TEST_ORACLE_SOURCE_REFERENCED_NOT_EXECUTED,NOT_RUN,,,,NONE,,,,
SG-API-006,endpoint-contract,COMMENT,blogCommentCommand — onCall contract,P0,"customer A/B, editorial moderator, guest public read",HARNESS_LOCAL,"Published/unpublished parent posts; top-level/replies/deleted comments; report fixtures.; payload/schema cụ thể từ source handler. Đây là contract envelope, không thay ca business của nhóm.","Đọc schema và guards của blogCommentCommand tại functions/src/blog-comments.ts:375; tạo fixture tối thiểu theo nhóm COMMENT.
Invoke blogCommentCommand với identity/quyền hợp lệ và payload source-valid; snapshot response/DB state đã redact.
Invoke bằng input ngoài schema và identity/quyền không hợp lệ nếu handler yêu cầu; đối chiếu trước/sau.",Hợp lệ trả đúng projection/state theo source; invalid/unauthorized không mutate hoặc leak private data. Public callable giữ public-read semantics; action có financial/version/idempotency guards phải kiểm tra cùng ca module tương ứng.,"I1–I10 nếu áp dụng; API/read vs write/public vs private dựa source, không suy ra từ tên.","Độc lập: chạy với namespace sạch; biên/multiple variants trong steps phải có result con riêng, mọi variant pass mới PASS case.",functions/src/blog-comments.ts,"tests/browser/release-blog-comments027.spec.ts
tests/rules/blog-comment-commands027.test.ts
tests/rules/blog-comments027.test.ts
tests/unit/blog-comments-ui027.test.ts
tests/unit/blog-comments027.test.ts",PROPOSED_TEST_ORACLE_SOURCE_REFERENCED_NOT_EXECUTED,NOT_RUN,,,,NONE,,,,
SG-API-007,endpoint-contract,COMMENT,blogCommentReport — onCall contract,P0,"customer A/B, editorial moderator, guest public read",HARNESS_LOCAL,"Published/unpublished parent posts; top-level/replies/deleted comments; report fixtures.; payload/schema cụ thể từ source handler. Đây là contract envelope, không thay ca business của nhóm.","Đọc schema và guards của blogCommentReport tại functions/src/blog-comments.ts:443; tạo fixture tối thiểu theo nhóm COMMENT.
Invoke blogCommentReport với identity/quyền hợp lệ và payload source-valid; snapshot response/DB state đã redact.
Invoke bằng input ngoài schema và identity/quyền không hợp lệ nếu handler yêu cầu; đối chiếu trước/sau.",Hợp lệ trả đúng projection/state theo source; invalid/unauthorized không mutate hoặc leak private data. Public callable giữ public-read semantics; action có financial/version/idempotency guards phải kiểm tra cùng ca module tương ứng.,"I1–I10 nếu áp dụng; API/read vs write/public vs private dựa source, không suy ra từ tên.","Độc lập: chạy với namespace sạch; biên/multiple variants trong steps phải có result con riêng, mọi variant pass mới PASS case.",functions/src/blog-comments.ts,"tests/browser/release-blog-comments027.spec.ts
tests/rules/blog-comment-commands027.test.ts
tests/rules/blog-comments027.test.ts
tests/unit/blog-comments-ui027.test.ts
tests/unit/blog-comments027.test.ts",PROPOSED_TEST_ORACLE_SOURCE_REFERENCED_NOT_EXECUTED,NOT_RUN,,,,NONE,,,,
SG-API-008,endpoint-contract,STUDIOADV,studioAdvancedRead — onCall contract,P0,Editorial manager/publisher/writer theo source,HARNESS_LOCAL,"Members active/revoked; taxonomy accents/case duplicates; reports open/resolved; paginated posts.; payload/schema cụ thể từ source handler. Đây là contract envelope, không thay ca business của nhóm.","Đọc schema và guards của studioAdvancedRead tại functions/src/blog-studio-advanced.ts:386; tạo fixture tối thiểu theo nhóm STUDIOADV.
Invoke studioAdvancedRead với identity/quyền hợp lệ và payload source-valid; snapshot response/DB state đã redact.
Invoke bằng input ngoài schema và identity/quyền không hợp lệ nếu handler yêu cầu; đối chiếu trước/sau.",Hợp lệ trả đúng projection/state theo source; invalid/unauthorized không mutate hoặc leak private data. Public callable giữ public-read semantics; action có financial/version/idempotency guards phải kiểm tra cùng ca module tương ứng.,"I1–I10 nếu áp dụng; API/read vs write/public vs private dựa source, không suy ra từ tên.","Độc lập: chạy với namespace sạch; biên/multiple variants trong steps phải có result con riêng, mọi variant pass mới PASS case.",functions/src/blog-studio-advanced.ts,"tests/browser/release-crm-keyboard-zoom031.spec.ts
tests/browser/release-studio-complete027.spec.ts
tests/browser/release-studio-moderation027.spec.ts
tests/browser/release-studio-reference-parity027.spec.ts
tests/rules/blog-studio-advanced027.test.ts
tests/unit/blog-studio-advanced027.test.ts
tests/unit/studio-source-services027.test.ts",PROPOSED_TEST_ORACLE_SOURCE_REFERENCED_NOT_EXECUTED,NOT_RUN,,,,NONE,,,,
SG-API-009,endpoint-contract,STUDIOADV,studioAdvancedCommand — onCall contract,P0,Editorial manager/publisher/writer theo source,HARNESS_LOCAL,"Members active/revoked; taxonomy accents/case duplicates; reports open/resolved; paginated posts.; payload/schema cụ thể từ source handler. Đây là contract envelope, không thay ca business của nhóm.","Đọc schema và guards của studioAdvancedCommand tại functions/src/blog-studio-advanced.ts:739; tạo fixture tối thiểu theo nhóm STUDIOADV.
Invoke studioAdvancedCommand với identity/quyền hợp lệ và payload source-valid; snapshot response/DB state đã redact.
Invoke bằng input ngoài schema và identity/quyền không hợp lệ nếu handler yêu cầu; đối chiếu trước/sau.",Hợp lệ trả đúng projection/state theo source; invalid/unauthorized không mutate hoặc leak private data. Public callable giữ public-read semantics; action có financial/version/idempotency guards phải kiểm tra cùng ca module tương ứng.,"I1–I10 nếu áp dụng; API/read vs write/public vs private dựa source, không suy ra từ tên.","Độc lập: chạy với namespace sạch; biên/multiple variants trong steps phải có result con riêng, mọi variant pass mới PASS case.",functions/src/blog-studio-advanced.ts,"tests/browser/release-crm-keyboard-zoom031.spec.ts
tests/browser/release-studio-complete027.spec.ts
tests/browser/release-studio-mechanics027.spec.ts
tests/browser/release-studio-moderation027.spec.ts
tests/browser/release-studio-reference-parity027.spec.ts
tests/rules/blog-studio-advanced027.test.ts
tests/unit/blog-studio-advanced027.test.ts
tests/unit/studio-source-services027.test.ts",PROPOSED_TEST_ORACLE_SOURCE_REFERENCED_NOT_EXECUTED,NOT_RUN,,,,NONE,,,,
SG-API-010,endpoint-contract,STUDIO,studioCommand — onCall contract,P0,"OWNER, CONTENT_EDITOR và editorial roles theo studioAuthority",HARNESS_LOCAL,"Draft/review/published/archived; 2 writers; media/code/table/mermaid synthetic.; payload/schema cụ thể từ source handler. Đây là contract envelope, không thay ca business của nhóm.","Đọc schema và guards của studioCommand tại functions/src/blog-studio.ts:487; tạo fixture tối thiểu theo nhóm STUDIO.
Invoke studioCommand với identity/quyền hợp lệ và payload source-valid; snapshot response/DB state đã redact.
Invoke bằng input ngoài schema và identity/quyền không hợp lệ nếu handler yêu cầu; đối chiếu trước/sau.",Hợp lệ trả đúng projection/state theo source; invalid/unauthorized không mutate hoặc leak private data. Public callable giữ public-read semantics; action có financial/version/idempotency guards phải kiểm tra cùng ca module tương ứng.,"I1–I10 nếu áp dụng; API/read vs write/public vs private dựa source, không suy ra từ tên.","Độc lập: chạy với namespace sạch; biên/multiple variants trong steps phải có result con riêng, mọi variant pass mới PASS case.",functions/src/blog-studio.ts,"tests/browser/release-ask-integration049.spec.ts
tests/browser/release-ask-product-content057.spec.ts
tests/browser/release-ask-timeline063.spec.ts
tests/browser/release-ask-tracking-rates027.spec.ts
tests/browser/release-commerce-context058.spec.ts
tests/browser/release-studio-complete027.spec.ts
tests/browser/release-studio-component-reference032.spec.ts
tests/browser/release-studio-mechanics027.spec.ts
tests/browser/release-studio-moderation027.spec.ts
tests/browser/release-studio-recovery027.spec.ts
tests/browser/release-studio-reference-parity027.spec.ts
tests/rules/blog-comments027.test.ts
tests/rules/blog-studio-advanced027.test.ts
tests/rules/blog-studio027.test.ts
tests/unit/blog-studio-advanced027.test.ts
tests/unit/blog-studio-media027.test.ts
tests/unit/blog-studio-service027.test.ts
tests/unit/blog-studio027.test.ts
tests/unit/studio-api027.test.ts
tests/unit/studio-editor027.test.ts
tests/unit/studio-publication-parity027.test.ts
tests/unit/studio-source-port027.test.ts
tests/unit/studio-source-services027.test.ts",PROPOSED_TEST_ORACLE_SOURCE_REFERENCED_NOT_EXECUTED,NOT_RUN,,,,NONE,,,,
SG-API-011,endpoint-contract,STUDIO,studioRead — onCall contract,P0,"OWNER, CONTENT_EDITOR và editorial roles theo studioAuthority",HARNESS_LOCAL,"Draft/review/published/archived; 2 writers; media/code/table/mermaid synthetic.; payload/schema cụ thể từ source handler. Đây là contract envelope, không thay ca business của nhóm.","Đọc schema và guards của studioRead tại functions/src/blog-studio.ts:499; tạo fixture tối thiểu theo nhóm STUDIO.
Invoke studioRead với identity/quyền hợp lệ và payload source-valid; snapshot response/DB state đã redact.
Invoke bằng input ngoài schema và identity/quyền không hợp lệ nếu handler yêu cầu; đối chiếu trước/sau.",Hợp lệ trả đúng projection/state theo source; invalid/unauthorized không mutate hoặc leak private data. Public callable giữ public-read semantics; action có financial/version/idempotency guards phải kiểm tra cùng ca module tương ứng.,"I1–I10 nếu áp dụng; API/read vs write/public vs private dựa source, không suy ra từ tên.","Độc lập: chạy với namespace sạch; biên/multiple variants trong steps phải có result con riêng, mọi variant pass mới PASS case.",functions/src/blog-studio.ts,"tests/browser/release-crm-keyboard-zoom031.spec.ts
tests/browser/release-studio-complete027.spec.ts
tests/browser/release-studio-component-reference032.spec.ts
tests/browser/release-studio-mechanics027.spec.ts
tests/browser/release-studio-moderation027.spec.ts
tests/browser/release-studio-recovery027.spec.ts
tests/browser/release-studio-reference-parity027.spec.ts
tests/rules/blog-comments027.test.ts
tests/rules/blog-studio-advanced027.test.ts
tests/rules/blog-studio027.test.ts
tests/unit/blog-studio-advanced027.test.ts
tests/unit/blog-studio-media027.test.ts
tests/unit/blog-studio-service027.test.ts
tests/unit/blog-studio027.test.ts
tests/unit/studio-api027.test.ts
tests/unit/studio-editor027.test.ts
tests/unit/studio-publication-parity027.test.ts
tests/unit/studio-source-port027.test.ts
tests/unit/studio-source-services027.test.ts",PROPOSED_TEST_ORACLE_SOURCE_REFERENCED_NOT_EXECUTED,NOT_RUN,,,,NONE,,,,
SG-API-012,endpoint-contract,STUDIO,studioMediaUpload — onCall contract,P0,"OWNER, CONTENT_EDITOR và editorial roles theo studioAuthority",HARNESS_LOCAL,"Draft/review/published/archived; 2 writers; media/code/table/mermaid synthetic.; payload/schema cụ thể từ source handler. Đây là contract envelope, không thay ca business của nhóm.","Đọc schema và guards của studioMediaUpload tại functions/src/blog-studio.ts:778; tạo fixture tối thiểu theo nhóm STUDIO.
Invoke studioMediaUpload với identity/quyền hợp lệ và payload source-valid; snapshot response/DB state đã redact.
Invoke bằng input ngoài schema và identity/quyền không hợp lệ nếu handler yêu cầu; đối chiếu trước/sau.",Hợp lệ trả đúng projection/state theo source; invalid/unauthorized không mutate hoặc leak private data. Public callable giữ public-read semantics; action có financial/version/idempotency guards phải kiểm tra cùng ca module tương ứng.,"I1–I10 nếu áp dụng; API/read vs write/public vs private dựa source, không suy ra từ tên.","Độc lập: chạy với namespace sạch; biên/multiple variants trong steps phải có result con riêng, mọi variant pass mới PASS case.",functions/src/blog-studio.ts,"tests/browser/release-studio-complete027.spec.ts
tests/browser/release-studio-component-reference032.spec.ts
tests/browser/release-studio-mechanics027.spec.ts
tests/browser/release-studio-media027.spec.ts
tests/browser/release-studio-moderation027.spec.ts
tests/browser/release-studio-recovery027.spec.ts
tests/browser/release-studio-reference-parity027.spec.ts
tests/rules/blog-comments027.test.ts
tests/rules/blog-studio-advanced027.test.ts
tests/rules/blog-studio027.test.ts
tests/unit/blog-studio-advanced027.test.ts
tests/unit/blog-studio-media027.test.ts
tests/unit/blog-studio-service027.test.ts
tests/unit/blog-studio027.test.ts
tests/unit/studio-editor027.test.ts
tests/unit/studio-publication-parity027.test.ts
tests/unit/studio-source-port027.test.ts
tests/unit/studio-source-services027.test.ts",PROPOSED_TEST_ORACLE_SOURCE_REFERENCED_NOT_EXECUTED,NOT_RUN,,,,NONE,,,,
SG-API-013,endpoint-contract,STUDIO,studioMediaRead — onCall contract,P0,"OWNER, CONTENT_EDITOR và editorial roles theo studioAuthority",HARNESS_LOCAL,"Draft/review/published/archived; 2 writers; media/code/table/mermaid synthetic.; payload/schema cụ thể từ source handler. Đây là contract envelope, không thay ca business của nhóm.","Đọc schema và guards của studioMediaRead tại functions/src/blog-studio.ts:907; tạo fixture tối thiểu theo nhóm STUDIO.
Invoke studioMediaRead với identity/quyền hợp lệ và payload source-valid; snapshot response/DB state đã redact.
Invoke bằng input ngoài schema và identity/quyền không hợp lệ nếu handler yêu cầu; đối chiếu trước/sau.",Hợp lệ trả đúng projection/state theo source; invalid/unauthorized không mutate hoặc leak private data. Public callable giữ public-read semantics; action có financial/version/idempotency guards phải kiểm tra cùng ca module tương ứng.,"I1–I10 nếu áp dụng; API/read vs write/public vs private dựa source, không suy ra từ tên.","Độc lập: chạy với namespace sạch; biên/multiple variants trong steps phải có result con riêng, mọi variant pass mới PASS case.",functions/src/blog-studio.ts,"tests/browser/release-crm-keyboard-zoom031.spec.ts
tests/browser/release-studio-complete027.spec.ts
tests/browser/release-studio-component-reference032.spec.ts
tests/browser/release-studio-mechanics027.spec.ts
tests/browser/release-studio-media027.spec.ts
tests/browser/release-studio-moderation027.spec.ts
tests/browser/release-studio-recovery027.spec.ts
tests/browser/release-studio-reference-parity027.spec.ts
tests/rules/blog-comments027.test.ts
tests/rules/blog-studio-advanced027.test.ts
tests/rules/blog-studio027.test.ts
tests/unit/blog-studio-advanced027.test.ts
tests/unit/blog-studio-media027.test.ts
tests/unit/blog-studio-service027.test.ts
tests/unit/blog-studio027.test.ts
tests/unit/studio-editor027.test.ts
tests/unit/studio-publication-parity027.test.ts
tests/unit/studio-source-port027.test.ts
tests/unit/studio-source-services027.test.ts",PROPOSED_TEST_ORACLE_SOURCE_REFERENCED_NOT_EXECUTED,NOT_RUN,,,,NONE,,,,
SG-API-014,endpoint-contract,BANNER,websiteBannerCommand — onCall contract,P0,"OWNER, CONTENT_EDITOR theo handler, guest",HARNESS_LOCAL,"Banner draft/published, schedule windows; desktop/mobile asset fixtures.; payload/schema cụ thể từ source handler. Đây là contract envelope, không thay ca business của nhóm.","Đọc schema và guards của websiteBannerCommand tại functions/src/campaign-banners.ts:67; tạo fixture tối thiểu theo nhóm BANNER.
Invoke websiteBannerCommand với identity/quyền hợp lệ và payload source-valid; snapshot response/DB state đã redact.
Invoke bằng input ngoài schema và identity/quyền không hợp lệ nếu handler yêu cầu; đối chiếu trước/sau.",Hợp lệ trả đúng projection/state theo source; invalid/unauthorized không mutate hoặc leak private data. Public callable giữ public-read semantics; action có financial/version/idempotency guards phải kiểm tra cùng ca module tương ứng.,"I1–I10 nếu áp dụng; API/read vs write/public vs private dựa source, không suy ra từ tên.","Độc lập: chạy với namespace sạch; biên/multiple variants trong steps phải có result con riêng, mọi variant pass mới PASS case.",functions/src/campaign-banners.ts,"tests/unit/campaign-banners-service076.test.ts
tests/unit/campaign-banners076.test.ts
tests/unit/release-preflight067.test.ts",PROPOSED_TEST_ORACLE_SOURCE_REFERENCED_NOT_EXECUTED,NOT_RUN,,,,NONE,,,,
SG-API-015,endpoint-contract,BANNER,websiteBannerAdmin — onCall contract,P0,"OWNER, CONTENT_EDITOR theo handler, guest",HARNESS_LOCAL,"Banner draft/published, schedule windows; desktop/mobile asset fixtures.; payload/schema cụ thể từ source handler. Đây là contract envelope, không thay ca business của nhóm.","Đọc schema và guards của websiteBannerAdmin tại functions/src/campaign-banners.ts:257; tạo fixture tối thiểu theo nhóm BANNER.
Invoke websiteBannerAdmin với identity/quyền hợp lệ và payload source-valid; snapshot response/DB state đã redact.
Invoke bằng input ngoài schema và identity/quyền không hợp lệ nếu handler yêu cầu; đối chiếu trước/sau.",Hợp lệ trả đúng projection/state theo source; invalid/unauthorized không mutate hoặc leak private data. Public callable giữ public-read semantics; action có financial/version/idempotency guards phải kiểm tra cùng ca module tương ứng.,"I1–I10 nếu áp dụng; API/read vs write/public vs private dựa source, không suy ra từ tên.","Độc lập: chạy với namespace sạch; biên/multiple variants trong steps phải có result con riêng, mọi variant pass mới PASS case.",functions/src/campaign-banners.ts,"tests/unit/campaign-banners-service076.test.ts
tests/unit/campaign-banners076.test.ts
tests/unit/release-preflight067.test.ts",PROPOSED_TEST_ORACLE_SOURCE_REFERENCED_NOT_EXECUTED,NOT_RUN,,,,NONE,,,,
SG-API-016,endpoint-contract,BANNER,campaignBannersPublic — onRequest contract,P0,"OWNER, CONTENT_EDITOR theo handler, guest",HARNESS_LOCAL,"Banner draft/published, schedule windows; desktop/mobile asset fixtures.; payload/schema cụ thể từ source handler. Đây là contract envelope, không thay ca business của nhóm.","Tạo fixture Banner draft/published, schedule windows; desktop/mobile asset fixtures. cho HTTP handler campaignBannersPublic.
Gửi request method/path/query hợp lệ lấy từ handler; đối chiếu status/content-type/body/caching.
Thử thiếu/sai input và parent bị unpublish/revoke nếu có parent; kiểm tra không lộ dữ liệu.","HTTP response và publication/share/media authority đúng source; input lỗi không leak nội dung. Không áp Google/AppCheck cho public HTTP nếu source không yêu cầu. Chứng minh bằng body/status và dữ liệu, không chỉ HTTP200.","I1–I10 nếu áp dụng; API/read vs write/public vs private dựa source, không suy ra từ tên.","Độc lập: chạy với namespace sạch; biên/multiple variants trong steps phải có result con riêng, mọi variant pass mới PASS case.",functions/src/campaign-banners.ts,"tests/unit/campaign-banners-service076.test.ts
tests/unit/campaign-banners076.test.ts
tests/unit/release-preflight067.test.ts",PROPOSED_TEST_ORACLE_SOURCE_REFERENCED_NOT_EXECUTED,NOT_RUN,,,,NONE,,,,
SG-API-017,endpoint-contract,BANNER,websiteBannerPreview — onCall contract,P0,"OWNER, CONTENT_EDITOR theo handler, guest",HARNESS_LOCAL,"Banner draft/published, schedule windows; desktop/mobile asset fixtures.; payload/schema cụ thể từ source handler. Đây là contract envelope, không thay ca business của nhóm.","Đọc schema và guards của websiteBannerPreview tại functions/src/campaign-banners.ts:441; tạo fixture tối thiểu theo nhóm BANNER.
Invoke websiteBannerPreview với identity/quyền hợp lệ và payload source-valid; snapshot response/DB state đã redact.
Invoke bằng input ngoài schema và identity/quyền không hợp lệ nếu handler yêu cầu; đối chiếu trước/sau.",Hợp lệ trả đúng projection/state theo source; invalid/unauthorized không mutate hoặc leak private data. Public callable giữ public-read semantics; action có financial/version/idempotency guards phải kiểm tra cùng ca module tương ứng.,"I1–I10 nếu áp dụng; API/read vs write/public vs private dựa source, không suy ra từ tên.","Độc lập: chạy với namespace sạch; biên/multiple variants trong steps phải có result con riêng, mọi variant pass mới PASS case.",functions/src/campaign-banners.ts,"tests/unit/campaign-banners-service076.test.ts
tests/unit/campaign-banners076.test.ts
tests/unit/release-preflight067.test.ts",PROPOSED_TEST_ORACLE_SOURCE_REFERENCED_NOT_EXECUTED,NOT_RUN,,,,NONE,,,,
SG-API-018,endpoint-contract,CAT,catalogCheckout — onCall contract,P0,"customer, CONTENT_EDITOR",HARNESS_LOCAL,"P1 published/orderable version=1 price=100001 VND options=[S,M]; P2 draft; A/B.; payload/schema cụ thể từ source handler. Đây là contract envelope, không thay ca business của nhóm.","Đọc schema và guards của catalogCheckout tại functions/src/catalog-checkout.ts:15; tạo fixture tối thiểu theo nhóm CAT.
Invoke catalogCheckout với identity/quyền hợp lệ và payload source-valid; snapshot response/DB state đã redact.
Invoke bằng input ngoài schema và identity/quyền không hợp lệ nếu handler yêu cầu; đối chiếu trước/sau.",Hợp lệ trả đúng projection/state theo source; invalid/unauthorized không mutate hoặc leak private data. Public callable giữ public-read semantics; action có financial/version/idempotency guards phải kiểm tra cùng ca module tương ứng.,"I1–I10 nếu áp dụng; API/read vs write/public vs private dựa source, không suy ra từ tên.","Độc lập: chạy với namespace sạch; biên/multiple variants trong steps phải có result con riêng, mọi variant pass mới PASS case.",functions/src/catalog-checkout.ts,"tests/browser/ask-integration-owned049.ts
tests/browser/fixtures.ts
tests/browser/http.ts
tests/browser/owned-commerce058.ts
tests/browser/release-api.spec.ts
tests/browser/release-ask-hydration026.spec.ts
tests/browser/release-ask-integration049.spec.ts
tests/browser/release-ask-product-content057.spec.ts
tests/browser/release-ask-timeline063.spec.ts
tests/browser/release-catalog-continuation-states027.spec.ts
tests/browser/release-catalog-search027.spec.ts
tests/browser/release-commerce-context058.spec.ts
tests/browser/release-crm-keyboard-zoom031.spec.ts
tests/browser/release-crm-ux028.spec.ts
tests/browser/release-package-batch-positive028.spec.ts
tests/browser/release-sanity.spec.ts
tests/rules/ask-workflow.test.ts
tests/rules/biz-hardening.test.ts
tests/rules/catalog-checkout.test.ts
tests/rules/catalog-payments.test.ts
tests/rules/email-delivery.test.ts
tests/rules/invoices.test.ts
tests/unit/catalog-checkout.test.ts
tests/unit/email-delivery-security.test.ts
tests/unit/invoices.test.ts",PROPOSED_TEST_ORACLE_SOURCE_REFERENCED_NOT_EXECUTED,NOT_RUN,,,,NONE,,,,
SG-API-019,endpoint-contract,CHANGE,changeCommand — onCall contract,P0,"OWNER, OPERATIONS_MANAGER, customer",HARNESS_LOCAL,"Order hai dòng, line0 đã mua=2, line1 chưa mua=3; versions cố định.; payload/schema cụ thể từ source handler. Đây là contract envelope, không thay ca business của nhóm.","Đọc schema và guards của changeCommand tại functions/src/changes.ts:12; tạo fixture tối thiểu theo nhóm CHANGE.
Invoke changeCommand với identity/quyền hợp lệ và payload source-valid; snapshot response/DB state đã redact.
Invoke bằng input ngoài schema và identity/quyền không hợp lệ nếu handler yêu cầu; đối chiếu trước/sau.",Hợp lệ trả đúng projection/state theo source; invalid/unauthorized không mutate hoặc leak private data. Public callable giữ public-read semantics; action có financial/version/idempotency guards phải kiểm tra cùng ca module tương ứng.,"I1–I10 nếu áp dụng; API/read vs write/public vs private dựa source, không suy ra từ tên.","Độc lập: chạy với namespace sạch; biên/multiple variants trong steps phải có result con riêng, mọi variant pass mới PASS case.",functions/src/changes.ts,"tests/browser/release-ask-changes-states026.spec.ts
tests/browser/release-ask-changes026.spec.ts
tests/browser/release-changequeue026.spec.ts
tests/browser/release-crm-keyboard-zoom031.spec.ts
tests/browser/release-crm-presentation026.spec.ts
tests/browser/release-crm-recovery028.spec.ts
tests/browser/release-proposal.spec.ts
tests/rules/backend-authority-hardening.test.ts
tests/rules/remaining-authority026.test.ts
tests/rules/server.test.ts
tests/rules/staff-role-array026.test.ts
tests/unit/bootstrap-owner075.test.mjs
tests/unit/catalog-checkout.test.ts
tests/unit/changes-contextual.test.ts
tests/unit/changes.test.ts",PROPOSED_TEST_ORACLE_SOURCE_REFERENCED_NOT_EXECUTED,NOT_RUN,,,,NONE,,,,
SG-API-020,endpoint-contract,BATCH,consolidationCommand — onCall contract,P0,"OWNER, OPERATIONS_MANAGER, WAREHOUSE",HARNESS_LOCAL,"Batch 3 parcels, weights=[1,1,1], freight=100001; owners A/B; hold fixture.; payload/schema cụ thể từ source handler. Đây là contract envelope, không thay ca business của nhóm.","Đọc schema và guards của consolidationCommand tại functions/src/consolidation.ts:16; tạo fixture tối thiểu theo nhóm BATCH.
Invoke consolidationCommand với identity/quyền hợp lệ và payload source-valid; snapshot response/DB state đã redact.
Invoke bằng input ngoài schema và identity/quyền không hợp lệ nếu handler yêu cầu; đối chiếu trước/sau.",Hợp lệ trả đúng projection/state theo source; invalid/unauthorized không mutate hoặc leak private data. Public callable giữ public-read semantics; action có financial/version/idempotency guards phải kiểm tra cùng ca module tương ứng.,"I1–I10 nếu áp dụng; API/read vs write/public vs private dựa source, không suy ra từ tên.","Độc lập: chạy với namespace sạch; biên/multiple variants trong steps phải có result con riêng, mọi variant pass mới PASS case.",functions/src/consolidation.ts,"tests/browser/release-crm-populated026.spec.ts
tests/browser/release-package-batch-positive028.spec.ts
tests/rules/backend-authority-hardening.test.ts
tests/rules/manual-delivery-estimate064.test.ts
tests/rules/server.test.ts
tests/rules/staff-role-array026.test.ts
tests/unit/consolidation.test.ts",PROPOSED_TEST_ORACLE_SOURCE_REFERENCED_NOT_EXECUTED,NOT_RUN,,,,NONE,,,,
SG-API-021,endpoint-contract,CRM,listCustomers — onCall contract,P0,"SUPPORT, OWNER, OPERATIONS_MANAGER theo endpoint",HARNESS_LOCAL,"A/B customers; public profile, private notes; orders/financial aggregates; assignee active/inactive.; payload/schema cụ thể từ source handler. Đây là contract envelope, không thay ca business của nhóm.","Đọc schema và guards của listCustomers tại functions/src/crm.ts:42; tạo fixture tối thiểu theo nhóm CRM.
Invoke listCustomers với identity/quyền hợp lệ và payload source-valid; snapshot response/DB state đã redact.
Invoke bằng input ngoài schema và identity/quyền không hợp lệ nếu handler yêu cầu; đối chiếu trước/sau.",Hợp lệ trả đúng projection/state theo source; invalid/unauthorized không mutate hoặc leak private data. Public callable giữ public-read semantics; action có financial/version/idempotency guards phải kiểm tra cùng ca module tương ứng.,"I1–I10 nếu áp dụng; API/read vs write/public vs private dựa source, không suy ra từ tên.","Độc lập: chạy với namespace sạch; biên/multiple variants trong steps phải có result con riêng, mọi variant pass mới PASS case.",functions/src/crm.ts,"tests/browser/release-crm-admin-positive030.spec.ts
tests/browser/release-crm-boundaries028.spec.ts
tests/browser/release-crm-hardening.spec.ts
tests/browser/release-crm-keyboard-zoom031.spec.ts
tests/browser/release-crm-populated026.spec.ts
tests/browser/release-crm-presentation026.spec.ts
tests/browser/release-crm-records026.spec.ts
tests/browser/release-crm-recovery028.spec.ts
tests/browser/release-crm-taskflow.spec.ts
tests/browser/release-crm-ux028.spec.ts
tests/browser/release-crm.spec.ts
tests/browser/release-staff-authority026.spec.ts
tests/rules/crm-authority026.test.ts
tests/rules/crm-boundaries028.test.ts
tests/rules/crm-hardening.test.ts
tests/rules/server.test.ts
tests/unit/crm-ux028-eligibility.test.ts
tests/unit/crm.test.ts
tests/unit/customers-contextual.test.ts",PROPOSED_TEST_ORACLE_SOURCE_REFERENCED_NOT_EXECUTED,NOT_RUN,,,,NONE,,,,
SG-API-022,endpoint-contract,CRM,listFollowUps — onCall contract,P0,"SUPPORT, OWNER, OPERATIONS_MANAGER theo endpoint",HARNESS_LOCAL,"A/B customers; public profile, private notes; orders/financial aggregates; assignee active/inactive.; payload/schema cụ thể từ source handler. Đây là contract envelope, không thay ca business của nhóm.","Đọc schema và guards của listFollowUps tại functions/src/crm.ts:111; tạo fixture tối thiểu theo nhóm CRM.
Invoke listFollowUps với identity/quyền hợp lệ và payload source-valid; snapshot response/DB state đã redact.
Invoke bằng input ngoài schema và identity/quyền không hợp lệ nếu handler yêu cầu; đối chiếu trước/sau.",Hợp lệ trả đúng projection/state theo source; invalid/unauthorized không mutate hoặc leak private data. Public callable giữ public-read semantics; action có financial/version/idempotency guards phải kiểm tra cùng ca module tương ứng.,"I1–I10 nếu áp dụng; API/read vs write/public vs private dựa source, không suy ra từ tên.","Độc lập: chạy với namespace sạch; biên/multiple variants trong steps phải có result con riêng, mọi variant pass mới PASS case.",functions/src/crm.ts,"tests/browser/release-crm-admin-positive030.spec.ts
tests/browser/release-crm-boundaries028.spec.ts
tests/browser/release-crm-hardening.spec.ts
tests/browser/release-crm-keyboard-zoom031.spec.ts
tests/browser/release-crm-populated026.spec.ts
tests/browser/release-crm-presentation026.spec.ts
tests/browser/release-crm-records026.spec.ts
tests/browser/release-crm-recovery028.spec.ts
tests/browser/release-crm-taskflow.spec.ts
tests/browser/release-crm-ux028.spec.ts
tests/browser/release-crm.spec.ts
tests/browser/release-staff-authority026.spec.ts
tests/rules/crm-authority026.test.ts
tests/rules/crm-boundaries028.test.ts
tests/rules/crm-hardening.test.ts
tests/rules/server.test.ts
tests/unit/crm-ux028-eligibility.test.ts
tests/unit/crm.test.ts
tests/unit/customers-contextual.test.ts",PROPOSED_TEST_ORACLE_SOURCE_REFERENCED_NOT_EXECUTED,NOT_RUN,,,,NONE,,,,
SG-API-023,endpoint-contract,CRM,listCrmStaff — onCall contract,P0,"SUPPORT, OWNER, OPERATIONS_MANAGER theo endpoint",HARNESS_LOCAL,"A/B customers; public profile, private notes; orders/financial aggregates; assignee active/inactive.; payload/schema cụ thể từ source handler. Đây là contract envelope, không thay ca business của nhóm.","Đọc schema và guards của listCrmStaff tại functions/src/crm.ts:162; tạo fixture tối thiểu theo nhóm CRM.
Invoke listCrmStaff với identity/quyền hợp lệ và payload source-valid; snapshot response/DB state đã redact.
Invoke bằng input ngoài schema và identity/quyền không hợp lệ nếu handler yêu cầu; đối chiếu trước/sau.",Hợp lệ trả đúng projection/state theo source; invalid/unauthorized không mutate hoặc leak private data. Public callable giữ public-read semantics; action có financial/version/idempotency guards phải kiểm tra cùng ca module tương ứng.,"I1–I10 nếu áp dụng; API/read vs write/public vs private dựa source, không suy ra từ tên.","Độc lập: chạy với namespace sạch; biên/multiple variants trong steps phải có result con riêng, mọi variant pass mới PASS case.",functions/src/crm.ts,"tests/browser/release-crm-admin-positive030.spec.ts
tests/browser/release-crm-boundaries028.spec.ts
tests/browser/release-crm-hardening.spec.ts
tests/browser/release-crm-keyboard-zoom031.spec.ts
tests/browser/release-crm-populated026.spec.ts
tests/browser/release-crm-presentation026.spec.ts
tests/browser/release-crm-records026.spec.ts
tests/browser/release-crm-recovery028.spec.ts
tests/browser/release-crm-taskflow.spec.ts
tests/browser/release-crm-ux028.spec.ts
tests/browser/release-crm.spec.ts
tests/browser/release-staff-authority026.spec.ts
tests/rules/crm-authority026.test.ts
tests/rules/crm-boundaries028.test.ts
tests/rules/crm-hardening.test.ts
tests/rules/server.test.ts
tests/unit/crm-ux028-eligibility.test.ts
tests/unit/crm.test.ts
tests/unit/customers-contextual.test.ts",PROPOSED_TEST_ORACLE_SOURCE_REFERENCED_NOT_EXECUTED,NOT_RUN,,,,NONE,,,,
SG-API-024,endpoint-contract,CRM,readCustomer — onCall contract,P0,"SUPPORT, OWNER, OPERATIONS_MANAGER theo endpoint",HARNESS_LOCAL,"A/B customers; public profile, private notes; orders/financial aggregates; assignee active/inactive.; payload/schema cụ thể từ source handler. Đây là contract envelope, không thay ca business của nhóm.","Đọc schema và guards của readCustomer tại functions/src/crm.ts:221; tạo fixture tối thiểu theo nhóm CRM.
Invoke readCustomer với identity/quyền hợp lệ và payload source-valid; snapshot response/DB state đã redact.
Invoke bằng input ngoài schema và identity/quyền không hợp lệ nếu handler yêu cầu; đối chiếu trước/sau.",Hợp lệ trả đúng projection/state theo source; invalid/unauthorized không mutate hoặc leak private data. Public callable giữ public-read semantics; action có financial/version/idempotency guards phải kiểm tra cùng ca module tương ứng.,"I1–I10 nếu áp dụng; API/read vs write/public vs private dựa source, không suy ra từ tên.","Độc lập: chạy với namespace sạch; biên/multiple variants trong steps phải có result con riêng, mọi variant pass mới PASS case.",functions/src/crm.ts,"tests/browser/release-api.spec.ts
tests/browser/release-crm-admin-positive030.spec.ts
tests/browser/release-crm-boundaries028.spec.ts
tests/browser/release-crm-hardening.spec.ts
tests/browser/release-crm-keyboard-zoom031.spec.ts
tests/browser/release-crm-populated026.spec.ts
tests/browser/release-crm-presentation026.spec.ts
tests/browser/release-crm-records026.spec.ts
tests/browser/release-crm-recovery028.spec.ts
tests/browser/release-crm-taskflow.spec.ts
tests/browser/release-crm-ux028.spec.ts
tests/browser/release-crm.spec.ts
tests/browser/release-staff-authority026.spec.ts
tests/rules/crm-authority026.test.ts
tests/rules/crm-boundaries028.test.ts
tests/rules/crm-hardening.test.ts
tests/rules/server.test.ts
tests/unit/crm-ux028-eligibility.test.ts
tests/unit/crm.test.ts
tests/unit/customers-contextual.test.ts",PROPOSED_TEST_ORACLE_SOURCE_REFERENCED_NOT_EXECUTED,NOT_RUN,,,,NONE,,,,
SG-API-025,endpoint-contract,CRM,saveCustomerNotes — onCall contract,P0,"SUPPORT, OWNER, OPERATIONS_MANAGER theo endpoint",HARNESS_LOCAL,"A/B customers; public profile, private notes; orders/financial aggregates; assignee active/inactive.; payload/schema cụ thể từ source handler. Đây là contract envelope, không thay ca business của nhóm.","Đọc schema và guards của saveCustomerNotes tại functions/src/crm.ts:333; tạo fixture tối thiểu theo nhóm CRM.
Invoke saveCustomerNotes với identity/quyền hợp lệ và payload source-valid; snapshot response/DB state đã redact.
Invoke bằng input ngoài schema và identity/quyền không hợp lệ nếu handler yêu cầu; đối chiếu trước/sau.",Hợp lệ trả đúng projection/state theo source; invalid/unauthorized không mutate hoặc leak private data. Public callable giữ public-read semantics; action có financial/version/idempotency guards phải kiểm tra cùng ca module tương ứng.,"I1–I10 nếu áp dụng; API/read vs write/public vs private dựa source, không suy ra từ tên.","Độc lập: chạy với namespace sạch; biên/multiple variants trong steps phải có result con riêng, mọi variant pass mới PASS case.",functions/src/crm.ts,"tests/browser/release-crm-admin-positive030.spec.ts
tests/browser/release-crm-boundaries028.spec.ts
tests/browser/release-crm-hardening.spec.ts
tests/browser/release-crm-keyboard-zoom031.spec.ts
tests/browser/release-crm-populated026.spec.ts
tests/browser/release-crm-presentation026.spec.ts
tests/browser/release-crm-records026.spec.ts
tests/browser/release-crm-recovery028.spec.ts
tests/browser/release-crm-taskflow.spec.ts
tests/browser/release-crm-ux028.spec.ts
tests/browser/release-crm.spec.ts
tests/browser/release-staff-authority026.spec.ts
tests/rules/crm-authority026.test.ts
tests/rules/crm-boundaries028.test.ts
tests/rules/crm-hardening.test.ts
tests/rules/server.test.ts
tests/unit/crm-ux028-eligibility.test.ts
tests/unit/crm.test.ts
tests/unit/customers-contextual.test.ts",PROPOSED_TEST_ORACLE_SOURCE_REFERENCED_NOT_EXECUTED,NOT_RUN,,,,NONE,,,,
SG-API-026,endpoint-contract,CRM,operationalDashboard — onCall contract,P0,"SUPPORT, OWNER, OPERATIONS_MANAGER theo endpoint",HARNESS_LOCAL,"A/B customers; public profile, private notes; orders/financial aggregates; assignee active/inactive.; payload/schema cụ thể từ source handler. Đây là contract envelope, không thay ca business của nhóm.","Đọc schema và guards của operationalDashboard tại functions/src/crm.ts:415; tạo fixture tối thiểu theo nhóm CRM.
Invoke operationalDashboard với identity/quyền hợp lệ và payload source-valid; snapshot response/DB state đã redact.
Invoke bằng input ngoài schema và identity/quyền không hợp lệ nếu handler yêu cầu; đối chiếu trước/sau.",Hợp lệ trả đúng projection/state theo source; invalid/unauthorized không mutate hoặc leak private data. Public callable giữ public-read semantics; action có financial/version/idempotency guards phải kiểm tra cùng ca module tương ứng.,"I1–I10 nếu áp dụng; API/read vs write/public vs private dựa source, không suy ra từ tên.","Độc lập: chạy với namespace sạch; biên/multiple variants trong steps phải có result con riêng, mọi variant pass mới PASS case.",functions/src/crm.ts,"tests/browser/release-crm-admin-positive030.spec.ts
tests/browser/release-crm-boundaries028.spec.ts
tests/browser/release-crm-hardening.spec.ts
tests/browser/release-crm-keyboard-zoom031.spec.ts
tests/browser/release-crm-populated026.spec.ts
tests/browser/release-crm-presentation026.spec.ts
tests/browser/release-crm-records026.spec.ts
tests/browser/release-crm-recovery028.spec.ts
tests/browser/release-crm-taskflow.spec.ts
tests/browser/release-crm-ux028.spec.ts
tests/browser/release-crm.spec.ts
tests/browser/release-staff-authority026.spec.ts
tests/rules/crm-authority026.test.ts
tests/rules/crm-boundaries028.test.ts
tests/rules/crm-hardening.test.ts
tests/rules/server.test.ts
tests/unit/crm-ux028-eligibility.test.ts
tests/unit/crm.test.ts
tests/unit/customers-contextual.test.ts",PROPOSED_TEST_ORACLE_SOURCE_REFERENCED_NOT_EXECUTED,NOT_RUN,,,,NONE,,,,
SG-API-027,endpoint-contract,SHIP,customerOrderTracking — onCall contract,P0,"WAREHOUSE, OPERATIONS_MANAGER, customer",HARNESS_LOCAL,"Order lines=[2,3] đủ mua/nhận; parcel P1/P2; timeline synthetic.; payload/schema cụ thể từ source handler. Đây là contract envelope, không thay ca business của nhóm.","Đọc schema và guards của customerOrderTracking tại functions/src/customer-order-tracking.ts:66; tạo fixture tối thiểu theo nhóm SHIP.
Invoke customerOrderTracking với identity/quyền hợp lệ và payload source-valid; snapshot response/DB state đã redact.
Invoke bằng input ngoài schema và identity/quyền không hợp lệ nếu handler yêu cầu; đối chiếu trước/sau.",Hợp lệ trả đúng projection/state theo source; invalid/unauthorized không mutate hoặc leak private data. Public callable giữ public-read semantics; action có financial/version/idempotency guards phải kiểm tra cùng ca module tương ứng.,"I1–I10 nếu áp dụng; API/read vs write/public vs private dựa source, không suy ra từ tên.","Độc lập: chạy với namespace sạch; biên/multiple variants trong steps phải có result con riêng, mọi variant pass mới PASS case.",functions/src/customer-order-tracking.ts,"tests/browser/release-ask-integration049.spec.ts
tests/browser/release-ask-product-content057.spec.ts
tests/browser/release-ask-timeline063.spec.ts
tests/browser/release-commerce-context058.spec.ts
tests/rules/manual-delivery-estimate064.test.ts
tests/rules/order-tracking027.test.ts",PROPOSED_TEST_ORACLE_SOURCE_REFERENCED_NOT_EXECUTED,NOT_RUN,,,,NONE,,,,
SG-API-028,endpoint-contract,EMAIL,deliverEmail — onSchedule contract,P0,"OWNER, FINANCE, scheduled worker",HARNESS_LOCAL,"Synthetic outbox jobs pending/leased/sent/unknown/dead; fake mail adapter; email gate đóng.; payload/schema cụ thể từ source handler. Đây là contract envelope, không thay ca business của nhóm.","Mở source functions/src/email.ts:10 và gate capability của deliverEmail; chuẩn bị fixture đúng schema.
Invoke deliverEmail trong local harness với gate đóng; ghi số lần network attempts.
Thử settings/client flag bật capability; so sánh trước/sau.","Gate code-owned chặn provider/spend; maintenance chỉ được chạy non-provider ở exact canonical demo. Không báo gửi/thanh toán/AI thành công từ fixture. Live provider branch BLOCKED, cần approval/candidate riêng.","I1–I10 nếu áp dụng; API/read vs write/public vs private dựa source, không suy ra từ tên.","Độc lập: chạy với namespace sạch; biên/multiple variants trong steps phải có result con riêng, mọi variant pass mới PASS case.",functions/src/email.ts,"tests/browser/fixtures.ts
tests/browser/release-api.spec.ts
tests/rules/blog-studio-advanced027.test.ts
tests/rules/email-delivery.test.ts
tests/rules/membership.test.ts
tests/rules/server.test.ts
tests/unit/activity-contextual.test.ts
tests/unit/blog-studio-advanced027.test.ts
tests/unit/bootstrap-owner075.test.mjs
tests/unit/email-content.test.ts
tests/unit/email-delivery-security.test.ts
tests/unit/provider-release-gate067.test.ts",PROPOSED_TEST_ORACLE_SOURCE_REFERENCED_NOT_EXECUTED,NOT_RUN,,,,NONE,,,,
SG-API-029,endpoint-contract,FIN,financeReview — onCall contract,P0,"FINANCE, OWNER",HARNESS_LOCAL,"Pending transfer reviews; bank IDs synthetic unique; ledger before/after; MFA fixture.; payload/schema cụ thể từ source handler. Đây là contract envelope, không thay ca business của nhóm.","Đọc schema và guards của financeReview tại functions/src/finance-review.ts:11; tạo fixture tối thiểu theo nhóm FIN.
Invoke financeReview với identity/quyền hợp lệ và payload source-valid; snapshot response/DB state đã redact.
Invoke bằng input ngoài schema và identity/quyền không hợp lệ nếu handler yêu cầu; đối chiếu trước/sau.",Hợp lệ trả đúng projection/state theo source; invalid/unauthorized không mutate hoặc leak private data. Public callable giữ public-read semantics; action có financial/version/idempotency guards phải kiểm tra cùng ca module tương ứng.,"I1–I10 nếu áp dụng; API/read vs write/public vs private dựa source, không suy ra từ tên.","Độc lập: chạy với namespace sạch; biên/multiple variants trong steps phải có result con riêng, mọi variant pass mới PASS case.",functions/src/finance-review.ts,"tests/browser/release-crm-populated026.spec.ts
tests/browser/release-finance-activity-positive031.spec.ts
tests/browser/release-finance-privacy032.spec.ts
tests/browser/release-finance028.spec.ts
tests/rules/mutation-authority026.test.ts
tests/rules/server.test.ts
tests/rules/staff-role-array026.test.ts
tests/unit/finance-contextual.test.ts",PROPOSED_TEST_ORACLE_SOURCE_REFERENCED_NOT_EXECUTED,NOT_RUN,,,,NONE,,,,
SG-API-030,endpoint-contract,REQ,command — onCall contract,P0,customer,HARNESS_LOCAL,"Custom request A, markets US/JP/KR; items 1–30; hai dòng quantity=[2,3].; payload/schema cụ thể từ source handler. Đây là contract envelope, không thay ca business của nhóm.","Đọc schema và guards của command tại functions/src/index.ts:45; tạo fixture tối thiểu theo nhóm REQ.
Invoke command với identity/quyền hợp lệ và payload source-valid; snapshot response/DB state đã redact.
Invoke bằng input ngoài schema và identity/quyền không hợp lệ nếu handler yêu cầu; đối chiếu trước/sau.",Hợp lệ trả đúng projection/state theo source; invalid/unauthorized không mutate hoặc leak private data. Public callable giữ public-read semantics; action có financial/version/idempotency guards phải kiểm tra cùng ca module tương ứng.,"I1–I10 nếu áp dụng; API/read vs write/public vs private dựa source, không suy ra từ tên.","Độc lập: chạy với namespace sạch; biên/multiple variants trong steps phải có result con riêng, mọi variant pass mới PASS case.","packages/domain/request-input.ts
packages/domain/index.ts
src/features/requests/RequestForm.tsx
functions/src/index.ts
src/features/requests/ProductComposer.tsx
src/features/requests/request-form.css","tests/browser/http.ts
tests/browser/release-api.spec.ts
tests/browser/release-ask-changes-states026.spec.ts
tests/browser/release-ask-changes026.spec.ts
tests/browser/release-ask-hydration026.spec.ts
tests/browser/release-ask-integration049.spec.ts
tests/browser/release-ask-product-content057.spec.ts
tests/browser/release-ask-quota-copy055.spec.ts
tests/browser/release-ask-source-labels062.spec.ts
tests/browser/release-ask-timeline063.spec.ts
tests/browser/release-ask-tracking-rates027.spec.ts
tests/browser/release-catalog-continuation-states027.spec.ts
tests/browser/release-catalog-search027.spec.ts
tests/browser/release-changequeue026.spec.ts
tests/browser/release-commerce-context058.spec.ts
tests/browser/release-crm-boundaries028.spec.ts
tests/browser/release-crm-populated026.spec.ts
tests/browser/release-crm-recovery028.spec.ts
tests/browser/release-finance-activity-positive031.spec.ts
tests/browser/release-finance-hardening.spec.ts
tests/browser/release-finance-privacy032.spec.ts
tests/browser/release-membership-plan-pagination034.spec.ts
tests/browser/release-package-batch-positive028.spec.ts
tests/browser/release-proposal.spec.ts
tests/browser/release-public-support-cas028.spec.ts
tests/browser/release-refund-cursor-regression033.spec.ts
tests/browser/release-refunds-positive028.spec.ts
tests/browser/release-sanity.spec.ts
tests/browser/release-studio-complete027.spec.ts
tests/browser/release-studio-moderation027.spec.ts
tests/browser/release-studio-recovery027.spec.ts
tests/browser/release-studio-reference-parity027.spec.ts
tests/http/callable.mjs
tests/rules/ask-hardening.test.ts
tests/rules/biz-hardening.test.ts
tests/rules/blog-studio-advanced027.test.ts
tests/rules/blog-studio027.test.ts
tests/rules/catalog-checkout.test.ts
tests/rules/command-authority-hardening.test.ts
tests/rules/conversation-role-array026.test.ts
tests/rules/email-delivery.test.ts
tests/rules/manual-delivery-estimate064.test.ts
tests/rules/mutation-authority026.test.ts
tests/rules/order-conversation.test.ts
tests/rules/public-products.test.ts
tests/rules/server.test.ts
tests/rules/staff-role-array026.test.ts
tests/unit/blog-studio-advanced027.test.ts
tests/unit/campaign-banners-service076.test.ts
tests/unit/crm-ux028-eligibility.test.ts
tests/unit/delivery-estimate-time064.test.ts
tests/unit/membership-command.test.ts
tests/unit/studio-source-services027.test.ts",PROPOSED_TEST_ORACLE_SOURCE_REFERENCED_NOT_EXECUTED,NOT_RUN,,,,NONE,,,,
SG-API-031,endpoint-contract,DOC,invoiceShare — onCall contract,P0,"OWNER, FINANCE, customer, share recipient",HARNESS_LOCAL,"Seller fixture; order catalog/custom; draft/issued/void documents; token synthetic chỉ trong runtime.; payload/schema cụ thể từ source handler. Đây là contract envelope, không thay ca business của nhóm.","Đọc schema và guards của invoiceShare tại functions/src/invoice-share.ts:9; tạo fixture tối thiểu theo nhóm DOC.
Invoke invoiceShare với identity/quyền hợp lệ và payload source-valid; snapshot response/DB state đã redact.
Invoke bằng input ngoài schema và identity/quyền không hợp lệ nếu handler yêu cầu; đối chiếu trước/sau.",Hợp lệ trả đúng projection/state theo source; invalid/unauthorized không mutate hoặc leak private data. Public callable giữ public-read semantics; action có financial/version/idempotency guards phải kiểm tra cùng ca module tương ứng.,"I1–I10 nếu áp dụng; API/read vs write/public vs private dựa source, không suy ra từ tên.","Độc lập: chạy với namespace sạch; biên/multiple variants trong steps phải có result con riêng, mọi variant pass mới PASS case.",functions/src/invoice-share.ts,"tests/browser/release-api.spec.ts
tests/rules/invoices.test.ts",PROPOSED_TEST_ORACLE_SOURCE_REFERENCED_NOT_EXECUTED,NOT_RUN,,,,NONE,,,,
SG-API-032,endpoint-contract,DOC,invoiceCommand — onCall contract,P0,"OWNER, FINANCE, customer, share recipient",HARNESS_LOCAL,"Seller fixture; order catalog/custom; draft/issued/void documents; token synthetic chỉ trong runtime.; payload/schema cụ thể từ source handler. Đây là contract envelope, không thay ca business của nhóm.","Đọc schema và guards của invoiceCommand tại functions/src/invoices.ts:44; tạo fixture tối thiểu theo nhóm DOC.
Invoke invoiceCommand với identity/quyền hợp lệ và payload source-valid; snapshot response/DB state đã redact.
Invoke bằng input ngoài schema và identity/quyền không hợp lệ nếu handler yêu cầu; đối chiếu trước/sau.",Hợp lệ trả đúng projection/state theo source; invalid/unauthorized không mutate hoặc leak private data. Public callable giữ public-read semantics; action có financial/version/idempotency guards phải kiểm tra cùng ca module tương ứng.,"I1–I10 nếu áp dụng; API/read vs write/public vs private dựa source, không suy ra từ tên.","Độc lập: chạy với namespace sạch; biên/multiple variants trong steps phải có result con riêng, mọi variant pass mới PASS case.",functions/src/invoices.ts,"tests/browser/fixtures.ts
tests/browser/release-api.spec.ts
tests/browser/release-crm-keyboard-zoom031.spec.ts
tests/browser/release-sanity.spec.ts
tests/rules/invoices.test.ts
tests/rules/private-read-authority026.test.ts
tests/rules/remaining-authority026.test.ts
tests/rules/staff-role-array026.test.ts
tests/unit/invoice-statement-view.test.ts
tests/unit/invoices.test.ts",PROPOSED_TEST_ORACLE_SOURCE_REFERENCED_NOT_EXECUTED,NOT_RUN,,,,NONE,,,,
SG-API-033,endpoint-contract,DOC,invoiceList — onCall contract,P0,"OWNER, FINANCE, customer, share recipient",HARNESS_LOCAL,"Seller fixture; order catalog/custom; draft/issued/void documents; token synthetic chỉ trong runtime.; payload/schema cụ thể từ source handler. Đây là contract envelope, không thay ca business của nhóm.","Đọc schema và guards của invoiceList tại functions/src/invoices.ts:292; tạo fixture tối thiểu theo nhóm DOC.
Invoke invoiceList với identity/quyền hợp lệ và payload source-valid; snapshot response/DB state đã redact.
Invoke bằng input ngoài schema và identity/quyền không hợp lệ nếu handler yêu cầu; đối chiếu trước/sau.",Hợp lệ trả đúng projection/state theo source; invalid/unauthorized không mutate hoặc leak private data. Public callable giữ public-read semantics; action có financial/version/idempotency guards phải kiểm tra cùng ca module tương ứng.,"I1–I10 nếu áp dụng; API/read vs write/public vs private dựa source, không suy ra từ tên.","Độc lập: chạy với namespace sạch; biên/multiple variants trong steps phải có result con riêng, mọi variant pass mới PASS case.",functions/src/invoices.ts,"tests/browser/fixtures.ts
tests/browser/release-crm-keyboard-zoom031.spec.ts
tests/browser/release-sanity.spec.ts
tests/rules/invoices.test.ts
tests/rules/private-read-authority026.test.ts
tests/rules/remaining-authority026.test.ts
tests/rules/staff-role-array026.test.ts
tests/unit/invoice-statement-view.test.ts
tests/unit/invoices.test.ts",PROPOSED_TEST_ORACLE_SOURCE_REFERENCED_NOT_EXECUTED,NOT_RUN,,,,NONE,,,,
SG-API-034,endpoint-contract,DOC,invoiceDetail — onCall contract,P0,"OWNER, FINANCE, customer, share recipient",HARNESS_LOCAL,"Seller fixture; order catalog/custom; draft/issued/void documents; token synthetic chỉ trong runtime.; payload/schema cụ thể từ source handler. Đây là contract envelope, không thay ca business của nhóm.","Đọc schema và guards của invoiceDetail tại functions/src/invoices.ts:338; tạo fixture tối thiểu theo nhóm DOC.
Invoke invoiceDetail với identity/quyền hợp lệ và payload source-valid; snapshot response/DB state đã redact.
Invoke bằng input ngoài schema và identity/quyền không hợp lệ nếu handler yêu cầu; đối chiếu trước/sau.",Hợp lệ trả đúng projection/state theo source; invalid/unauthorized không mutate hoặc leak private data. Public callable giữ public-read semantics; action có financial/version/idempotency guards phải kiểm tra cùng ca module tương ứng.,"I1–I10 nếu áp dụng; API/read vs write/public vs private dựa source, không suy ra từ tên.","Độc lập: chạy với namespace sạch; biên/multiple variants trong steps phải có result con riêng, mọi variant pass mới PASS case.",functions/src/invoices.ts,"tests/browser/fixtures.ts
tests/browser/release-api.spec.ts
tests/browser/release-crm-keyboard-zoom031.spec.ts
tests/browser/release-sanity.spec.ts
tests/rules/invoices.test.ts
tests/rules/private-read-authority026.test.ts
tests/rules/remaining-authority026.test.ts
tests/rules/staff-role-array026.test.ts
tests/unit/invoice-statement-view.test.ts
tests/unit/invoices.test.ts",PROPOSED_TEST_ORACLE_SOURCE_REFERENCED_NOT_EXECUTED,NOT_RUN,,,,NONE,,,,
SG-API-035,endpoint-contract,REM,maintenance — onSchedule contract,P0,"customer, OWNER, worker",HARNESS_LOCAL,"A/B notifications; reminder policies active/inactive; canonical demo-satsunicgo clock fixture.; payload/schema cụ thể từ source handler. Đây là contract envelope, không thay ca business của nhóm.","Mở source functions/src/jobs.ts:7 và gate capability của maintenance; chuẩn bị fixture đúng schema.
Invoke maintenance trong local harness với gate đóng; ghi số lần network attempts.
Thử settings/client flag bật capability; so sánh trước/sau.","Gate code-owned chặn provider/spend; maintenance chỉ được chạy non-provider ở exact canonical demo. Không báo gửi/thanh toán/AI thành công từ fixture. Live provider branch BLOCKED, cần approval/candidate riêng.","I1–I10 nếu áp dụng; API/read vs write/public vs private dựa source, không suy ra từ tên.","Độc lập: chạy với namespace sạch; biên/multiple variants trong steps phải có result con riêng, mọi variant pass mới PASS case.",functions/src/jobs.ts,"tests/rules/membership.test.ts
tests/rules/server.test.ts
tests/unit/provider-release-gate067.test.ts
tests/unit/release-preflight067.test.ts",PROPOSED_TEST_ORACLE_SOURCE_REFERENCED_NOT_EXECUTED,NOT_RUN,,,,NONE,,,,
SG-API-036,endpoint-contract,REM,readNotification — onCall contract,P0,"customer, OWNER, worker",HARNESS_LOCAL,"A/B notifications; reminder policies active/inactive; canonical demo-satsunicgo clock fixture.; payload/schema cụ thể từ source handler. Đây là contract envelope, không thay ca business của nhóm.","Đọc schema và guards của readNotification tại functions/src/jobs.ts:256; tạo fixture tối thiểu theo nhóm REM.
Invoke readNotification với identity/quyền hợp lệ và payload source-valid; snapshot response/DB state đã redact.
Invoke bằng input ngoài schema và identity/quyền không hợp lệ nếu handler yêu cầu; đối chiếu trước/sau.",Hợp lệ trả đúng projection/state theo source; invalid/unauthorized không mutate hoặc leak private data. Public callable giữ public-read semantics; action có financial/version/idempotency guards phải kiểm tra cùng ca module tương ứng.,"I1–I10 nếu áp dụng; API/read vs write/public vs private dựa source, không suy ra từ tên.","Độc lập: chạy với namespace sạch; biên/multiple variants trong steps phải có result con riêng, mọi variant pass mới PASS case.",functions/src/jobs.ts,tests/rules/membership.test.ts,PROPOSED_TEST_ORACLE_SOURCE_REFERENCED_NOT_EXECUTED,NOT_RUN,,,,NONE,,,,
SG-API-037,endpoint-contract,MEDIA,uploadContentImage — onCall contract,P0,"customer, staff theo handler, CONTENT_EDITOR",HARNESS_LOCAL,"Ảnh synthetic JPEG/PNG/WebP hợp lệ, oversized, polyglot, metadata EXIF; parent published/draft.; payload/schema cụ thể từ source handler. Đây là contract envelope, không thay ca business của nhóm.","Đọc schema và guards của uploadContentImage tại functions/src/media.ts:9; tạo fixture tối thiểu theo nhóm MEDIA.
Invoke uploadContentImage với identity/quyền hợp lệ và payload source-valid; snapshot response/DB state đã redact.
Invoke bằng input ngoài schema và identity/quyền không hợp lệ nếu handler yêu cầu; đối chiếu trước/sau.",Hợp lệ trả đúng projection/state theo source; invalid/unauthorized không mutate hoặc leak private data. Public callable giữ public-read semantics; action có financial/version/idempotency guards phải kiểm tra cùng ca module tương ứng.,"I1–I10 nếu áp dụng; API/read vs write/public vs private dựa source, không suy ra từ tên.","Độc lập: chạy với namespace sạch; biên/multiple variants trong steps phải có result con riêng, mọi variant pass mới PASS case.",functions/src/media.ts,"tests/browser/release-studio-complete027.spec.ts
tests/browser/release-studio-media027.spec.ts
tests/rules/order-media.test.ts
tests/rules/remaining-authority026.test.ts
tests/rules/staff-role-array026.test.ts
tests/unit/blog-studio-media027.test.ts
tests/unit/blog-studio-service027.test.ts
tests/unit/campaign-banners-service076.test.ts
tests/unit/campaign-banners076.test.ts
tests/unit/media.test.ts",PROPOSED_TEST_ORACLE_SOURCE_REFERENCED_NOT_EXECUTED,NOT_RUN,,,,NONE,,,,
SG-API-038,endpoint-contract,MEDIA,publicImage — onRequest contract,P0,"customer, staff theo handler, CONTENT_EDITOR",HARNESS_LOCAL,"Ảnh synthetic JPEG/PNG/WebP hợp lệ, oversized, polyglot, metadata EXIF; parent published/draft.; payload/schema cụ thể từ source handler. Đây là contract envelope, không thay ca business của nhóm.","Tạo fixture Ảnh synthetic JPEG/PNG/WebP hợp lệ, oversized, polyglot, metadata EXIF; parent published/draft. cho HTTP handler publicImage.
Gửi request method/path/query hợp lệ lấy từ handler; đối chiếu status/content-type/body/caching.
Thử thiếu/sai input và parent bị unpublish/revoke nếu có parent; kiểm tra không lộ dữ liệu.","HTTP response và publication/share/media authority đúng source; input lỗi không leak nội dung. Không áp Google/AppCheck cho public HTTP nếu source không yêu cầu. Chứng minh bằng body/status và dữ liệu, không chỉ HTTP200.","I1–I10 nếu áp dụng; API/read vs write/public vs private dựa source, không suy ra từ tên.","Độc lập: chạy với namespace sạch; biên/multiple variants trong steps phải có result con riêng, mọi variant pass mới PASS case.",functions/src/media.ts,"tests/browser/release-studio-complete027.spec.ts
tests/browser/release-studio-media027.spec.ts
tests/rules/order-media.test.ts
tests/rules/remaining-authority026.test.ts
tests/rules/staff-role-array026.test.ts
tests/unit/blog-studio-media027.test.ts
tests/unit/blog-studio-service027.test.ts
tests/unit/campaign-banners-service076.test.ts
tests/unit/campaign-banners076.test.ts
tests/unit/media.test.ts
tests/unit/release-preflight067.test.ts",PROPOSED_TEST_ORACLE_SOURCE_REFERENCED_NOT_EXECUTED,NOT_RUN,,,,NONE,,,,
SG-API-039,endpoint-contract,REM,membershipReminderPolicy — onCall contract,P0,"customer, OWNER, worker",HARNESS_LOCAL,"A/B notifications; reminder policies active/inactive; canonical demo-satsunicgo clock fixture.; payload/schema cụ thể từ source handler. Đây là contract envelope, không thay ca business của nhóm.","Đọc schema và guards của membershipReminderPolicy tại functions/src/membership-reminder-policy.ts:29; tạo fixture tối thiểu theo nhóm REM.
Invoke membershipReminderPolicy với identity/quyền hợp lệ và payload source-valid; snapshot response/DB state đã redact.
Invoke bằng input ngoài schema và identity/quyền không hợp lệ nếu handler yêu cầu; đối chiếu trước/sau.",Hợp lệ trả đúng projection/state theo source; invalid/unauthorized không mutate hoặc leak private data. Public callable giữ public-read semantics; action có financial/version/idempotency guards phải kiểm tra cùng ca module tương ứng.,"I1–I10 nếu áp dụng; API/read vs write/public vs private dựa source, không suy ra từ tên.","Độc lập: chạy với namespace sạch; biên/multiple variants trong steps phải có result con riêng, mọi variant pass mới PASS case.",functions/src/membership-reminder-policy.ts,"tests/browser/release-crm-keyboard-zoom031.spec.ts
tests/rules/reminder-role-array026.test.ts
tests/unit/membership-reminder-policy.test.ts",PROPOSED_TEST_ORACLE_SOURCE_REFERENCED_NOT_EXECUTED,NOT_RUN,,,,NONE,,,,
SG-API-040,endpoint-contract,MEM,membershipCommand — onCall contract,P0,"customer, OWNER, FINANCE",HARNESS_LOCAL,"Plan published price=100001 periodDays=30; active/expired subscriptions; server clock fixed.; payload/schema cụ thể từ source handler. Đây là contract envelope, không thay ca business của nhóm.","Đọc schema và guards của membershipCommand tại functions/src/membership.ts:49; tạo fixture tối thiểu theo nhóm MEM.
Invoke membershipCommand với identity/quyền hợp lệ và payload source-valid; snapshot response/DB state đã redact.
Invoke bằng input ngoài schema và identity/quyền không hợp lệ nếu handler yêu cầu; đối chiếu trước/sau.",Hợp lệ trả đúng projection/state theo source; invalid/unauthorized không mutate hoặc leak private data. Public callable giữ public-read semantics; action có financial/version/idempotency guards phải kiểm tra cùng ca module tương ứng.,"I1–I10 nếu áp dụng; API/read vs write/public vs private dựa source, không suy ra từ tên.","Độc lập: chạy với namespace sạch; biên/multiple variants trong steps phải có result con riêng, mọi variant pass mới PASS case.",functions/src/membership.ts,"tests/browser/release-api.spec.ts
tests/browser/release-crm-admin-positive030.spec.ts
tests/browser/release-crm-keyboard-zoom031.spec.ts
tests/browser/release-crm-presentation026.spec.ts
tests/browser/release-finance-privacy032.spec.ts
tests/browser/release-membership-plan-pagination034.spec.ts
tests/rules/crm-hardening.test.ts
tests/rules/membership.test.ts
tests/rules/remaining-authority026.test.ts
tests/rules/staff-role-array026.test.ts
tests/unit/ask-read-task-plan038.test.ts
tests/unit/ask-transport.test.ts
tests/unit/campaign-banners076.test.ts
tests/unit/content-editor-state.test.ts
tests/unit/finance-contextual.test.ts
tests/unit/membership-command.test.ts
tests/unit/membership-reminder-policy.test.ts
tests/unit/membership-term.test.ts",PROPOSED_TEST_ORACLE_SOURCE_REFERENCED_NOT_EXECUTED,NOT_RUN,,,,NONE,,,,
SG-API-041,endpoint-contract,SUP,readOrderConversation — onCall contract,P0,"customer, SUPPORT, assigned staff",HARNESS_LOCAL,"Ticket A/B; order A/B; private note and public message fixtures.; payload/schema cụ thể từ source handler. Đây là contract envelope, không thay ca business của nhóm.","Đọc schema và guards của readOrderConversation tại functions/src/order-conversation.ts:49; tạo fixture tối thiểu theo nhóm SUP.
Invoke readOrderConversation với identity/quyền hợp lệ và payload source-valid; snapshot response/DB state đã redact.
Invoke bằng input ngoài schema và identity/quyền không hợp lệ nếu handler yêu cầu; đối chiếu trước/sau.",Hợp lệ trả đúng projection/state theo source; invalid/unauthorized không mutate hoặc leak private data. Public callable giữ public-read semantics; action có financial/version/idempotency guards phải kiểm tra cùng ca module tương ứng.,"I1–I10 nếu áp dụng; API/read vs write/public vs private dựa source, không suy ra từ tên.","Độc lập: chạy với namespace sạch; biên/multiple variants trong steps phải có result con riêng, mọi variant pass mới PASS case.",functions/src/order-conversation.ts,"tests/browser/release-crm-keyboard-zoom031.spec.ts
tests/rules/conversation-role-array026.test.ts
tests/rules/order-conversation.test.ts
tests/unit/conversation-authority026.test.ts
tests/unit/order-conversation.test.ts",PROPOSED_TEST_ORACLE_SOURCE_REFERENCED_NOT_EXECUTED,NOT_RUN,,,,NONE,,,,
SG-API-042,endpoint-contract,SUP,orderConversationCommand — onCall contract,P0,"customer, SUPPORT, assigned staff",HARNESS_LOCAL,"Ticket A/B; order A/B; private note and public message fixtures.; payload/schema cụ thể từ source handler. Đây là contract envelope, không thay ca business của nhóm.","Đọc schema và guards của orderConversationCommand tại functions/src/order-conversation.ts:149; tạo fixture tối thiểu theo nhóm SUP.
Invoke orderConversationCommand với identity/quyền hợp lệ và payload source-valid; snapshot response/DB state đã redact.
Invoke bằng input ngoài schema và identity/quyền không hợp lệ nếu handler yêu cầu; đối chiếu trước/sau.",Hợp lệ trả đúng projection/state theo source; invalid/unauthorized không mutate hoặc leak private data. Public callable giữ public-read semantics; action có financial/version/idempotency guards phải kiểm tra cùng ca module tương ứng.,"I1–I10 nếu áp dụng; API/read vs write/public vs private dựa source, không suy ra từ tên.","Độc lập: chạy với namespace sạch; biên/multiple variants trong steps phải có result con riêng, mọi variant pass mới PASS case.",functions/src/order-conversation.ts,"tests/rules/conversation-role-array026.test.ts
tests/rules/order-conversation.test.ts
tests/unit/conversation-authority026.test.ts
tests/unit/order-conversation.test.ts",PROPOSED_TEST_ORACLE_SOURCE_REFERENCED_NOT_EXECUTED,NOT_RUN,,,,NONE,,,,
SG-API-043,endpoint-contract,HISTORY,orderHistory — onCall contract,P0,"customer own, operational roles theo handler",HARNESS_LOCAL,"Orders có quote, acceptance,payment,changes,shipment; audit events synthetic.; payload/schema cụ thể từ source handler. Đây là contract envelope, không thay ca business của nhóm.","Đọc schema và guards của orderHistory tại functions/src/order-history.ts:5; tạo fixture tối thiểu theo nhóm HISTORY.
Invoke orderHistory với identity/quyền hợp lệ và payload source-valid; snapshot response/DB state đã redact.
Invoke bằng input ngoài schema và identity/quyền không hợp lệ nếu handler yêu cầu; đối chiếu trước/sau.",Hợp lệ trả đúng projection/state theo source; invalid/unauthorized không mutate hoặc leak private data. Public callable giữ public-read semantics; action có financial/version/idempotency guards phải kiểm tra cùng ca module tương ứng.,"I1–I10 nếu áp dụng; API/read vs write/public vs private dựa source, không suy ra từ tên.","Độc lập: chạy với namespace sạch; biên/multiple variants trong steps phải có result con riêng, mọi variant pass mới PASS case.",functions/src/order-history.ts,"tests/browser/release-crm-keyboard-zoom031.spec.ts
tests/browser/release-finance-privacy032.spec.ts
tests/rules/private-read-authority026.test.ts
tests/rules/staff-role-array026.test.ts",PROPOSED_TEST_ORACLE_SOURCE_REFERENCED_NOT_EXECUTED,NOT_RUN,,,,NONE,,,,
SG-API-044,endpoint-contract,MEDIA,uploadOrderImage — onCall contract,P0,"customer, staff theo handler, CONTENT_EDITOR",HARNESS_LOCAL,"Ảnh synthetic JPEG/PNG/WebP hợp lệ, oversized, polyglot, metadata EXIF; parent published/draft.; payload/schema cụ thể từ source handler. Đây là contract envelope, không thay ca business của nhóm.","Đọc schema và guards của uploadOrderImage tại functions/src/order-media.ts:81; tạo fixture tối thiểu theo nhóm MEDIA.
Invoke uploadOrderImage với identity/quyền hợp lệ và payload source-valid; snapshot response/DB state đã redact.
Invoke bằng input ngoài schema và identity/quyền không hợp lệ nếu handler yêu cầu; đối chiếu trước/sau.",Hợp lệ trả đúng projection/state theo source; invalid/unauthorized không mutate hoặc leak private data. Public callable giữ public-read semantics; action có financial/version/idempotency guards phải kiểm tra cùng ca module tương ứng.,"I1–I10 nếu áp dụng; API/read vs write/public vs private dựa source, không suy ra từ tên.","Độc lập: chạy với namespace sạch; biên/multiple variants trong steps phải có result con riêng, mọi variant pass mới PASS case.",functions/src/order-media.ts,"tests/browser/release-ask-tracking-rates027.spec.ts
tests/browser/release-commerce-context058.spec.ts
tests/browser/release-hardening.spec.ts
tests/browser/release-image-disclosure-hardening.spec.ts
tests/rules/order-media.test.ts
tests/rules/staff-role-array026.test.ts",PROPOSED_TEST_ORACLE_SOURCE_REFERENCED_NOT_EXECUTED,NOT_RUN,,,,NONE,,,,
SG-API-045,endpoint-contract,MEDIA,listOrderImages — onCall contract,P0,"customer, staff theo handler, CONTENT_EDITOR",HARNESS_LOCAL,"Ảnh synthetic JPEG/PNG/WebP hợp lệ, oversized, polyglot, metadata EXIF; parent published/draft.; payload/schema cụ thể từ source handler. Đây là contract envelope, không thay ca business của nhóm.","Đọc schema và guards của listOrderImages tại functions/src/order-media.ts:199; tạo fixture tối thiểu theo nhóm MEDIA.
Invoke listOrderImages với identity/quyền hợp lệ và payload source-valid; snapshot response/DB state đã redact.
Invoke bằng input ngoài schema và identity/quyền không hợp lệ nếu handler yêu cầu; đối chiếu trước/sau.",Hợp lệ trả đúng projection/state theo source; invalid/unauthorized không mutate hoặc leak private data. Public callable giữ public-read semantics; action có financial/version/idempotency guards phải kiểm tra cùng ca module tương ứng.,"I1–I10 nếu áp dụng; API/read vs write/public vs private dựa source, không suy ra từ tên.","Độc lập: chạy với namespace sạch; biên/multiple variants trong steps phải có result con riêng, mọi variant pass mới PASS case.",functions/src/order-media.ts,"tests/browser/release-crm-keyboard-zoom031.spec.ts
tests/browser/release-hardening.spec.ts
tests/browser/release-image-disclosure-hardening.spec.ts
tests/rules/order-media.test.ts
tests/rules/staff-role-array026.test.ts",PROPOSED_TEST_ORACLE_SOURCE_REFERENCED_NOT_EXECUTED,NOT_RUN,,,,NONE,,,,
SG-API-046,endpoint-contract,MEDIA,readOrderImage — onCall contract,P0,"customer, staff theo handler, CONTENT_EDITOR",HARNESS_LOCAL,"Ảnh synthetic JPEG/PNG/WebP hợp lệ, oversized, polyglot, metadata EXIF; parent published/draft.; payload/schema cụ thể từ source handler. Đây là contract envelope, không thay ca business của nhóm.","Đọc schema và guards của readOrderImage tại functions/src/order-media.ts:227; tạo fixture tối thiểu theo nhóm MEDIA.
Invoke readOrderImage với identity/quyền hợp lệ và payload source-valid; snapshot response/DB state đã redact.
Invoke bằng input ngoài schema và identity/quyền không hợp lệ nếu handler yêu cầu; đối chiếu trước/sau.",Hợp lệ trả đúng projection/state theo source; invalid/unauthorized không mutate hoặc leak private data. Public callable giữ public-read semantics; action có financial/version/idempotency guards phải kiểm tra cùng ca module tương ứng.,"I1–I10 nếu áp dụng; API/read vs write/public vs private dựa source, không suy ra từ tên.","Độc lập: chạy với namespace sạch; biên/multiple variants trong steps phải có result con riêng, mọi variant pass mới PASS case.",functions/src/order-media.ts,"tests/browser/release-crm-keyboard-zoom031.spec.ts
tests/browser/release-hardening.spec.ts
tests/rules/order-media.test.ts
tests/rules/staff-role-array026.test.ts",PROPOSED_TEST_ORACLE_SOURCE_REFERENCED_NOT_EXECUTED,NOT_RUN,,,,NONE,,,,
SG-API-047,endpoint-contract,EMAIL,outboxCommand — onCall contract,P0,"OWNER, FINANCE, scheduled worker",HARNESS_LOCAL,"Synthetic outbox jobs pending/leased/sent/unknown/dead; fake mail adapter; email gate đóng.; payload/schema cụ thể từ source handler. Đây là contract envelope, không thay ca business của nhóm.","Đọc schema và guards của outboxCommand tại functions/src/outbox-command.ts:20; tạo fixture tối thiểu theo nhóm EMAIL.
Invoke outboxCommand với identity/quyền hợp lệ và payload source-valid; snapshot response/DB state đã redact.
Invoke bằng input ngoài schema và identity/quyền không hợp lệ nếu handler yêu cầu; đối chiếu trước/sau.",Hợp lệ trả đúng projection/state theo source; invalid/unauthorized không mutate hoặc leak private data. Public callable giữ public-read semantics; action có financial/version/idempotency guards phải kiểm tra cùng ca module tương ứng.,"I1–I10 nếu áp dụng; API/read vs write/public vs private dựa source, không suy ra từ tên.","Độc lập: chạy với namespace sạch; biên/multiple variants trong steps phải có result con riêng, mọi variant pass mới PASS case.",functions/src/outbox-command.ts,"tests/browser/release-crm-boundaries028.spec.ts
tests/browser/release-crm-hardening.spec.ts
tests/browser/release-crm-records026.spec.ts
tests/browser/release-finance-activity-positive031.spec.ts
tests/rules/email-delivery.test.ts
tests/rules/mutation-authority026.test.ts
tests/rules/staff-role-array026.test.ts",PROPOSED_TEST_ORACLE_SOURCE_REFERENCED_NOT_EXECUTED,NOT_RUN,,,,NONE,,,,
SG-API-048,endpoint-contract,PAY,createPaymentLink — onCall contract,P0,"customer, provider sandbox, FINANCE",HARNESS_LOCAL,"Catalog/custom order; fake provider adapter; release gate hiện đóng; bank fixture synthetic.; payload/schema cụ thể từ source handler. Đây là contract envelope, không thay ca business của nhóm.","Mở source functions/src/payments/payos.ts:160 và gate capability của createPaymentLink; chuẩn bị fixture đúng schema.
Invoke createPaymentLink trong local harness với gate đóng; ghi số lần network attempts.
Thử settings/client flag bật capability; so sánh trước/sau.","Gate code-owned chặn provider/spend; maintenance chỉ được chạy non-provider ở exact canonical demo. Không báo gửi/thanh toán/AI thành công từ fixture. Live provider branch BLOCKED, cần approval/candidate riêng.","I1–I10 nếu áp dụng; API/read vs write/public vs private dựa source, không suy ra từ tên.","Độc lập: chạy với namespace sạch; biên/multiple variants trong steps phải có result con riêng, mọi variant pass mới PASS case.",functions/src/payments/payos.ts,"tests/browser/release-ask-integration049.spec.ts
tests/browser/release-ask-product-content057.spec.ts
tests/browser/release-ask-timeline063.spec.ts
tests/browser/release-commerce-context058.spec.ts
tests/browser/release-finance-activity-positive031.spec.ts
tests/rules/ask-payment.test.ts
tests/rules/biz-hardening.test.ts
tests/rules/catalog-checkout.test.ts
tests/rules/catalog-payments.test.ts
tests/rules/server.test.ts
tests/unit/payos-signature.test.ts",PROPOSED_TEST_ORACLE_SOURCE_REFERENCED_NOT_EXECUTED,NOT_RUN,,,,NONE,,,,
SG-API-049,endpoint-contract,PAY,payosWebhook — onRequest contract,P0,"customer, provider sandbox, FINANCE",HARNESS_LOCAL,"Catalog/custom order; fake provider adapter; release gate hiện đóng; bank fixture synthetic.; payload/schema cụ thể từ source handler. Đây là contract envelope, không thay ca business của nhóm.","Mở source functions/src/payments/payos.ts:354 và gate capability của payosWebhook; chuẩn bị fixture đúng schema.
Invoke payosWebhook trong local harness với gate đóng; ghi số lần network attempts.
Thử settings/client flag bật capability; so sánh trước/sau.","Gate code-owned chặn provider/spend; maintenance chỉ được chạy non-provider ở exact canonical demo. Không báo gửi/thanh toán/AI thành công từ fixture. Live provider branch BLOCKED, cần approval/candidate riêng.","I1–I10 nếu áp dụng; API/read vs write/public vs private dựa source, không suy ra từ tên.","Độc lập: chạy với namespace sạch; biên/multiple variants trong steps phải có result con riêng, mọi variant pass mới PASS case.",functions/src/payments/payos.ts,"tests/browser/release-finance-activity-positive031.spec.ts
tests/rules/ask-payment.test.ts
tests/rules/biz-hardening.test.ts
tests/rules/catalog-checkout.test.ts
tests/rules/catalog-payments.test.ts
tests/rules/server.test.ts
tests/unit/payos-signature.test.ts",PROPOSED_TEST_ORACLE_SOURCE_REFERENCED_NOT_EXECUTED,NOT_RUN,,,,NONE,,,,
SG-API-050,endpoint-contract,PAY,reconcilePayments — onSchedule contract,P0,"customer, provider sandbox, FINANCE",HARNESS_LOCAL,"Catalog/custom order; fake provider adapter; release gate hiện đóng; bank fixture synthetic.; payload/schema cụ thể từ source handler. Đây là contract envelope, không thay ca business của nhóm.","Mở source functions/src/payments/payos.ts:375 và gate capability của reconcilePayments; chuẩn bị fixture đúng schema.
Invoke reconcilePayments trong local harness với gate đóng; ghi số lần network attempts.
Thử settings/client flag bật capability; so sánh trước/sau.","Gate code-owned chặn provider/spend; maintenance chỉ được chạy non-provider ở exact canonical demo. Không báo gửi/thanh toán/AI thành công từ fixture. Live provider branch BLOCKED, cần approval/candidate riêng.","I1–I10 nếu áp dụng; API/read vs write/public vs private dựa source, không suy ra từ tên.","Độc lập: chạy với namespace sạch; biên/multiple variants trong steps phải có result con riêng, mọi variant pass mới PASS case.",functions/src/payments/payos.ts,"tests/browser/release-finance-activity-positive031.spec.ts
tests/rules/ask-payment.test.ts
tests/rules/biz-hardening.test.ts
tests/rules/catalog-checkout.test.ts
tests/rules/catalog-payments.test.ts
tests/rules/server.test.ts
tests/unit/payos-signature.test.ts",PROPOSED_TEST_ORACLE_SOURCE_REFERENCED_NOT_EXECUTED,NOT_RUN,,,,NONE,,,,
SG-API-051,endpoint-contract,PUBLIC,publicPage — onRequest contract,P0,guest,HARNESS_LOCAL,"Published/draft/archived products/posts/pages; slug hợp lệ, không tồn tại; 3 trang dữ liệu.; payload/schema cụ thể từ source handler. Đây là contract envelope, không thay ca business của nhóm.","Tạo fixture Published/draft/archived products/posts/pages; slug hợp lệ, không tồn tại; 3 trang dữ liệu. cho HTTP handler publicPage.
Gửi request method/path/query hợp lệ lấy từ handler; đối chiếu status/content-type/body/caching.
Thử thiếu/sai input và parent bị unpublish/revoke nếu có parent; kiểm tra không lộ dữ liệu.","HTTP response và publication/share/media authority đúng source; input lỗi không leak nội dung. Không áp Google/AppCheck cho public HTTP nếu source không yêu cầu. Chứng minh bằng body/status và dữ liệu, không chỉ HTTP200.","I1–I10 nếu áp dụng; API/read vs write/public vs private dựa source, không suy ra từ tên.","Độc lập: chạy với namespace sạch; biên/multiple variants trong steps phải có result con riêng, mọi variant pass mới PASS case.",functions/src/public.ts,"tests/browser/release-api.spec.ts
tests/http/callable.mjs
tests/unit/release-preflight067.test.ts",PROPOSED_TEST_ORACLE_SOURCE_REFERENCED_NOT_EXECUTED,NOT_RUN,,,,NONE,,,,
SG-API-052,endpoint-contract,PUBLIC,publicDiscovery — onRequest contract,P0,guest,HARNESS_LOCAL,"Published/draft/archived products/posts/pages; slug hợp lệ, không tồn tại; 3 trang dữ liệu.; payload/schema cụ thể từ source handler. Đây là contract envelope, không thay ca business của nhóm.","Tạo fixture Published/draft/archived products/posts/pages; slug hợp lệ, không tồn tại; 3 trang dữ liệu. cho HTTP handler publicDiscovery.
Gửi request method/path/query hợp lệ lấy từ handler; đối chiếu status/content-type/body/caching.
Thử thiếu/sai input và parent bị unpublish/revoke nếu có parent; kiểm tra không lộ dữ liệu.","HTTP response và publication/share/media authority đúng source; input lỗi không leak nội dung. Không áp Google/AppCheck cho public HTTP nếu source không yêu cầu. Chứng minh bằng body/status và dữ liệu, không chỉ HTTP200.","I1–I10 nếu áp dụng; API/read vs write/public vs private dựa source, không suy ra từ tên.","Độc lập: chạy với namespace sạch; biên/multiple variants trong steps phải có result con riêng, mọi variant pass mới PASS case.",functions/src/public.ts,tests/unit/release-preflight067.test.ts,PROPOSED_TEST_ORACLE_SOURCE_REFERENCED_NOT_EXECUTED,NOT_RUN,,,,NONE,,,,
SG-API-053,endpoint-contract,REFUND,refundCommand — onCall contract,P0,"OWNER, FINANCE",HARNESS_LOCAL,"Order collected=100001 refunded=10000; pending reservation=20000.; payload/schema cụ thể từ source handler. Đây là contract envelope, không thay ca business của nhóm.","Đọc schema và guards của refundCommand tại functions/src/refunds.ts:11; tạo fixture tối thiểu theo nhóm REFUND.
Invoke refundCommand với identity/quyền hợp lệ và payload source-valid; snapshot response/DB state đã redact.
Invoke bằng input ngoài schema và identity/quyền không hợp lệ nếu handler yêu cầu; đối chiếu trước/sau.",Hợp lệ trả đúng projection/state theo source; invalid/unauthorized không mutate hoặc leak private data. Public callable giữ public-read semantics; action có financial/version/idempotency guards phải kiểm tra cùng ca module tương ứng.,"I1–I10 nếu áp dụng; API/read vs write/public vs private dựa source, không suy ra từ tên.","Độc lập: chạy với namespace sạch; biên/multiple variants trong steps phải có result con riêng, mọi variant pass mới PASS case.",functions/src/refunds.ts,"tests/browser/release-crm-keyboard-zoom031.spec.ts
tests/browser/release-crm-populated026.spec.ts
tests/browser/release-crm-presentation026.spec.ts
tests/browser/release-refund-cursor-regression033.spec.ts
tests/browser/release-refunds-positive028.spec.ts
tests/rules/mutation-authority026.test.ts
tests/rules/server.test.ts
tests/rules/shipping-lookup028.test.ts
tests/rules/staff-role-array026.test.ts
tests/unit/refunds-contextual.test.ts",PROPOSED_TEST_ORACLE_SOURCE_REFERENCED_NOT_EXECUTED,NOT_RUN,,,,NONE,,,,
SG-API-054,endpoint-contract,RETURN,returnCommand — onCall contract,P0,"WAREHOUSE, OWNER, OPERATIONS_MANAGER",HARNESS_LOCAL,"Parcel returned; inspected/uninspected return fixtures; quantity lineage.; payload/schema cụ thể từ source handler. Đây là contract envelope, không thay ca business của nhóm.","Đọc schema và guards của returnCommand tại functions/src/returns.ts:18; tạo fixture tối thiểu theo nhóm RETURN.
Invoke returnCommand với identity/quyền hợp lệ và payload source-valid; snapshot response/DB state đã redact.
Invoke bằng input ngoài schema và identity/quyền không hợp lệ nếu handler yêu cầu; đối chiếu trước/sau.",Hợp lệ trả đúng projection/state theo source; invalid/unauthorized không mutate hoặc leak private data. Public callable giữ public-read semantics; action có financial/version/idempotency guards phải kiểm tra cùng ca module tương ứng.,"I1–I10 nếu áp dụng; API/read vs write/public vs private dựa source, không suy ra từ tên.","Độc lập: chạy với namespace sạch; biên/multiple variants trong steps phải có result con riêng, mọi variant pass mới PASS case.",functions/src/returns.ts,"tests/browser/release-crm-keyboard-zoom031.spec.ts
tests/browser/release-crm-populated026.spec.ts
tests/browser/release-crm-presentation026.spec.ts
tests/browser/release-returns028.spec.ts
tests/rules/backend-authority-hardening.test.ts
tests/rules/server.test.ts
tests/rules/staff-role-array026.test.ts
tests/unit/returns-contextual.test.ts",PROPOSED_TEST_ORACLE_SOURCE_REFERENCED_NOT_EXECUTED,NOT_RUN,,,,NONE,,,,
SG-API-055,endpoint-contract,RATES,shippingRatesPublic — onCall contract,P0,"guest/customer reads, OWNER admin",HARNESS_LOCAL,"Reference/published/unavailable rate snapshots; VN_US, US_VN; vietnam,texas_cali,oregon.; payload/schema cụ thể từ source handler. Đây là contract envelope, không thay ca business của nhóm.","Đọc schema và guards của shippingRatesPublic tại functions/src/shipping-rates.ts:76; tạo fixture tối thiểu theo nhóm RATES.
Invoke shippingRatesPublic với identity/quyền hợp lệ và payload source-valid; snapshot response/DB state đã redact.
Invoke bằng input ngoài schema và identity/quyền không hợp lệ nếu handler yêu cầu; đối chiếu trước/sau.",Hợp lệ trả đúng projection/state theo source; invalid/unauthorized không mutate hoặc leak private data. Public callable giữ public-read semantics; action có financial/version/idempotency guards phải kiểm tra cùng ca module tương ứng.,"I1–I10 nếu áp dụng; API/read vs write/public vs private dựa source, không suy ra từ tên.","Độc lập: chạy với namespace sạch; biên/multiple variants trong steps phải có result con riêng, mọi variant pass mới PASS case.",functions/src/shipping-rates.ts,"tests/browser/ask-integration-owned049.ts
tests/browser/owned-commerce058.ts
tests/browser/release-ask-integration049.spec.ts
tests/browser/release-ask-product-content057.spec.ts
tests/browser/release-ask-timeline063.spec.ts
tests/browser/release-ask-tracking-rates027.spec.ts
tests/browser/release-commerce-context058.spec.ts
tests/browser/release-crm-keyboard-zoom031.spec.ts
tests/browser/release-fees-editor027.spec.ts
tests/browser/release-read-recovery027.spec.ts
tests/rules/shipping-rates027.test.ts
tests/unit/shipping-rates027.test.ts",PROPOSED_TEST_ORACLE_SOURCE_REFERENCED_NOT_EXECUTED,NOT_RUN,,,,NONE,,,,
SG-API-056,endpoint-contract,RATES,shippingRatesAdmin — onCall contract,P0,"guest/customer reads, OWNER admin",HARNESS_LOCAL,"Reference/published/unavailable rate snapshots; VN_US, US_VN; vietnam,texas_cali,oregon.; payload/schema cụ thể từ source handler. Đây là contract envelope, không thay ca business của nhóm.","Đọc schema và guards của shippingRatesAdmin tại functions/src/shipping-rates.ts:82; tạo fixture tối thiểu theo nhóm RATES.
Invoke shippingRatesAdmin với identity/quyền hợp lệ và payload source-valid; snapshot response/DB state đã redact.
Invoke bằng input ngoài schema và identity/quyền không hợp lệ nếu handler yêu cầu; đối chiếu trước/sau.",Hợp lệ trả đúng projection/state theo source; invalid/unauthorized không mutate hoặc leak private data. Public callable giữ public-read semantics; action có financial/version/idempotency guards phải kiểm tra cùng ca module tương ứng.,"I1–I10 nếu áp dụng; API/read vs write/public vs private dựa source, không suy ra từ tên.","Độc lập: chạy với namespace sạch; biên/multiple variants trong steps phải có result con riêng, mọi variant pass mới PASS case.",functions/src/shipping-rates.ts,"tests/browser/ask-integration-owned049.ts
tests/browser/owned-commerce058.ts
tests/browser/release-ask-integration049.spec.ts
tests/browser/release-ask-product-content057.spec.ts
tests/browser/release-ask-timeline063.spec.ts
tests/browser/release-ask-tracking-rates027.spec.ts
tests/browser/release-commerce-context058.spec.ts
tests/browser/release-crm-keyboard-zoom031.spec.ts
tests/browser/release-fees-editor027.spec.ts
tests/rules/shipping-rates027.test.ts
tests/unit/shipping-rates027.test.ts",PROPOSED_TEST_ORACLE_SOURCE_REFERENCED_NOT_EXECUTED,NOT_RUN,,,,NONE,,,,
SG-API-057,endpoint-contract,SHIP,shippingCommand — onCall contract,P0,"WAREHOUSE, OPERATIONS_MANAGER, customer",HARNESS_LOCAL,"Order lines=[2,3] đủ mua/nhận; parcel P1/P2; timeline synthetic.; payload/schema cụ thể từ source handler. Đây là contract envelope, không thay ca business của nhóm.","Đọc schema và guards của shippingCommand tại functions/src/shipping.ts:22; tạo fixture tối thiểu theo nhóm SHIP.
Invoke shippingCommand với identity/quyền hợp lệ và payload source-valid; snapshot response/DB state đã redact.
Invoke bằng input ngoài schema và identity/quyền không hợp lệ nếu handler yêu cầu; đối chiếu trước/sau.",Hợp lệ trả đúng projection/state theo source; invalid/unauthorized không mutate hoặc leak private data. Public callable giữ public-read semantics; action có financial/version/idempotency guards phải kiểm tra cùng ca module tương ứng.,"I1–I10 nếu áp dụng; API/read vs write/public vs private dựa source, không suy ra từ tên.","Độc lập: chạy với namespace sạch; biên/multiple variants trong steps phải có result con riêng, mọi variant pass mới PASS case.",functions/src/shipping.ts,"tests/browser/release-crm-keyboard-zoom031.spec.ts
tests/browser/release-crm-populated026.spec.ts
tests/browser/release-crm-presentation026.spec.ts
tests/browser/release-package-batch-positive028.spec.ts
tests/rules/manual-delivery-estimate064.test.ts
tests/rules/remaining-authority026.test.ts
tests/rules/server.test.ts
tests/rules/shipping-lookup028.test.ts
tests/rules/shipping-rates027.test.ts
tests/rules/staff-role-array026.test.ts
tests/unit/consolidation.test.ts
tests/unit/domain.test.ts
tests/unit/manual-delivery-estimate064.test.ts
tests/unit/shipping-contextual.test.ts
tests/unit/shipping-question027.test.ts
tests/unit/shipping-queue028.test.ts
tests/unit/shipping-rates027.test.ts
tests/unit/shipping.test.ts",PROPOSED_TEST_ORACLE_SOURCE_REFERENCED_NOT_EXECUTED,NOT_RUN,,,,NONE,,,,
SG-API-058,endpoint-contract,PROFILE,listWork — onCall contract,P0,customer A/B,HARNESS_LOCAL,"A có profile/address; B profile khác; recipient attached order fixture.; payload/schema cụ thể từ source handler. Đây là contract envelope, không thay ca business của nhóm.","Đọc schema và guards của listWork tại functions/src/workspace.ts:22; tạo fixture tối thiểu theo nhóm PROFILE.
Invoke listWork với identity/quyền hợp lệ và payload source-valid; snapshot response/DB state đã redact.
Invoke bằng input ngoài schema và identity/quyền không hợp lệ nếu handler yêu cầu; đối chiếu trước/sau.",Hợp lệ trả đúng projection/state theo source; invalid/unauthorized không mutate hoặc leak private data. Public callable giữ public-read semantics; action có financial/version/idempotency guards phải kiểm tra cùng ca module tương ứng.,"I1–I10 nếu áp dụng; API/read vs write/public vs private dựa source, không suy ra từ tên.","Độc lập: chạy với namespace sạch; biên/multiple variants trong steps phải có result con riêng, mọi variant pass mới PASS case.",functions/src/workspace.ts,"tests/browser/release-changequeue026.spec.ts
tests/browser/release-crm-admin-positive030.spec.ts
tests/browser/release-crm-boundaries028.spec.ts
tests/browser/release-crm-hardening.spec.ts
tests/browser/release-crm-keyboard-zoom031.spec.ts
tests/browser/release-crm-records026.spec.ts
tests/browser/release-crm-ux028.spec.ts
tests/browser/release-finance-privacy032.spec.ts
tests/browser/release-hardening.spec.ts
tests/browser/release-membership-plan-pagination034.spec.ts
tests/browser/release-package-batch-positive028.spec.ts
tests/browser/release-public-support-cas028.spec.ts
tests/browser/release-refund-cursor-regression033.spec.ts
tests/browser/release-refunds-positive028.spec.ts
tests/browser/release-sanity.spec.ts
tests/rules/changequeue026.test.ts
tests/rules/crm-boundaries028.test.ts
tests/rules/server.test.ts
tests/rules/shipping-lookup028.test.ts
tests/rules/staff-role-array026.test.ts
tests/rules/workspace-authority-hardening.test.ts
tests/unit/shipping-queue028.test.ts",PROPOSED_TEST_ORACLE_SOURCE_REFERENCED_NOT_EXECUTED,NOT_RUN,,,,NONE,,,,
SG-API-059,endpoint-contract,PROFILE,workspaceCommand — onCall contract,P0,customer A/B,HARNESS_LOCAL,"A có profile/address; B profile khác; recipient attached order fixture.; payload/schema cụ thể từ source handler. Đây là contract envelope, không thay ca business của nhóm.","Đọc schema và guards của workspaceCommand tại functions/src/workspace.ts:298; tạo fixture tối thiểu theo nhóm PROFILE.
Invoke workspaceCommand với identity/quyền hợp lệ và payload source-valid; snapshot response/DB state đã redact.
Invoke bằng input ngoài schema và identity/quyền không hợp lệ nếu handler yêu cầu; đối chiếu trước/sau.",Hợp lệ trả đúng projection/state theo source; invalid/unauthorized không mutate hoặc leak private data. Public callable giữ public-read semantics; action có financial/version/idempotency guards phải kiểm tra cùng ca module tương ứng.,"I1–I10 nếu áp dụng; API/read vs write/public vs private dựa source, không suy ra từ tên.","Độc lập: chạy với namespace sạch; biên/multiple variants trong steps phải có result con riêng, mọi variant pass mới PASS case.",functions/src/workspace.ts,"tests/browser/release-accessibility.spec.ts
tests/browser/release-api.spec.ts
tests/browser/release-ask-hydration026.spec.ts
tests/browser/release-ask-support-entry.spec.ts
tests/browser/release-ask-taskflow.spec.ts
tests/browser/release-crm-admin-positive030.spec.ts
tests/browser/release-crm-boundaries028.spec.ts
tests/browser/release-crm-populated026.spec.ts
tests/browser/release-crm-presentation026.spec.ts
tests/browser/release-crm-records026.spec.ts
tests/browser/release-crm-recovery028.spec.ts
tests/browser/release-hardening.spec.ts
tests/browser/release-membership-plan-pagination034.spec.ts
tests/browser/release-public-support-cas028.spec.ts
tests/browser/release-staff-target026.spec.ts
tests/browser/release-support028.spec.ts
tests/rules/catalog-checkout.test.ts
tests/rules/crm-boundaries028.test.ts
tests/rules/public-products.test.ts
tests/rules/server.test.ts
tests/rules/staff-role-array026.test.ts
tests/rules/workspace-authority026.test.ts
tests/rules/workspace-version026.test.ts",PROPOSED_TEST_ORACLE_SOURCE_REFERENCED_NOT_EXECUTED,NOT_RUN,,,,NONE,,,,
SG-API-060,endpoint-contract,PROFILE,readOwnerConfiguration — onCall contract,P0,customer A/B,HARNESS_LOCAL,"A có profile/address; B profile khác; recipient attached order fixture.; payload/schema cụ thể từ source handler. Đây là contract envelope, không thay ca business của nhóm.","Đọc schema và guards của readOwnerConfiguration tại functions/src/workspace.ts:730; tạo fixture tối thiểu theo nhóm PROFILE.
Invoke readOwnerConfiguration với identity/quyền hợp lệ và payload source-valid; snapshot response/DB state đã redact.
Invoke bằng input ngoài schema và identity/quyền không hợp lệ nếu handler yêu cầu; đối chiếu trước/sau.",Hợp lệ trả đúng projection/state theo source; invalid/unauthorized không mutate hoặc leak private data. Public callable giữ public-read semantics; action có financial/version/idempotency guards phải kiểm tra cùng ca module tương ứng.,"I1–I10 nếu áp dụng; API/read vs write/public vs private dựa source, không suy ra từ tên.","Độc lập: chạy với namespace sạch; biên/multiple variants trong steps phải có result con riêng, mọi variant pass mới PASS case.",functions/src/workspace.ts,"tests/browser/release-crm-admin-positive030.spec.ts
tests/browser/release-crm-keyboard-zoom031.spec.ts
tests/browser/release-crm-records026.spec.ts
tests/rules/staff-role-array026.test.ts
tests/rules/workspace-authority026.test.ts",PROPOSED_TEST_ORACLE_SOURCE_REFERENCED_NOT_EXECUTED,NOT_RUN,,,,NONE,,,,
SG-API-061,endpoint-contract,PROFILE,ticketMessages — onCall contract,P0,customer A/B,HARNESS_LOCAL,"A có profile/address; B profile khác; recipient attached order fixture.; payload/schema cụ thể từ source handler. Đây là contract envelope, không thay ca business của nhóm.","Đọc schema và guards của ticketMessages tại functions/src/workspace.ts:762; tạo fixture tối thiểu theo nhóm PROFILE.
Invoke ticketMessages với identity/quyền hợp lệ và payload source-valid; snapshot response/DB state đã redact.
Invoke bằng input ngoài schema và identity/quyền không hợp lệ nếu handler yêu cầu; đối chiếu trước/sau.",Hợp lệ trả đúng projection/state theo source; invalid/unauthorized không mutate hoặc leak private data. Public callable giữ public-read semantics; action có financial/version/idempotency guards phải kiểm tra cùng ca module tương ứng.,"I1–I10 nếu áp dụng; API/read vs write/public vs private dựa source, không suy ra từ tên.","Độc lập: chạy với namespace sạch; biên/multiple variants trong steps phải có result con riêng, mọi variant pass mới PASS case.",functions/src/workspace.ts,"tests/browser/release-crm-keyboard-zoom031.spec.ts
tests/browser/release-public-support-cas028.spec.ts
tests/browser/release-support028.spec.ts
tests/rules/staff-role-array026.test.ts
tests/rules/ticket-messages-hardening.test.ts",PROPOSED_TEST_ORACLE_SOURCE_REFERENCED_NOT_EXECUTED,NOT_RUN,,,,NONE,,,,
SG-API-062,endpoint-contract,PROFILE,readStaffAccess — onCall contract,P0,customer A/B,HARNESS_LOCAL,"A có profile/address; B profile khác; recipient attached order fixture.; payload/schema cụ thể từ source handler. Đây là contract envelope, không thay ca business của nhóm.","Đọc schema và guards của readStaffAccess tại functions/src/workspace.ts:810; tạo fixture tối thiểu theo nhóm PROFILE.
Invoke readStaffAccess với identity/quyền hợp lệ và payload source-valid; snapshot response/DB state đã redact.
Invoke bằng input ngoài schema và identity/quyền không hợp lệ nếu handler yêu cầu; đối chiếu trước/sau.",Hợp lệ trả đúng projection/state theo source; invalid/unauthorized không mutate hoặc leak private data. Public callable giữ public-read semantics; action có financial/version/idempotency guards phải kiểm tra cùng ca module tương ứng.,"I1–I10 nếu áp dụng; API/read vs write/public vs private dựa source, không suy ra từ tên.","Độc lập: chạy với namespace sạch; biên/multiple variants trong steps phải có result con riêng, mọi variant pass mới PASS case.",functions/src/workspace.ts,"tests/browser/release-crm-admin-positive030.spec.ts
tests/browser/release-crm-keyboard-zoom031.spec.ts
tests/browser/release-staff-target026.spec.ts
tests/rules/crm-boundaries028.test.ts
tests/rules/staff-role-array026.test.ts
tests/rules/workspace-authority026.test.ts",PROPOSED_TEST_ORACLE_SOURCE_REFERENCED_NOT_EXECUTED,NOT_RUN,,,,NONE,,,,
SG-API-063,endpoint-contract,PROFILE,readOrderOperations — onCall contract,P0,customer A/B,HARNESS_LOCAL,"A có profile/address; B profile khác; recipient attached order fixture.; payload/schema cụ thể từ source handler. Đây là contract envelope, không thay ca business của nhóm.","Đọc schema và guards của readOrderOperations tại functions/src/workspace.ts:849; tạo fixture tối thiểu theo nhóm PROFILE.
Invoke readOrderOperations với identity/quyền hợp lệ và payload source-valid; snapshot response/DB state đã redact.
Invoke bằng input ngoài schema và identity/quyền không hợp lệ nếu handler yêu cầu; đối chiếu trước/sau.",Hợp lệ trả đúng projection/state theo source; invalid/unauthorized không mutate hoặc leak private data. Public callable giữ public-read semantics; action có financial/version/idempotency guards phải kiểm tra cùng ca module tương ứng.,"I1–I10 nếu áp dụng; API/read vs write/public vs private dựa source, không suy ra từ tên.","Độc lập: chạy với namespace sạch; biên/multiple variants trong steps phải có result con riêng, mọi variant pass mới PASS case.",functions/src/workspace.ts,"tests/browser/release-api.spec.ts
tests/browser/release-crm-keyboard-zoom031.spec.ts
tests/rules/server.test.ts
tests/rules/staff-role-array026.test.ts
tests/rules/workspace-authority026.test.ts",PROPOSED_TEST_ORACLE_SOURCE_REFERENCED_NOT_EXECUTED,NOT_RUN,,,,NONE,,,,
